trend_id,site,category_id,category_name,date,search_index,sales_index,competition_index,average_price,growth_rate,is_mock_data
TREND0000001,Singapore,CAT001,Consumer Electronics,2026-05-01,39.80,33.80,28.90,35.53,0.000000,true
TREND0000002,Singapore,CAT001,Consumer Electronics,2026-05-02,40.88,34.75,29.09,35.56,0.027029,true
TREND0000003,Singapore,CAT001,Consumer Electronics,2026-05-03,38.63,32.37,27.62,35.59,-0.055002,true
TREND0000004,Singapore,CAT001,Consumer Electronics,2026-05-04,40.69,34.30,28.31,35.62,0.053410,true
TREND0000005,Singapore,CAT001,Consumer Electronics,2026-05-05,42.54,36.02,28.89,35.64,0.045544,true
TREND0000006,Singapore,CAT001,Consumer Electronics,2026-05-06,42.69,36.04,28.62,35.67,0.003401,true
TREND0000007,Singapore,CAT001,Consumer Electronics,2026-05-07,41.25,34.47,27.56,35.70,-0.033705,true
TREND0000008,Singapore,CAT001,Consumer Electronics,2026-05-08,45.02,38.11,29.10,35.73,0.091412,true
TREND0000009,Singapore,CAT001,Consumer Electronics,2026-05-09,43.56,36.52,28.02,35.76,-0.032409,true
TREND0000010,Singapore,CAT001,Consumer Electronics,2026-05-10,43.34,36.17,27.57,35.79,-0.005019,true
TREND0000011,Singapore,CAT001,Consumer Electronics,2026-05-11,44.73,37.43,27.92,35.81,0.032014,true
TREND0000012,Singapore,CAT001,Consumer Electronics,2026-05-12,48.11,40.68,29.26,35.84,0.075492,true
TREND0000013,Singapore,CAT001,Consumer Electronics,2026-05-13,50.09,42.53,29.90,35.87,0.041120,true
TREND0000014,Singapore,CAT001,Consumer Electronics,2026-05-14,50.82,43.13,29.93,35.90,0.014662,true
TREND0000015,Singapore,CAT001,Consumer Electronics,2026-05-15,49.55,41.73,28.94,35.93,-0.025021,true
TREND0000016,Singapore,CAT001,Consumer Electronics,2026-05-16,51.75,43.80,29.70,35.96,0.044456,true
TREND0000017,Singapore,CAT001,Consumer Electronics,2026-05-17,50.13,42.05,28.55,35.98,-0.031326,true
TREND0000018,Singapore,CAT001,Consumer Electronics,2026-05-18,53.20,44.99,29.74,36.01,0.061329,true
TREND0000019,Singapore,CAT001,Consumer Electronics,2026-05-19,54.22,45.88,29.90,36.04,0.019169,true
TREND0000020,Singapore,CAT001,Consumer Electronics,2026-05-20,52.80,44.33,28.85,36.07,-0.026268,true
TREND0000021,Singapore,CAT001,Consumer Electronics,2026-05-21,55.45,46.85,29.83,36.10,0.050250,true
TREND0000022,Singapore,CAT001,Consumer Electronics,2026-05-22,56.87,48.14,30.19,36.13,0.025599,true
TREND0000023,Singapore,CAT001,Consumer Electronics,2026-05-23,56.65,47.79,29.73,36.16,-0.003977,true
TREND0000024,Singapore,CAT001,Consumer Electronics,2026-05-24,59.57,50.58,30.85,36.18,0.051655,true
TREND0000025,Singapore,CAT001,Consumer Electronics,2026-05-25,59.53,50.41,30.49,36.21,-0.000671,true
TREND0000026,Singapore,CAT001,Consumer Electronics,2026-05-26,57.51,48.26,29.13,36.24,-0.033923,true
TREND0000027,Singapore,CAT001,Consumer Electronics,2026-05-27,59.51,50.13,29.78,36.27,0.034703,true
TREND0000028,Singapore,CAT001,Consumer Electronics,2026-05-28,58.79,49.28,29.08,36.30,-0.012041,true
TREND0000029,Singapore,CAT001,Consumer Electronics,2026-05-29,61.86,52.22,30.27,36.33,0.052212,true
TREND0000030,Singapore,CAT001,Consumer Electronics,2026-05-30,64.59,54.82,31.29,36.35,0.044077,true
TREND0000031,Singapore,CAT001,Consumer Electronics,2026-05-31,64.91,55.01,31.11,36.38,0.005041,true
TREND0000032,Singapore,CAT001,Consumer Electronics,2026-06-01,66.55,56.52,31.58,36.41,0.025158,true
TREND0000033,Singapore,CAT001,Consumer Electronics,2026-06-02,64.71,54.55,30.31,36.44,-0.027646,true
TREND0000034,Singapore,CAT001,Consumer Electronics,2026-06-03,68.19,57.90,31.71,36.47,0.053859,true
TREND0000035,Singapore,CAT001,Consumer Electronics,2026-06-04,68.35,57.93,31.44,36.50,0.002244,true
TREND0000036,Singapore,CAT001,Consumer Electronics,2026-06-05,68.23,57.68,31.04,36.52,-0.001668,true
TREND0000037,Singapore,CAT001,Consumer Electronics,2026-06-06,68.18,57.50,30.67,36.55,-0.000759,true
TREND0000038,Singapore,CAT001,Consumer Electronics,2026-06-07,67.81,57.00,30.14,36.58,-0.005414,true
TREND0000039,Singapore,CAT001,Consumer Electronics,2026-06-08,70.16,59.22,30.97,36.61,0.034653,true
TREND0000040,Singapore,CAT001,Consumer Electronics,2026-06-09,73.26,62.19,32.18,36.64,0.044235,true
TREND0000041,Singapore,CAT001,Consumer Electronics,2026-06-10,73.50,62.30,31.95,36.67,0.003216,true
TREND0000042,Singapore,CAT001,Consumer Electronics,2026-06-11,71.95,60.62,30.83,36.70,-0.021089,true
TREND0000043,Singapore,CAT001,Consumer Electronics,2026-06-12,72.08,60.62,30.55,36.72,0.001836,true
TREND0000044,Singapore,CAT001,Consumer Electronics,2026-06-13,72.48,60.89,30.41,36.75,0.005538,true
TREND0000045,Singapore,CAT001,Consumer Electronics,2026-06-14,75.76,64.04,31.70,36.78,0.045274,true
TREND0000046,Singapore,CAT001,Consumer Electronics,2026-06-15,78.57,66.72,32.76,36.81,0.036988,true
TREND0000047,Singapore,CAT001,Consumer Electronics,2026-06-16,79.52,67.54,32.89,36.84,0.012138,true
TREND0000048,Singapore,CAT001,Consumer Electronics,2026-06-17,77.73,65.62,31.65,36.87,-0.022453,true
TREND0000049,Singapore,CAT001,Consumer Electronics,2026-06-18,79.63,67.39,32.25,36.89,0.024358,true
TREND0000050,Singapore,CAT001,Consumer Electronics,2026-06-19,79.09,66.72,31.64,36.92,-0.006740,true
TREND0000051,Singapore,CAT001,Consumer Electronics,2026-06-20,80.66,68.16,32.08,36.95,0.019846,true
TREND0000052,Singapore,CAT001,Consumer Electronics,2026-06-21,79.97,67.34,31.39,36.98,-0.008587,true
TREND0000053,Singapore,CAT001,Consumer Electronics,2026-06-22,81.81,69.05,31.96,37.01,0.022990,true
TREND0000054,Singapore,CAT001,Consumer Electronics,2026-06-23,84.01,71.12,32.72,37.04,0.026939,true
TREND0000055,Singapore,CAT001,Consumer Electronics,2026-06-24,85.55,72.53,33.15,37.06,0.018350,true
TREND0000056,Singapore,CAT001,Consumer Electronics,2026-06-25,87.16,74.01,33.60,37.09,0.018770,true
TREND0000057,Singapore,CAT001,Consumer Electronics,2026-06-26,87.04,73.76,33.20,37.12,-0.001309,true
TREND0000058,Singapore,CAT001,Consumer Electronics,2026-06-27,87.34,73.93,33.01,37.15,0.003460,true
TREND0000059,Singapore,CAT001,Consumer Electronics,2026-06-28,89.09,75.55,33.53,37.18,0.019957,true
TREND0000060,Singapore,CAT001,Consumer Electronics,2026-06-29,87.63,73.96,32.46,37.21,-0.016388,true
TREND0000061,Singapore,CAT002,Home & Living,2026-05-01,78.86,82.86,84.00,75.63,0.000000,true
TREND0000062,Singapore,CAT002,Home & Living,2026-05-02,79.77,83.41,84.43,75.78,0.011523,true
TREND0000063,Singapore,CAT002,Home & Living,2026-05-03,79.56,82.86,84.85,75.93,-0.002682,true
TREND0000064,Singapore,CAT002,Home & Living,2026-05-04,82.22,85.23,85.25,76.08,0.033501,true
TREND0000065,Singapore,CAT002,Home & Living,2026-05-05,80.05,82.84,85.62,76.22,-0.026454,true
TREND0000066,Singapore,CAT002,Home & Living,2026-05-06,83.31,85.96,85.97,76.36,0.040748,true
TREND0000067,Singapore,CAT002,Home & Living,2026-05-07,83.88,86.50,86.27,76.48,0.006887,true
TREND0000068,Singapore,CAT002,Home & Living,2026-05-08,86.27,88.95,86.52,76.60,0.028420,true
TREND0000069,Singapore,CAT002,Home & Living,2026-05-09,84.08,86.95,86.73,76.72,-0.025324,true
TREND0000070,Singapore,CAT002,Home & Living,2026-05-10,84.56,87.71,86.88,76.81,0.005679,true
TREND0000071,Singapore,CAT002,Home & Living,2026-05-11,82.80,86.32,86.97,76.90,-0.020811,true
TREND0000072,Singapore,CAT002,Home & Living,2026-05-12,82.81,86.79,87.00,76.98,0.000160,true
TREND0000073,Singapore,CAT002,Home & Living,2026-05-13,81.12,85.62,86.97,77.04,-0.020410,true
TREND0000074,Singapore,CAT002,Home & Living,2026-05-14,80.65,85.70,86.88,77.09,-0.005818,true
TREND0000075,Singapore,CAT002,Home & Living,2026-05-15,82.03,87.63,86.73,77.12,0.017041,true
TREND0000076,Singapore,CAT002,Home & Living,2026-05-16,79.68,85.83,86.52,77.14,-0.028604,true
TREND0000077,Singapore,CAT002,Home & Living,2026-05-17,79.15,85.79,86.27,77.14,-0.006621,true
TREND0000078,Singapore,CAT002,Home & Living,2026-05-18,77.26,84.31,85.96,77.13,-0.023876,true
TREND0000079,Singapore,CAT002,Home & Living,2026-05-19,73.60,80.96,85.62,77.10,-0.047470,true
TREND0000080,Singapore,CAT002,Home & Living,2026-05-20,73.32,80.86,85.24,77.06,-0.003762,true
TREND0000081,Singapore,CAT002,Home & Living,2026-05-21,75.64,83.23,84.84,77.01,0.031652,true
TREND0000082,Singapore,CAT002,Home & Living,2026-05-22,73.36,80.83,84.42,76.94,-0.030188,true
TREND0000083,Singapore,CAT002,Home & Living,2026-05-23,74.20,81.40,84.00,76.85,0.011502,true
TREND0000084,Singapore,CAT002,Home & Living,2026-05-24,72.91,79.68,83.57,76.76,-0.017357,true
TREND0000085,Singapore,CAT002,Home & Living,2026-05-25,72.88,79.07,83.15,76.65,-0.000428,true
TREND0000086,Singapore,CAT002,Home & Living,2026-05-26,70.77,76.25,82.75,76.54,-0.029002,true
TREND0000087,Singapore,CAT002,Home & Living,2026-05-27,73.24,77.89,82.37,76.41,0.034886,true
TREND0000088,Singapore,CAT002,Home & Living,2026-05-28,72.86,76.61,82.03,76.28,-0.005135,true
TREND0000089,Singapore,CAT002,Home & Living,2026-05-29,74.53,77.33,81.73,76.14,0.022979,true
TREND0000090,Singapore,CAT002,Home & Living,2026-05-30,76.58,78.41,81.47,75.99,0.027487,true
TREND0000091,Singapore,CAT002,Home & Living,2026-05-31,74.05,74.94,81.27,75.84,-0.033011,true
TREND0000092,Singapore,CAT002,Home & Living,2026-06-01,76.04,76.04,81.12,75.69,0.026763,true
TREND0000093,Singapore,CAT002,Home & Living,2026-06-02,80.24,79.48,81.03,75.54,0.055323,true
TREND0000094,Singapore,CAT002,Home & Living,2026-06-03,78.51,77.11,81.00,75.39,-0.021580,true
TREND0000095,Singapore,CAT002,Home & Living,2026-06-04,81.60,79.74,81.03,75.24,0.039305,true
TREND0000096,Singapore,CAT002,Home & Living,2026-06-05,83.86,81.74,81.12,75.10,0.027674,true
TREND0000097,Singapore,CAT002,Home & Living,2026-06-06,83.19,81.03,81.27,74.96,-0.007934,true
TREND0000098,Singapore,CAT002,Home & Living,2026-06-07,85.70,83.72,81.48,74.83,0.030114,true
TREND0000099,Singapore,CAT002,Home & Living,2026-06-08,84.67,83.12,81.74,74.70,-0.011935,true
TREND0000100,Singapore,CAT002,Home & Living,2026-06-09,84.24,83.32,82.04,74.59,-0.005137,true
TREND0000101,Singapore,CAT002,Home & Living,2026-06-10,85.44,85.38,82.38,74.49,0.014287,true
TREND0000102,Singapore,CAT002,Home & Living,2026-06-11,84.21,85.18,82.76,74.39,-0.014423,true
TREND0000103,Singapore,CAT002,Home & Living,2026-06-12,83.21,85.37,83.16,74.31,-0.011806,true
TREND0000104,Singapore,CAT002,Home & Living,2026-06-13,83.06,86.52,83.58,74.24,-0.001857,true
TREND0000105,Singapore,CAT002,Home & Living,2026-06-14,80.06,84.89,84.01,74.19,-0.036076,true
TREND0000106,Singapore,CAT002,Home & Living,2026-06-15,82.24,88.46,84.43,74.15,0.027192,true
TREND0000107,Singapore,CAT002,Home & Living,2026-06-16,77.98,85.56,84.85,74.13,-0.051796,true
TREND0000108,Singapore,CAT002,Home & Living,2026-06-17,78.07,86.92,85.25,74.12,0.001095,true
TREND0000109,Singapore,CAT002,Home & Living,2026-06-18,77.59,87.58,85.63,74.12,-0.006159,true
TREND0000110,Singapore,CAT002,Home & Living,2026-06-19,73.73,84.69,85.97,74.14,-0.049695,true
TREND0000111,Singapore,CAT002,Home & Living,2026-06-20,75.40,87.10,86.27,74.18,0.022647,true
TREND0000112,Singapore,CAT002,Home & Living,2026-06-21,75.77,87.96,86.53,74.23,0.004929,true
TREND0000113,Singapore,CAT002,Home & Living,2026-06-22,73.30,85.71,86.73,74.29,-0.032586,true
TREND0000114,Singapore,CAT002,Home & Living,2026-06-23,70.08,82.40,86.88,74.37,-0.044017,true
TREND0000115,Singapore,CAT002,Home & Living,2026-06-24,72.17,84.11,86.97,74.46,0.029853,true
TREND0000116,Singapore,CAT002,Home & Living,2026-06-25,73.29,84.57,87.00,74.56,0.015582,true
TREND0000117,Singapore,CAT002,Home & Living,2026-06-26,72.41,82.74,86.97,74.68,-0.012093,true
TREND0000118,Singapore,CAT002,Home & Living,2026-06-27,70.49,79.63,86.88,74.80,-0.026496,true
TREND0000119,Singapore,CAT002,Home & Living,2026-06-28,72.00,79.74,86.72,74.93,0.021429,true
TREND0000120,Singapore,CAT002,Home & Living,2026-06-29,73.77,79.94,86.52,75.06,0.024606,true
TREND0000121,Singapore,CAT003,Beauty & Personal Care,2026-05-01,87.96,81.96,55.98,41.39,0.000000,true
TREND0000122,Singapore,CAT003,Beauty & Personal Care,2026-05-02,83.42,77.49,53.96,41.35,-0.051662,true
TREND0000123,Singapore,CAT003,Beauty & Personal Care,2026-05-03,83.66,77.80,54.34,41.31,0.002922,true
TREND0000124,Singapore,CAT003,Beauty & Personal Care,2026-05-04,81.57,75.78,53.55,41.27,-0.024935,true
TREND0000125,Singapore,CAT003,Beauty & Personal Care,2026-05-05,85.09,79.37,55.56,41.22,0.043065,true
TREND0000126,Singapore,CAT003,Beauty & Personal Care,2026-05-06,82.21,76.56,54.38,41.18,-0.033852,true
TREND0000127,Singapore,CAT003,Beauty & Personal Care,2026-05-07,83.01,77.43,55.04,41.14,0.009834,true
TREND0000128,Singapore,CAT003,Beauty & Personal Care,2026-05-08,80.79,75.28,54.18,41.10,-0.026781,true
TREND0000129,Singapore,CAT003,Beauty & Personal Care,2026-05-09,81.13,75.69,54.61,41.06,0.004235,true
TREND0000130,Singapore,CAT003,Beauty & Personal Care,2026-05-10,79.88,74.51,54.24,41.02,-0.015444,true
TREND0000131,Singapore,CAT003,Beauty & Personal Care,2026-05-11,76.05,70.75,52.58,40.98,-0.047948,true
TREND0000132,Singapore,CAT003,Beauty & Personal Care,2026-05-12,75.52,70.29,52.56,40.93,-0.007003,true
TREND0000133,Singapore,CAT003,Beauty & Personal Care,2026-05-13,76.70,71.54,53.41,40.89,0.015712,true
TREND0000134,Singapore,CAT003,Beauty & Personal Care,2026-05-14,77.18,72.09,53.91,40.85,0.006201,true
TREND0000135,Singapore,CAT003,Beauty & Personal Care,2026-05-15,73.16,68.14,52.15,40.81,-0.052046,true
TREND0000136,Singapore,CAT003,Beauty & Personal Care,2026-05-16,75.74,70.79,53.69,40.77,0.035194,true
TREND0000137,Singapore,CAT003,Beauty & Personal Care,2026-05-17,71.81,66.93,51.99,40.73,-0.051801,true
TREND0000138,Singapore,CAT003,Beauty & Personal Care,2026-05-18,73.98,69.17,53.33,40.69,0.030168,true
TREND0000139,Singapore,CAT003,Beauty & Personal Care,2026-05-19,74.14,69.40,53.66,40.64,0.002082,true
TREND0000140,Singapore,CAT003,Beauty & Personal Care,2026-05-20,72.24,67.57,52.97,40.60,-0.025538,true
TREND0000141,Singapore,CAT003,Beauty & Personal Care,2026-05-21,68.95,64.35,51.58,40.56,-0.045566,true
TREND0000142,Singapore,CAT003,Beauty & Personal Care,2026-05-22,70.56,66.03,52.64,40.52,0.023380,true
TREND0000143,Singapore,CAT003,Beauty & Personal Care,2026-05-23,70.04,65.58,52.63,40.48,-0.007464,true
TREND0000144,Singapore,CAT003,Beauty & Personal Care,2026-05-24,68.84,64.45,52.29,40.44,-0.017034,true
TREND0000145,Singapore,CAT003,Beauty & Personal Care,2026-05-25,66.25,61.93,51.24,40.40,-0.037698,true
TREND0000146,Singapore,CAT003,Beauty & Personal Care,2026-05-26,65.90,61.65,51.32,40.36,-0.005291,true
TREND0000147,Singapore,CAT003,Beauty & Personal Care,2026-05-27,68.57,64.39,52.92,40.31,0.040592,true
TREND0000148,Singapore,CAT003,Beauty & Personal Care,2026-05-28,64.81,60.70,51.29,40.27,-0.054806,true
TREND0000149,Singapore,CAT003,Beauty & Personal Care,2026-05-29,65.49,61.45,51.89,40.23,0.010456,true
TREND0000150,Singapore,CAT003,Beauty & Personal Care,2026-05-30,65.95,61.98,52.37,40.19,0.006933,true
TREND0000151,Singapore,CAT003,Beauty & Personal Care,2026-05-31,65.05,61.15,52.17,40.15,-0.013586,true
TREND0000152,Singapore,CAT003,Beauty & Personal Care,2026-06-01,64.59,60.76,52.20,40.11,-0.007040,true
TREND0000153,Singapore,CAT003,Beauty & Personal Care,2026-06-02,62.46,58.70,51.39,40.07,-0.033015,true
TREND0000154,Singapore,CAT003,Beauty & Personal Care,2026-06-03,60.32,56.63,50.58,40.02,-0.034232,true
TREND0000155,Singapore,CAT003,Beauty & Personal Care,2026-06-04,61.66,58.04,51.50,39.98,0.022262,true
TREND0000156,Singapore,CAT003,Beauty & Personal Care,2026-06-05,60.38,56.83,51.11,39.94,-0.020897,true
TREND0000157,Singapore,CAT003,Beauty & Personal Care,2026-06-06,60.04,56.56,51.20,39.90,-0.005473,true
TREND0000158,Singapore,CAT003,Beauty & Personal Care,2026-06-07,60.34,56.93,51.61,39.86,0.004982,true
TREND0000159,Singapore,CAT003,Beauty & Personal Care,2026-06-08,59.86,56.52,51.62,39.82,-0.008060,true
TREND0000160,Singapore,CAT003,Beauty & Personal Care,2026-06-09,57.65,54.38,50.77,39.78,-0.036949,true
TREND0000161,Singapore,CAT003,Beauty & Personal Care,2026-06-10,57.13,53.93,50.77,39.73,-0.008889,true
TREND0000162,Singapore,CAT003,Beauty & Personal Care,2026-06-11,53.82,50.69,49.36,39.69,-0.058015,true
TREND0000163,Singapore,CAT003,Beauty & Personal Care,2026-06-12,56.37,53.31,50.89,39.65,0.047390,true
TREND0000164,Singapore,CAT003,Beauty & Personal Care,2026-06-13,54.36,51.37,50.15,39.61,-0.035635,true
TREND0000165,Singapore,CAT003,Beauty & Personal Care,2026-06-14,55.22,52.30,50.83,39.57,0.015894,true
TREND0000166,Singapore,CAT003,Beauty & Personal Care,2026-06-15,54.29,51.44,50.62,39.53,-0.016986,true
TREND0000167,Singapore,CAT003,Beauty & Personal Care,2026-06-16,49.48,46.70,48.47,39.49,-0.088586,true
TREND0000168,Singapore,CAT003,Beauty & Personal Care,2026-06-17,50.35,47.64,49.16,39.44,0.017612,true
TREND0000169,Singapore,CAT003,Beauty & Personal Care,2026-06-18,51.44,48.80,49.96,39.40,0.021770,true
TREND0000170,Singapore,CAT003,Beauty & Personal Care,2026-06-19,47.52,44.95,48.25,39.36,-0.076364,true
TREND0000171,Singapore,CAT003,Beauty & Personal Care,2026-06-20,50.86,48.36,50.18,39.32,0.070344,true
TREND0000172,Singapore,CAT003,Beauty & Personal Care,2026-06-21,48.67,46.24,49.34,39.28,-0.042964,true
TREND0000173,Singapore,CAT003,Beauty & Personal Care,2026-06-22,47.13,44.77,48.82,39.24,-0.031768,true
TREND0000174,Singapore,CAT003,Beauty & Personal Care,2026-06-23,44.32,42.03,47.67,39.20,-0.059646,true
TREND0000175,Singapore,CAT003,Beauty & Personal Care,2026-06-24,45.52,43.30,48.53,39.15,0.027055,true
TREND0000176,Singapore,CAT003,Beauty & Personal Care,2026-06-25,44.77,42.62,48.41,39.11,-0.016287,true
TREND0000177,Singapore,CAT003,Beauty & Personal Care,2026-06-26,43.87,41.79,48.22,39.07,-0.020169,true
TREND0000178,Singapore,CAT003,Beauty & Personal Care,2026-06-27,41.66,39.65,47.36,39.03,-0.050481,true
TREND0000179,Singapore,CAT003,Beauty & Personal Care,2026-06-28,44.43,42.49,49.00,38.99,0.066485,true
TREND0000180,Singapore,CAT003,Beauty & Personal Care,2026-06-29,44.18,42.31,49.14,38.95,-0.005535,true
TREND0000181,Singapore,CAT004,Fashion Accessories,2026-05-01,58.53,47.79,48.00,15.48,0.000000,true
TREND0000182,Singapore,CAT004,Fashion Accessories,2026-05-02,63.71,52.34,48.89,15.55,0.088596,true
TREND0000183,Singapore,CAT004,Fashion Accessories,2026-05-03,65.57,53.97,49.76,15.61,0.029163,true
TREND0000184,Singapore,CAT004,Fashion Accessories,2026-05-04,71.71,60.31,50.62,15.68,0.093680,true
TREND0000185,Singapore,CAT004,Fashion Accessories,2026-05-05,75.54,64.75,51.44,15.74,0.053399,true
TREND0000186,Singapore,CAT004,Fashion Accessories,2026-05-06,76.12,66.33,52.22,15.80,0.007686,true
TREND0000187,Singapore,CAT004,Fashion Accessories,2026-05-07,79.48,71.01,52.95,15.85,0.044042,true
TREND0000188,Singapore,CAT004,Fashion Accessories,2026-05-08,76.91,70.04,53.61,15.90,-0.032268,true
TREND0000189,Singapore,CAT004,Fashion Accessories,2026-05-09,79.74,74.67,54.21,15.94,0.036824,true
TREND0000190,Singapore,CAT004,Fashion Accessories,2026-05-10,78.02,74.84,54.73,15.97,-0.021568,true
TREND0000191,Singapore,CAT004,Fashion Accessories,2026-05-11,74.76,73.47,55.17,15.99,-0.041847,true
TREND0000192,Singapore,CAT004,Fashion Accessories,2026-05-12,70.01,70.54,55.52,16.01,-0.063508,true
TREND0000193,Singapore,CAT004,Fashion Accessories,2026-05-13,66.07,68.24,55.78,16.02,-0.056251,true
TREND0000194,Singapore,CAT004,Fashion Accessories,2026-05-14,62.16,65.72,55.94,16.02,-0.059211,true
TREND0000195,Singapore,CAT004,Fashion Accessories,2026-05-15,60.40,65.02,56.00,16.01,-0.028358,true
TREND0000196,Singapore,CAT004,Fashion Accessories,2026-05-16,52.55,57.86,55.96,16.00,-0.129914,true
TREND0000197,Singapore,CAT004,Fashion Accessories,2026-05-17,49.29,54.88,55.83,15.97,-0.062032,true
TREND0000198,Singapore,CAT004,Fashion Accessories,2026-05-18,46.78,52.24,55.60,15.94,-0.050879,true
TREND0000199,Singapore,CAT004,Fashion Accessories,2026-05-19,44.82,49.71,55.27,15.90,-0.042006,true
TREND0000200,Singapore,CAT004,Fashion Accessories,2026-05-20,40.60,44.56,54.86,15.86,-0.094007,true
TREND0000201,Singapore,CAT004,Fashion Accessories,2026-05-21,38.27,40.93,54.36,15.80,-0.057486,true
TREND0000202,Singapore,CAT004,Fashion Accessories,2026-05-22,39.01,40.11,53.78,15.75,0.019286,true
TREND0000203,Singapore,CAT004,Fashion Accessories,2026-05-23,35.97,35.30,53.14,15.69,-0.077853,true
TREND0000204,Singapore,CAT004,Fashion Accessories,2026-05-24,42.00,39.45,52.42,15.62,0.167644,true
TREND0000205,Singapore,CAT004,Fashion Accessories,2026-05-25,40.69,36.24,51.66,15.56,-0.031257,true
TREND0000206,Singapore,CAT004,Fashion Accessories,2026-05-26,46.42,40.14,50.85,15.49,0.140942,true
TREND0000207,Singapore,CAT004,Fashion Accessories,2026-05-27,50.76,42.81,50.00,15.42,0.093443,true
TREND0000208,Singapore,CAT004,Fashion Accessories,2026-05-28,51.07,41.68,49.13,15.35,0.006031,true
TREND0000209,Singapore,CAT004,Fashion Accessories,2026-05-29,54.79,44.30,48.24,15.29,0.072949,true
TREND0000210,Singapore,CAT004,Fashion Accessories,2026-05-30,60.34,49.10,47.36,15.23,0.101297,true
TREND0000211,Singapore,CAT004,Fashion Accessories,2026-05-31,65.71,54.13,46.48,15.17,0.088917,true
TREND0000212,Singapore,CAT004,Fashion Accessories,2026-06-01,71.28,59.78,45.61,15.12,0.084743,true
TREND0000213,Singapore,CAT004,Fashion Accessories,2026-06-02,71.15,60.15,44.78,15.07,-0.001869,true
TREND0000214,Singapore,CAT004,Fashion Accessories,2026-06-03,74.75,64.65,43.99,15.03,0.050682,true
TREND0000215,Singapore,CAT004,Fashion Accessories,2026-06-04,77.27,68.42,43.25,15.00,0.033754,true
TREND0000216,Singapore,CAT004,Fashion Accessories,2026-06-05,78.88,71.55,42.56,14.97,0.020784,true
TREND0000217,Singapore,CAT004,Fashion Accessories,2026-06-06,79.61,74.02,41.95,14.95,0.009198,true
TREND0000218,Singapore,CAT004,Fashion Accessories,2026-06-07,78.80,75.09,41.40,14.94,-0.010161,true
TREND0000219,Singapore,CAT004,Fashion Accessories,2026-06-08,72.85,71.04,40.94,14.94,-0.075519,true
TREND0000220,Singapore,CAT004,Fashion Accessories,2026-06-09,69.48,69.53,40.57,14.95,-0.046154,true
TREND0000221,Singapore,CAT004,Fashion Accessories,2026-06-10,66.33,68.07,40.29,14.96,-0.045338,true
TREND0000222,Singapore,CAT004,Fashion Accessories,2026-06-11,65.16,68.36,40.10,14.98,-0.017768,true
TREND0000223,Singapore,CAT004,Fashion Accessories,2026-06-12,60.30,64.67,40.01,15.01,-0.074490,true
TREND0000224,Singapore,CAT004,Fashion Accessories,2026-06-13,57.65,62.81,40.02,15.05,-0.044012,true
TREND0000225,Singapore,CAT004,Fashion Accessories,2026-06-14,48.62,54.17,40.12,15.10,-0.156662,true
TREND0000226,Singapore,CAT004,Fashion Accessories,2026-06-15,48.99,54.52,40.33,15.15,0.007692,true
TREND0000227,Singapore,CAT004,Fashion Accessories,2026-06-16,43.89,48.98,40.63,15.20,-0.104029,true
TREND0000228,Singapore,CAT004,Fashion Accessories,2026-06-17,41.99,46.23,41.02,15.26,-0.043437,true
TREND0000229,Singapore,CAT004,Fashion Accessories,2026-06-18,38.01,41.06,41.49,15.33,-0.094656,true
TREND0000230,Singapore,CAT004,Fashion Accessories,2026-06-19,37.24,38.79,42.05,15.39,-0.020368,true
TREND0000231,Singapore,CAT004,Fashion Accessories,2026-06-20,38.16,37.99,42.68,15.46,0.024627,true
TREND0000232,Singapore,CAT004,Fashion Accessories,2026-06-21,38.40,36.37,43.37,15.53,0.006279,true
TREND0000233,Singapore,CAT004,Fashion Accessories,2026-06-22,40.66,36.72,44.13,15.60,0.058875,true
TREND0000234,Singapore,CAT004,Fashion Accessories,2026-06-23,45.29,39.49,44.93,15.66,0.113858,true
TREND0000235,Singapore,CAT004,Fashion Accessories,2026-06-24,47.78,40.26,45.76,15.72,0.055171,true
TREND0000236,Singapore,CAT004,Fashion Accessories,2026-06-25,50.44,41.42,46.63,15.78,0.055590,true
TREND0000237,Singapore,CAT004,Fashion Accessories,2026-06-26,58.01,47.79,47.51,15.84,0.150158,true
TREND0000238,Singapore,CAT004,Fashion Accessories,2026-06-27,58.81,47.73,48.40,15.88,0.013657,true
TREND0000239,Singapore,CAT004,Fashion Accessories,2026-06-28,66.22,54.69,49.28,15.93,0.126123,true
TREND0000240,Singapore,CAT004,Fashion Accessories,2026-06-29,66.28,54.71,50.15,15.96,0.000806,true
TREND0000241,Singapore,CAT005,Sports & Outdoors,2026-05-01,68.73,72.73,61.37,55.46,0.000000,true
TREND0000242,Singapore,CAT005,Sports & Outdoors,2026-05-02,66.24,69.94,60.42,55.68,-0.036208,true
TREND0000243,Singapore,CAT005,Sports & Outdoors,2026-05-03,65.42,68.82,60.30,55.90,-0.012446,true
TREND0000244,Singapore,CAT005,Sports & Outdoors,2026-05-04,64.61,67.71,60.19,56.13,-0.012445,true
TREND0000245,Singapore,CAT005,Sports & Outdoors,2026-05-05,68.21,71.01,62.29,56.35,0.055839,true
TREND0000246,Singapore,CAT005,Sports & Outdoors,2026-05-06,66.66,69.16,61.81,56.57,-0.022740,true
TREND0000247,Singapore,CAT005,Sports & Outdoors,2026-05-07,67.44,69.64,62.49,56.79,0.011654,true
TREND0000248,Singapore,CAT005,Sports & Outdoors,2026-05-08,66.99,68.89,62.56,57.01,-0.006615,true
TREND0000249,Singapore,CAT005,Sports & Outdoors,2026-05-09,64.64,66.24,61.68,57.23,-0.035095,true
TREND0000250,Singapore,CAT005,Sports & Outdoors,2026-05-10,65.59,66.89,62.45,57.46,0.014719,true
TREND0000251,Singapore,CAT005,Sports & Outdoors,2026-05-11,66.67,67.67,63.28,57.68,0.016346,true
TREND0000252,Singapore,CAT005,Sports & Outdoors,2026-05-12,62.31,63.01,61.40,57.90,-0.065302,true
TREND0000253,Singapore,CAT005,Sports & Outdoors,2026-05-13,62.04,62.44,61.56,58.12,-0.004328,true
TREND0000254,Singapore,CAT005,Sports & Outdoors,2026-05-14,61.76,61.86,61.71,58.34,-0.004561,true
TREND0000255,Singapore,CAT005,Sports & Outdoors,2026-05-15,64.45,64.25,63.35,58.57,0.043536,true
TREND0000256,Singapore,CAT005,Sports & Outdoors,2026-05-16,60.69,60.19,61.77,58.79,-0.058369,true
TREND0000257,Singapore,CAT005,Sports & Outdoors,2026-05-17,62.79,61.99,63.12,59.01,0.034735,true
TREND0000258,Singapore,CAT005,Sports & Outdoors,2026-05-18,60.24,59.14,62.13,59.23,-0.040731,true
TREND0000259,Singapore,CAT005,Sports & Outdoors,2026-05-19,63.87,62.47,64.25,59.45,0.060376,true
TREND0000260,Singapore,CAT005,Sports & Outdoors,2026-05-20,61.13,59.43,63.17,59.67,-0.043010,true
TREND0000261,Singapore,CAT005,Sports & Outdoors,2026-05-21,60.92,58.92,63.36,59.90,-0.003348,true
TREND0000262,Singapore,CAT005,Sports & Outdoors,2026-05-22,62.67,60.37,64.53,60.12,0.028701,true
TREND0000263,Singapore,CAT005,Sports & Outdoors,2026-05-23,61.67,59.07,64.32,60.34,-0.015962,true
TREND0000264,Singapore,CAT005,Sports & Outdoors,2026-05-24,58.66,55.76,63.11,60.56,-0.048868,true
TREND0000265,Singapore,CAT005,Sports & Outdoors,2026-05-25,57.44,54.24,62.80,60.78,-0.020698,true
TREND0000266,Singapore,CAT005,Sports & Outdoors,2026-05-26,60.62,57.12,64.68,61.01,0.055285,true
TREND0000267,Singapore,CAT005,Sports & Outdoors,2026-05-27,59.64,55.84,64.49,61.23,-0.016202,true
TREND0000268,Singapore,CAT005,Sports & Outdoors,2026-05-28,58.94,54.84,64.44,61.45,-0.011628,true
TREND0000269,Singapore,CAT005,Sports & Outdoors,2026-05-29,60.52,56.12,65.52,61.67,0.026775,true
TREND0000270,Singapore,CAT005,Sports & Outdoors,2026-05-30,55.87,51.17,63.49,61.89,-0.076796,true
TREND0000271,Singapore,CAT005,Sports & Outdoors,2026-05-31,58.42,53.42,65.06,62.12,0.045519,true
TREND0000272,Singapore,CAT005,Sports & Outdoors,2026-06-01,59.04,53.74,65.67,62.34,0.010720,true
TREND0000273,Singapore,CAT005,Sports & Outdoors,2026-06-02,57.53,51.93,65.21,62.56,-0.025594,true
TREND0000274,Singapore,CAT005,Sports & Outdoors,2026-06-03,55.10,49.20,64.29,62.78,-0.042206,true
TREND0000275,Singapore,CAT005,Sports & Outdoors,2026-06-04,56.14,49.94,65.10,63.00,0.018848,true
TREND0000276,Singapore,CAT005,Sports & Outdoors,2026-06-05,53.83,47.33,64.24,63.22,-0.041251,true
TREND0000277,Singapore,CAT005,Sports & Outdoors,2026-06-06,53.94,47.14,64.59,63.45,0.002172,true
TREND0000278,Singapore,CAT005,Sports & Outdoors,2026-06-07,55.03,47.93,65.43,63.67,0.020206,true
TREND0000279,Singapore,CAT005,Sports & Outdoors,2026-06-08,53.74,46.34,65.08,63.89,-0.023528,true
TREND0000280,Singapore,CAT005,Sports & Outdoors,2026-06-09,52.51,44.81,64.76,64.11,-0.022836,true
TREND0000281,Singapore,CAT005,Sports & Outdoors,2026-06-10,56.49,48.49,67.05,64.33,0.075790,true
TREND0000282,Singapore,CAT005,Sports & Outdoors,2026-06-11,53.16,44.86,65.68,64.56,-0.058865,true
TREND0000283,Singapore,CAT005,Sports & Outdoors,2026-06-12,55.03,46.43,66.91,64.78,0.035106,true
TREND0000284,Singapore,CAT005,Sports & Outdoors,2026-06-13,50.92,42.02,65.15,65.00,-0.074699,true
TREND0000285,Singapore,CAT005,Sports & Outdoors,2026-06-14,52.71,43.51,66.34,65.22,0.035208,true
TREND0000286,Singapore,CAT005,Sports & Outdoors,2026-06-15,52.33,42.83,66.44,65.44,-0.007178,true
TREND0000287,Singapore,CAT005,Sports & Outdoors,2026-06-16,49.66,39.86,65.40,65.66,-0.051191,true
TREND0000288,Singapore,CAT005,Sports & Outdoors,2026-06-17,52.59,42.49,67.16,65.89,0.059025,true
TREND0000289,Singapore,CAT005,Sports & Outdoors,2026-06-18,53.23,42.83,67.77,66.11,0.012139,true
TREND0000290,Singapore,CAT005,Sports & Outdoors,2026-06-19,51.48,40.78,67.19,66.33,-0.032831,true
TREND0000291,Singapore,CAT005,Sports & Outdoors,2026-06-20,51.71,40.71,67.60,66.55,0.004466,true
TREND0000292,Singapore,CAT005,Sports & Outdoors,2026-06-21,50.18,38.88,67.13,66.77,-0.029545,true
TREND0000293,Singapore,CAT005,Sports & Outdoors,2026-06-22,51.42,39.82,68.05,67.00,0.024764,true
TREND0000294,Singapore,CAT005,Sports & Outdoors,2026-06-23,47.50,35.60,66.38,67.22,-0.076354,true
TREND0000295,Singapore,CAT005,Sports & Outdoors,2026-06-24,49.78,37.58,67.82,67.44,0.048036,true
TREND0000296,Singapore,CAT005,Sports & Outdoors,2026-06-25,48.68,36.18,67.57,67.66,-0.021964,true
TREND0000297,Singapore,CAT005,Sports & Outdoors,2026-06-26,49.12,36.32,68.08,67.88,0.008914,true
TREND0000298,Singapore,CAT005,Sports & Outdoors,2026-06-27,46.59,33.49,67.11,68.10,-0.051402,true
TREND0000299,Singapore,CAT005,Sports & Outdoors,2026-06-28,50.00,36.60,69.11,68.33,0.073138,true
TREND0000300,Singapore,CAT005,Sports & Outdoors,2026-06-29,48.66,34.96,68.74,68.55,-0.026827,true
TREND0000301,Singapore,CAT006,Pet Supplies,2026-05-01,35.86,29.86,26.93,82.93,0.000000,true
TREND0000302,Singapore,CAT006,Pet Supplies,2026-05-02,38.72,32.59,28.01,83.00,0.079743,true
TREND0000303,Singapore,CAT006,Pet Supplies,2026-05-03,37.75,31.49,27.19,83.06,-0.024956,true
TREND0000304,Singapore,CAT006,Pet Supplies,2026-05-04,41.05,34.66,28.49,83.13,0.087499,true
TREND0000305,Singapore,CAT006,Pet Supplies,2026-05-05,41.26,34.74,28.25,83.20,0.005004,true
TREND0000306,Singapore,CAT006,Pet Supplies,2026-05-06,44.00,37.35,29.28,83.26,0.066438,true
TREND0000307,Singapore,CAT006,Pet Supplies,2026-05-07,43.58,36.80,28.72,83.33,-0.009568,true
TREND0000308,Singapore,CAT006,Pet Supplies,2026-05-08,43.95,37.04,28.56,83.39,0.008403,true
TREND0000309,Singapore,CAT006,Pet Supplies,2026-05-09,45.07,38.03,28.77,83.46,0.025508,true
TREND0000310,Singapore,CAT006,Pet Supplies,2026-05-10,43.41,36.24,27.60,83.53,-0.036737,true
TREND0000311,Singapore,CAT006,Pet Supplies,2026-05-11,48.64,41.34,29.87,83.59,0.120343,true
TREND0000312,Singapore,CAT006,Pet Supplies,2026-05-12,47.14,39.71,28.77,83.66,-0.030870,true
TREND0000313,Singapore,CAT006,Pet Supplies,2026-05-13,49.75,42.19,29.73,83.73,0.055405,true
TREND0000314,Singapore,CAT006,Pet Supplies,2026-05-14,46.56,38.87,27.79,83.79,-0.064089,true
TREND0000315,Singapore,CAT006,Pet Supplies,2026-05-15,49.46,41.64,28.90,83.86,0.062228,true
TREND0000316,Singapore,CAT006,Pet Supplies,2026-05-16,52.91,44.96,30.28,83.93,0.069938,true
TREND0000317,Singapore,CAT006,Pet Supplies,2026-05-17,51.13,43.05,29.05,83.99,-0.033653,true
TREND0000318,Singapore,CAT006,Pet Supplies,2026-05-18,50.09,41.88,28.18,84.06,-0.020441,true
TREND0000319,Singapore,CAT006,Pet Supplies,2026-05-19,52.92,44.58,29.25,84.12,0.056590,true
TREND0000320,Singapore,CAT006,Pet Supplies,2026-05-20,55.77,47.30,30.33,84.19,0.053750,true
TREND0000321,Singapore,CAT006,Pet Supplies,2026-05-21,53.19,44.59,28.70,84.26,-0.046148,true
TREND0000322,Singapore,CAT006,Pet Supplies,2026-05-22,54.57,45.84,29.04,84.32,0.025839,true
TREND0000323,Singapore,CAT006,Pet Supplies,2026-05-23,55.05,46.19,28.93,84.39,0.008754,true
TREND0000324,Singapore,CAT006,Pet Supplies,2026-05-24,57.84,48.85,29.98,84.46,0.050674,true
TREND0000325,Singapore,CAT006,Pet Supplies,2026-05-25,58.83,49.71,30.14,84.52,0.017226,true
TREND0000326,Singapore,CAT006,Pet Supplies,2026-05-26,59.45,50.20,30.10,84.59,0.010428,true
TREND0000327,Singapore,CAT006,Pet Supplies,2026-05-27,60.53,51.15,30.30,84.65,0.018312,true
TREND0000328,Singapore,CAT006,Pet Supplies,2026-05-28,59.72,50.21,29.54,84.72,-0.013471,true
TREND0000329,Singapore,CAT006,Pet Supplies,2026-05-29,62.37,52.73,30.53,84.79,0.044460,true
TREND0000330,Singapore,CAT006,Pet Supplies,2026-05-30,63.67,53.90,30.83,84.85,0.020742,true
TREND0000331,Singapore,CAT006,Pet Supplies,2026-05-31,61.81,51.91,29.56,84.92,-0.029097,true
TREND0000332,Singapore,CAT006,Pet Supplies,2026-06-01,66.83,56.80,31.72,84.99,0.081111,true
TREND0000333,Singapore,CAT006,Pet Supplies,2026-06-02,64.55,54.39,30.23,85.05,-0.034109,true
TREND0000334,Singapore,CAT006,Pet Supplies,2026-06-03,63.83,53.54,29.53,85.12,-0.011176,true
TREND0000335,Singapore,CAT006,Pet Supplies,2026-06-04,67.30,56.88,30.92,85.19,0.054393,true
TREND0000336,Singapore,CAT006,Pet Supplies,2026-06-05,66.77,56.22,30.31,85.25,-0.007870,true
TREND0000337,Singapore,CAT006,Pet Supplies,2026-06-06,67.65,56.97,30.40,85.32,0.013138,true
TREND0000338,Singapore,CAT006,Pet Supplies,2026-06-07,69.67,58.86,31.07,85.38,0.029852,true
TREND0000339,Singapore,CAT006,Pet Supplies,2026-06-08,71.30,60.36,31.54,85.45,0.023419,true
TREND0000340,Singapore,CAT006,Pet Supplies,2026-06-09,69.03,57.96,30.06,85.52,-0.031870,true
TREND0000341,Singapore,CAT006,Pet Supplies,2026-06-10,74.29,63.09,32.34,85.58,0.076243,true
TREND0000342,Singapore,CAT006,Pet Supplies,2026-06-11,72.33,61.00,31.02,85.65,-0.026366,true
TREND0000343,Singapore,CAT006,Pet Supplies,2026-06-12,71.53,60.07,30.28,85.72,-0.011002,true
TREND0000344,Singapore,CAT006,Pet Supplies,2026-06-13,73.37,61.78,30.85,85.78,0.025724,true
TREND0000345,Singapore,CAT006,Pet Supplies,2026-06-14,74.76,63.04,31.20,85.85,0.018933,true
TREND0000346,Singapore,CAT006,Pet Supplies,2026-06-15,76.47,64.62,31.71,85.92,0.022782,true
TREND0000347,Singapore,CAT006,Pet Supplies,2026-06-16,75.35,63.37,30.81,85.98,-0.014564,true
TREND0000348,Singapore,CAT006,Pet Supplies,2026-06-17,78.68,66.57,32.13,86.05,0.044195,true
TREND0000349,Singapore,CAT006,Pet Supplies,2026-06-18,78.62,66.38,31.75,86.11,-0.000756,true
TREND0000350,Singapore,CAT006,Pet Supplies,2026-06-19,78.06,65.69,31.13,86.18,-0.007123,true
TREND0000351,Singapore,CAT006,Pet Supplies,2026-06-20,78.49,65.99,30.99,86.25,0.005459,true
TREND0000352,Singapore,CAT006,Pet Supplies,2026-06-21,79.84,67.21,31.33,86.31,0.017201,true
TREND0000353,Singapore,CAT006,Pet Supplies,2026-06-22,80.52,67.76,31.32,86.38,0.008560,true
TREND0000354,Singapore,CAT006,Pet Supplies,2026-06-23,82.26,69.37,31.84,86.45,0.021524,true
TREND0000355,Singapore,CAT006,Pet Supplies,2026-06-24,85.20,72.18,32.97,86.51,0.035724,true
TREND0000356,Singapore,CAT006,Pet Supplies,2026-06-25,85.20,72.05,32.63,86.58,0.000057,true
TREND0000357,Singapore,CAT006,Pet Supplies,2026-06-26,87.14,73.86,33.25,86.65,0.022724,true
TREND0000358,Singapore,CAT006,Pet Supplies,2026-06-27,87.27,73.86,32.97,86.71,0.001585,true
TREND0000359,Singapore,CAT006,Pet Supplies,2026-06-28,86.46,72.92,32.22,86.78,-0.009346,true
TREND0000360,Singapore,CAT006,Pet Supplies,2026-06-29,87.68,74.01,32.48,86.84,0.014099,true
TREND0000361,Singapore,CAT007,Kitchen Appliances,2026-05-01,79.35,83.35,84.00,66.92,0.000000,true
TREND0000362,Singapore,CAT007,Kitchen Appliances,2026-05-02,79.21,82.85,84.43,67.05,-0.001727,true
TREND0000363,Singapore,CAT007,Kitchen Appliances,2026-05-03,77.96,81.26,84.85,67.19,-0.015739,true
TREND0000364,Singapore,CAT007,Kitchen Appliances,2026-05-04,80.54,83.55,85.25,67.32,0.033090,true
TREND0000365,Singapore,CAT007,Kitchen Appliances,2026-05-05,84.19,86.98,85.62,67.44,0.045295,true
TREND0000366,Singapore,CAT007,Kitchen Appliances,2026-05-06,82.45,85.10,85.97,67.56,-0.020723,true
TREND0000367,Singapore,CAT007,Kitchen Appliances,2026-05-07,81.91,84.52,86.27,67.68,-0.006498,true
TREND0000368,Singapore,CAT007,Kitchen Appliances,2026-05-08,85.45,88.14,86.52,67.78,0.043273,true
TREND0000369,Singapore,CAT007,Kitchen Appliances,2026-05-09,85.94,88.81,86.73,67.88,0.005716,true
TREND0000370,Singapore,CAT007,Kitchen Appliances,2026-05-10,85.52,88.66,86.88,67.97,-0.004914,true
TREND0000371,Singapore,CAT007,Kitchen Appliances,2026-05-11,81.82,85.34,86.97,68.05,-0.043323,true
TREND0000372,Singapore,CAT007,Kitchen Appliances,2026-05-12,81.29,85.27,87.00,68.11,-0.006395,true
TREND0000373,Singapore,CAT007,Kitchen Appliances,2026-05-13,81.46,85.95,86.97,68.17,0.002039,true
TREND0000374,Singapore,CAT007,Kitchen Appliances,2026-05-14,82.27,87.32,86.88,68.21,0.009985,true
TREND0000375,Singapore,CAT007,Kitchen Appliances,2026-05-15,79.43,85.04,86.73,68.24,-0.034507,true
TREND0000376,Singapore,CAT007,Kitchen Appliances,2026-05-16,79.49,85.64,86.52,68.26,0.000748,true
TREND0000377,Singapore,CAT007,Kitchen Appliances,2026-05-17,78.43,85.07,86.27,68.26,-0.013351,true
TREND0000378,Singapore,CAT007,Kitchen Appliances,2026-05-18,76.26,83.31,85.96,68.25,-0.027661,true
TREND0000379,Singapore,CAT007,Kitchen Appliances,2026-05-19,76.14,83.50,85.62,68.22,-0.001636,true
TREND0000380,Singapore,CAT007,Kitchen Appliances,2026-05-20,75.48,83.02,85.24,68.19,-0.008666,true
TREND0000381,Singapore,CAT007,Kitchen Appliances,2026-05-21,75.16,82.75,84.84,68.14,-0.004130,true
TREND0000382,Singapore,CAT007,Kitchen Appliances,2026-05-22,72.44,79.91,84.42,68.08,-0.036305,true
TREND0000383,Singapore,CAT007,Kitchen Appliances,2026-05-23,72.98,80.19,84.00,68.00,0.007569,true
TREND0000384,Singapore,CAT007,Kitchen Appliances,2026-05-24,74.02,80.79,83.57,67.92,0.014171,true
TREND0000385,Singapore,CAT007,Kitchen Appliances,2026-05-25,72.57,78.76,83.15,67.82,-0.019570,true
TREND0000386,Singapore,CAT007,Kitchen Appliances,2026-05-26,73.13,78.61,82.75,67.72,0.007760,true
TREND0000387,Singapore,CAT007,Kitchen Appliances,2026-05-27,72.33,76.98,82.37,67.61,-0.011021,true
TREND0000388,Singapore,CAT007,Kitchen Appliances,2026-05-28,71.89,75.64,82.03,67.49,-0.006007,true
TREND0000389,Singapore,CAT007,Kitchen Appliances,2026-05-29,76.64,79.43,81.73,67.37,0.066033,true
TREND0000390,Singapore,CAT007,Kitchen Appliances,2026-05-30,74.31,76.14,81.47,67.24,-0.030363,true
TREND0000391,Singapore,CAT007,Kitchen Appliances,2026-05-31,76.52,77.40,81.27,67.11,0.029638,true
TREND0000392,Singapore,CAT007,Kitchen Appliances,2026-06-01,76.29,76.30,81.12,66.98,-0.002948,true
TREND0000393,Singapore,CAT007,Kitchen Appliances,2026-06-02,79.30,78.53,81.03,66.84,0.039404,true
TREND0000394,Singapore,CAT007,Kitchen Appliances,2026-06-03,80.15,78.75,81.00,66.71,0.010741,true
TREND0000395,Singapore,CAT007,Kitchen Appliances,2026-06-04,80.88,79.03,81.03,66.58,0.009157,true
TREND0000396,Singapore,CAT007,Kitchen Appliances,2026-06-05,80.36,78.24,81.12,66.45,-0.006499,true
TREND0000397,Singapore,CAT007,Kitchen Appliances,2026-06-06,83.19,81.03,81.27,66.33,0.035257,true
TREND0000398,Singapore,CAT007,Kitchen Appliances,2026-06-07,84.30,82.33,81.48,66.21,0.013348,true
TREND0000399,Singapore,CAT007,Kitchen Appliances,2026-06-08,83.24,81.68,81.74,66.10,-0.012595,true
TREND0000400,Singapore,CAT007,Kitchen Appliances,2026-06-09,85.80,84.89,82.04,66.00,0.030834,true
TREND0000401,Singapore,CAT007,Kitchen Appliances,2026-06-10,84.32,84.26,82.38,65.91,-0.017277,true
TREND0000402,Singapore,CAT007,Kitchen Appliances,2026-06-11,81.73,82.70,82.76,65.82,-0.030680,true
TREND0000403,Singapore,CAT007,Kitchen Appliances,2026-06-12,82.00,84.16,83.16,65.75,0.003299,true
TREND0000404,Singapore,CAT007,Kitchen Appliances,2026-06-13,80.59,84.04,83.58,65.69,-0.017308,true
TREND0000405,Singapore,CAT007,Kitchen Appliances,2026-06-14,81.16,85.98,84.01,65.65,0.007095,true
TREND0000406,Singapore,CAT007,Kitchen Appliances,2026-06-15,80.00,86.22,84.43,65.61,-0.014206,true
TREND0000407,Singapore,CAT007,Kitchen Appliances,2026-06-16,78.47,86.04,84.85,65.59,-0.019228,true
TREND0000408,Singapore,CAT007,Kitchen Appliances,2026-06-17,78.97,87.82,85.25,65.58,0.006391,true
TREND0000409,Singapore,CAT007,Kitchen Appliances,2026-06-18,78.77,88.77,85.63,65.59,-0.002458,true
TREND0000410,Singapore,CAT007,Kitchen Appliances,2026-06-19,76.04,86.99,85.97,65.61,-0.034728,true
TREND0000411,Singapore,CAT007,Kitchen Appliances,2026-06-20,74.11,85.81,86.27,65.64,-0.025325,true
TREND0000412,Singapore,CAT007,Kitchen Appliances,2026-06-21,75.00,87.19,86.53,65.68,0.011929,true
TREND0000413,Singapore,CAT007,Kitchen Appliances,2026-06-22,71.01,83.41,86.73,65.74,-0.053193,true
TREND0000414,Singapore,CAT007,Kitchen Appliances,2026-06-23,73.82,86.14,86.88,65.81,0.039562,true
TREND0000415,Singapore,CAT007,Kitchen Appliances,2026-06-24,70.16,82.11,86.97,65.89,-0.049494,true
TREND0000416,Singapore,CAT007,Kitchen Appliances,2026-06-25,72.45,83.72,87.00,65.98,0.032561,true
TREND0000417,Singapore,CAT007,Kitchen Appliances,2026-06-26,71.18,81.51,86.97,66.08,-0.017528,true
TREND0000418,Singapore,CAT007,Kitchen Appliances,2026-06-27,71.51,80.65,86.88,66.18,0.004724,true
TREND0000419,Singapore,CAT007,Kitchen Appliances,2026-06-28,74.05,81.79,86.72,66.30,0.035464,true
TREND0000420,Singapore,CAT007,Kitchen Appliances,2026-06-29,73.32,79.49,86.52,66.42,-0.009858,true
TREND0000421,Singapore,CAT008,Baby Products,2026-05-01,83.79,77.79,53.89,61.02,0.000000,true
TREND0000422,Singapore,CAT008,Baby Products,2026-05-02,83.15,77.22,53.83,60.96,-0.007646,true
TREND0000423,Singapore,CAT008,Baby Products,2026-05-03,83.87,78.01,54.44,60.90,0.008645,true
TREND0000424,Singapore,CAT008,Baby Products,2026-05-04,85.21,79.42,55.37,60.84,0.015981,true
TREND0000425,Singapore,CAT008,Baby Products,2026-05-05,83.83,78.11,54.93,60.78,-0.016180,true
TREND0000426,Singapore,CAT008,Baby Products,2026-05-06,80.84,75.19,53.69,60.71,-0.035709,true
TREND0000427,Singapore,CAT008,Baby Products,2026-05-07,79.26,73.68,53.16,60.65,-0.019449,true
TREND0000428,Singapore,CAT008,Baby Products,2026-05-08,78.61,73.10,53.09,60.59,-0.008212,true
TREND0000429,Singapore,CAT008,Baby Products,2026-05-09,77.72,72.28,52.90,60.53,-0.011295,true
TREND0000430,Singapore,CAT008,Baby Products,2026-05-10,77.37,72.00,52.98,60.47,-0.004501,true
TREND0000431,Singapore,CAT008,Baby Products,2026-05-11,80.38,75.08,54.74,60.41,0.038873,true
TREND0000432,Singapore,CAT008,Baby Products,2026-05-12,76.61,71.38,53.11,60.35,-0.046941,true
TREND0000433,Singapore,CAT008,Baby Products,2026-05-13,78.93,73.77,54.53,60.29,0.030335,true
TREND0000434,Singapore,CAT008,Baby Products,2026-05-14,78.23,73.14,54.43,60.23,-0.008867,true
TREND0000435,Singapore,CAT008,Baby Products,2026-05-15,75.58,70.56,53.36,60.17,-0.033964,true
TREND0000436,Singapore,CAT008,Baby Products,2026-05-16,72.49,67.54,52.07,60.10,-0.040772,true
TREND0000437,Singapore,CAT008,Baby Products,2026-05-17,74.19,69.31,53.17,60.04,0.023347,true
TREND0000438,Singapore,CAT008,Baby Products,2026-05-18,72.44,67.63,52.56,59.98,-0.023526,true
TREND0000439,Singapore,CAT008,Baby Products,2026-05-19,74.67,69.93,53.92,59.92,0.030735,true
TREND0000440,Singapore,CAT008,Baby Products,2026-05-20,72.89,68.22,53.29,59.86,-0.023786,true
TREND0000441,Singapore,CAT008,Baby Products,2026-05-21,73.28,68.68,53.74,59.80,0.005294,true
TREND0000442,Singapore,CAT008,Baby Products,2026-05-22,72.53,68.00,53.62,59.74,-0.010248,true
TREND0000443,Singapore,CAT008,Baby Products,2026-05-23,70.80,66.34,53.01,59.68,-0.023859,true
TREND0000444,Singapore,CAT008,Baby Products,2026-05-24,68.01,63.62,51.87,59.62,-0.039354,true
TREND0000445,Singapore,CAT008,Baby Products,2026-05-25,65.98,61.66,51.11,59.56,-0.029888,true
TREND0000446,Singapore,CAT008,Baby Products,2026-05-26,67.85,63.60,52.30,59.49,0.028341,true
TREND0000447,Singapore,CAT008,Baby Products,2026-05-27,64.12,59.94,50.69,59.43,-0.054984,true
TREND0000448,Singapore,CAT008,Baby Products,2026-05-28,64.85,60.74,51.31,59.37,0.011397,true
TREND0000449,Singapore,CAT008,Baby Products,2026-05-29,66.93,62.89,52.60,59.31,0.032080,true
TREND0000450,Singapore,CAT008,Baby Products,2026-05-30,65.64,61.67,52.22,59.25,-0.019211,true
TREND0000451,Singapore,CAT008,Baby Products,2026-05-31,65.22,61.32,52.26,59.19,-0.006506,true
TREND0000452,Singapore,CAT008,Baby Products,2026-06-01,64.94,61.11,52.37,59.13,-0.004241,true
TREND0000453,Singapore,CAT008,Baby Products,2026-06-02,60.31,56.55,50.32,59.07,-0.071213,true
TREND0000454,Singapore,CAT008,Baby Products,2026-06-03,61.56,57.87,51.20,59.01,0.020677,true
TREND0000455,Singapore,CAT008,Baby Products,2026-06-04,58.28,54.66,49.81,58.95,-0.053391,true
TREND0000456,Singapore,CAT008,Baby Products,2026-06-05,57.53,53.98,49.69,58.88,-0.012842,true
TREND0000457,Singapore,CAT008,Baby Products,2026-06-06,60.29,56.81,51.33,58.82,0.048118,true
TREND0000458,Singapore,CAT008,Baby Products,2026-06-07,59.14,55.73,51.01,58.76,-0.019068,true
TREND0000459,Singapore,CAT008,Baby Products,2026-06-08,57.48,54.14,50.43,58.70,-0.028142,true
TREND0000460,Singapore,CAT008,Baby Products,2026-06-09,57.41,54.14,50.65,58.64,-0.001281,true
TREND0000461,Singapore,CAT008,Baby Products,2026-06-10,53.51,50.31,48.96,58.58,-0.067840,true
TREND0000462,Singapore,CAT008,Baby Products,2026-06-11,53.40,50.27,49.15,58.52,-0.002134,true
TREND0000463,Singapore,CAT008,Baby Products,2026-06-12,52.67,49.61,49.05,58.46,-0.013614,true
TREND0000464,Singapore,CAT008,Baby Products,2026-06-13,55.49,52.50,50.71,58.40,0.053541,true
TREND0000465,Singapore,CAT008,Baby Products,2026-06-14,53.45,50.53,49.95,58.34,-0.036714,true
TREND0000466,Singapore,CAT008,Baby Products,2026-06-15,53.66,50.81,50.30,58.27,0.003822,true
TREND0000467,Singapore,CAT008,Baby Products,2026-06-16,49.70,46.92,48.58,58.21,-0.073818,true
TREND0000468,Singapore,CAT008,Baby Products,2026-06-17,50.62,47.91,49.29,58.15,0.018515,true
TREND0000469,Singapore,CAT008,Baby Products,2026-06-18,51.52,48.88,50.00,58.09,0.017834,true
TREND0000470,Singapore,CAT008,Baby Products,2026-06-19,48.02,45.45,48.51,58.03,-0.067865,true
TREND0000471,Singapore,CAT008,Baby Products,2026-06-20,48.50,46.00,49.00,57.97,0.009910,true
TREND0000472,Singapore,CAT008,Baby Products,2026-06-21,47.86,45.43,48.93,57.91,-0.013195,true
TREND0000473,Singapore,CAT008,Baby Products,2026-06-22,47.12,44.76,48.82,57.85,-0.015390,true
TREND0000474,Singapore,CAT008,Baby Products,2026-06-23,44.29,42.00,47.66,57.79,-0.060033,true
TREND0000475,Singapore,CAT008,Baby Products,2026-06-24,46.65,44.43,49.10,57.72,0.053270,true
TREND0000476,Singapore,CAT008,Baby Products,2026-06-25,44.82,42.67,48.43,57.66,-0.039356,true
TREND0000477,Singapore,CAT008,Baby Products,2026-06-26,42.42,40.34,47.49,57.60,-0.053540,true
TREND0000478,Singapore,CAT008,Baby Products,2026-06-27,44.20,42.19,48.63,57.54,0.041907,true
TREND0000479,Singapore,CAT008,Baby Products,2026-06-28,42.60,40.66,48.09,57.48,-0.036129,true
TREND0000480,Singapore,CAT008,Baby Products,2026-06-29,44.11,42.24,49.10,57.42,0.035484,true
TREND0000481,Malaysia,CAT001,Consumer Electronics,2026-05-01,78.11,82.11,84.00,84.18,0.000000,true
TREND0000482,Malaysia,CAT001,Consumer Electronics,2026-05-02,79.78,83.42,84.43,84.35,0.021356,true
TREND0000483,Malaysia,CAT001,Consumer Electronics,2026-05-03,82.45,85.75,84.85,84.51,0.033513,true
TREND0000484,Malaysia,CAT001,Consumer Electronics,2026-05-04,81.46,84.46,85.25,84.68,-0.012094,true
TREND0000485,Malaysia,CAT001,Consumer Electronics,2026-05-05,82.94,85.73,85.62,84.84,0.018259,true
TREND0000486,Malaysia,CAT001,Consumer Electronics,2026-05-06,81.22,83.87,85.97,84.99,-0.020775,true
TREND0000487,Malaysia,CAT001,Consumer Electronics,2026-05-07,84.24,86.85,86.27,85.13,0.037154,true
TREND0000488,Malaysia,CAT001,Consumer Electronics,2026-05-08,82.87,85.56,86.52,85.26,-0.016216,true
TREND0000489,Malaysia,CAT001,Consumer Electronics,2026-05-09,83.11,85.97,86.73,85.39,0.002916,true
TREND0000490,Malaysia,CAT001,Consumer Electronics,2026-05-10,85.04,88.19,86.88,85.50,0.023225,true
TREND0000491,Malaysia,CAT001,Consumer Electronics,2026-05-11,85.13,88.65,86.97,85.60,0.001006,true
TREND0000492,Malaysia,CAT001,Consumer Electronics,2026-05-12,82.91,86.89,87.00,85.68,-0.026091,true
TREND0000493,Malaysia,CAT001,Consumer Electronics,2026-05-13,82.75,87.24,86.97,85.75,-0.001936,true
TREND0000494,Malaysia,CAT001,Consumer Electronics,2026-05-14,79.02,84.07,86.88,85.80,-0.045015,true
TREND0000495,Malaysia,CAT001,Consumer Electronics,2026-05-15,78.85,84.46,86.73,85.84,-0.002160,true
TREND0000496,Malaysia,CAT001,Consumer Electronics,2026-05-16,77.79,83.94,86.52,85.86,-0.013402,true
TREND0000497,Malaysia,CAT001,Consumer Electronics,2026-05-17,78.13,84.77,86.27,85.86,0.004327,true
TREND0000498,Malaysia,CAT001,Consumer Electronics,2026-05-18,78.03,85.08,85.96,85.85,-0.001238,true
TREND0000499,Malaysia,CAT001,Consumer Electronics,2026-05-19,74.52,81.88,85.62,85.82,-0.045045,true
TREND0000500,Malaysia,CAT001,Consumer Electronics,2026-05-20,72.94,80.48,85.24,85.77,-0.021252,true
TREND0000501,Malaysia,CAT001,Consumer Electronics,2026-05-21,74.50,82.09,84.84,85.71,0.021484,true
TREND0000502,Malaysia,CAT001,Consumer Electronics,2026-05-22,71.85,79.33,84.42,85.63,-0.035546,true
TREND0000503,Malaysia,CAT001,Consumer Electronics,2026-05-23,69.96,77.16,84.00,85.54,-0.026368,true
TREND0000504,Malaysia,CAT001,Consumer Electronics,2026-05-24,72.72,79.49,83.57,85.44,0.039397,true
TREND0000505,Malaysia,CAT001,Consumer Electronics,2026-05-25,73.61,79.81,83.15,85.32,0.012327,true
TREND0000506,Malaysia,CAT001,Consumer Electronics,2026-05-26,73.19,78.67,82.75,85.19,-0.005675,true
TREND0000507,Malaysia,CAT001,Consumer Electronics,2026-05-27,74.86,79.51,82.37,85.05,0.022714,true
TREND0000508,Malaysia,CAT001,Consumer Electronics,2026-05-28,70.95,74.70,82.03,84.90,-0.052237,true
TREND0000509,Malaysia,CAT001,Consumer Electronics,2026-05-29,72.92,75.72,81.73,84.74,0.027860,true
TREND0000510,Malaysia,CAT001,Consumer Electronics,2026-05-30,73.00,74.83,81.47,84.58,0.001075,true
TREND0000511,Malaysia,CAT001,Consumer Electronics,2026-05-31,77.10,77.98,81.27,84.42,0.056135,true
TREND0000512,Malaysia,CAT001,Consumer Electronics,2026-06-01,78.37,78.37,81.12,84.25,0.016422,true
TREND0000513,Malaysia,CAT001,Consumer Electronics,2026-06-02,78.23,77.47,81.03,84.08,-0.001715,true
TREND0000514,Malaysia,CAT001,Consumer Electronics,2026-06-03,81.95,80.55,81.00,83.91,0.047476,true
TREND0000515,Malaysia,CAT001,Consumer Electronics,2026-06-04,83.01,81.15,81.03,83.75,0.012991,true
TREND0000516,Malaysia,CAT001,Consumer Electronics,2026-06-05,79.54,77.43,81.12,83.59,-0.041772,true
TREND0000517,Malaysia,CAT001,Consumer Electronics,2026-06-06,80.91,78.75,81.27,83.43,0.017179,true
TREND0000518,Malaysia,CAT001,Consumer Electronics,2026-06-07,85.14,83.16,81.48,83.29,0.052268,true
TREND0000519,Malaysia,CAT001,Consumer Electronics,2026-06-08,83.35,81.80,81.74,83.15,-0.020962,true
TREND0000520,Malaysia,CAT001,Consumer Electronics,2026-06-09,84.72,83.81,82.04,83.02,0.016402,true
TREND0000521,Malaysia,CAT001,Consumer Electronics,2026-06-10,82.37,82.31,82.38,82.91,-0.027705,true
TREND0000522,Malaysia,CAT001,Consumer Electronics,2026-06-11,84.32,85.29,82.76,82.80,0.023585,true
TREND0000523,Malaysia,CAT001,Consumer Electronics,2026-06-12,84.76,86.92,83.16,82.71,0.005300,true
TREND0000524,Malaysia,CAT001,Consumer Electronics,2026-06-13,83.89,87.35,83.58,82.64,-0.010337,true
TREND0000525,Malaysia,CAT001,Consumer Electronics,2026-06-14,83.85,88.68,84.01,82.58,-0.000448,true
TREND0000526,Malaysia,CAT001,Consumer Electronics,2026-06-15,78.15,84.37,84.43,82.53,-0.067972,true
TREND0000527,Malaysia,CAT001,Consumer Electronics,2026-06-16,80.60,88.17,84.85,82.51,0.031323,true
TREND0000528,Malaysia,CAT001,Consumer Electronics,2026-06-17,79.07,87.92,85.25,82.50,-0.018994,true
TREND0000529,Malaysia,CAT001,Consumer Electronics,2026-06-18,78.39,88.38,85.63,82.50,-0.008534,true
TREND0000530,Malaysia,CAT001,Consumer Electronics,2026-06-19,77.99,88.94,85.97,82.53,-0.005192,true
TREND0000531,Malaysia,CAT001,Consumer Electronics,2026-06-20,75.69,87.39,86.27,82.57,-0.029473,true
TREND0000532,Malaysia,CAT001,Consumer Electronics,2026-06-21,71.66,83.85,86.53,82.62,-0.053195,true
TREND0000533,Malaysia,CAT001,Consumer Electronics,2026-06-22,72.34,84.74,86.73,82.69,0.009432,true
TREND0000534,Malaysia,CAT001,Consumer Electronics,2026-06-23,73.36,85.68,86.88,82.78,0.014133,true
TREND0000535,Malaysia,CAT001,Consumer Electronics,2026-06-24,70.06,82.01,86.97,82.88,-0.044917,true
TREND0000536,Malaysia,CAT001,Consumer Electronics,2026-06-25,69.84,81.12,87.00,82.99,-0.003184,true
TREND0000537,Malaysia,CAT001,Consumer Electronics,2026-06-26,71.60,81.93,86.97,83.12,0.025240,true
TREND0000538,Malaysia,CAT001,Consumer Electronics,2026-06-27,71.57,80.71,86.88,83.25,-0.000513,true
TREND0000539,Malaysia,CAT001,Consumer Electronics,2026-06-28,72.34,80.08,86.72,83.40,0.010857,true
TREND0000540,Malaysia,CAT001,Consumer Electronics,2026-06-29,74.67,80.84,86.52,83.55,0.032133,true
TREND0000541,Malaysia,CAT002,Home & Living,2026-05-01,85.63,79.63,54.82,70.85,0.000000,true
TREND0000542,Malaysia,CAT002,Home & Living,2026-05-02,82.95,77.02,53.73,70.78,-0.031323,true
TREND0000543,Malaysia,CAT002,Home & Living,2026-05-03,82.97,77.11,53.99,70.71,0.000234,true
TREND0000544,Malaysia,CAT002,Home & Living,2026-05-04,82.72,76.93,54.12,70.64,-0.003034,true
TREND0000545,Malaysia,CAT002,Home & Living,2026-05-05,81.72,76.00,53.88,70.57,-0.012120,true
TREND0000546,Malaysia,CAT002,Home & Living,2026-05-06,80.42,74.77,53.48,70.50,-0.015907,true
TREND0000547,Malaysia,CAT002,Home & Living,2026-05-07,82.10,76.52,54.58,70.42,0.020980,true
TREND0000548,Malaysia,CAT002,Home & Living,2026-05-08,81.69,76.18,54.63,70.35,-0.005067,true
TREND0000549,Malaysia,CAT002,Home & Living,2026-05-09,82.13,76.69,55.10,70.28,0.005373,true
TREND0000550,Malaysia,CAT002,Home & Living,2026-05-10,77.12,71.75,52.85,70.21,-0.060984,true
TREND0000551,Malaysia,CAT002,Home & Living,2026-05-11,79.32,74.02,54.21,70.14,0.028562,true
TREND0000552,Malaysia,CAT002,Home & Living,2026-05-12,78.12,72.89,53.86,70.07,-0.015168,true
TREND0000553,Malaysia,CAT002,Home & Living,2026-05-13,79.20,74.04,54.66,70.00,0.013885,true
TREND0000554,Malaysia,CAT002,Home & Living,2026-05-14,76.44,71.35,53.53,69.93,-0.034886,true
TREND0000555,Malaysia,CAT002,Home & Living,2026-05-15,76.60,71.58,53.87,69.86,0.002137,true
TREND0000556,Malaysia,CAT002,Home & Living,2026-05-16,74.25,69.30,52.95,69.79,-0.030654,true
TREND0000557,Malaysia,CAT002,Home & Living,2026-05-17,73.67,68.79,52.92,69.72,-0.007860,true
TREND0000558,Malaysia,CAT002,Home & Living,2026-05-18,72.74,67.93,52.70,69.65,-0.012629,true
TREND0000559,Malaysia,CAT002,Home & Living,2026-05-19,74.80,70.06,53.99,69.57,0.028270,true
TREND0000560,Malaysia,CAT002,Home & Living,2026-05-20,69.46,64.79,51.57,69.50,-0.071399,true
TREND0000561,Malaysia,CAT002,Home & Living,2026-05-21,69.86,65.26,52.03,69.43,0.005869,true
TREND0000562,Malaysia,CAT002,Home & Living,2026-05-22,69.14,64.61,51.92,69.36,-0.010377,true
TREND0000563,Malaysia,CAT002,Home & Living,2026-05-23,67.92,63.46,51.57,69.29,-0.017581,true
TREND0000564,Malaysia,CAT002,Home & Living,2026-05-24,70.18,65.79,52.96,69.22,0.033233,true
TREND0000565,Malaysia,CAT002,Home & Living,2026-05-25,67.11,62.79,51.67,69.15,-0.043792,true
TREND0000566,Malaysia,CAT002,Home & Living,2026-05-26,67.78,63.53,52.26,69.08,0.009991,true
TREND0000567,Malaysia,CAT002,Home & Living,2026-05-27,64.29,60.11,50.78,69.01,-0.051428,true
TREND0000568,Malaysia,CAT002,Home & Living,2026-05-28,64.37,60.26,51.07,68.94,0.001259,true
TREND0000569,Malaysia,CAT002,Home & Living,2026-05-29,62.66,58.62,50.47,68.87,-0.026585,true
TREND0000570,Malaysia,CAT002,Home & Living,2026-05-30,63.37,59.40,51.08,68.80,0.011274,true
TREND0000571,Malaysia,CAT002,Home & Living,2026-05-31,65.91,62.01,52.61,68.72,0.040195,true
TREND0000572,Malaysia,CAT002,Home & Living,2026-06-01,61.59,57.76,50.70,68.65,-0.065666,true
TREND0000573,Malaysia,CAT002,Home & Living,2026-06-02,60.33,56.57,50.32,68.58,-0.020460,true
TREND0000574,Malaysia,CAT002,Home & Living,2026-06-03,62.62,58.93,51.73,68.51,0.038082,true
TREND0000575,Malaysia,CAT002,Home & Living,2026-06-04,59.11,55.49,50.22,68.44,-0.056141,true
TREND0000576,Malaysia,CAT002,Home & Living,2026-06-05,58.21,54.66,50.03,68.37,-0.015260,true
TREND0000577,Malaysia,CAT002,Home & Living,2026-06-06,61.11,57.63,51.74,68.30,0.049915,true
TREND0000578,Malaysia,CAT002,Home & Living,2026-06-07,59.09,55.68,50.98,68.23,-0.033049,true
TREND0000579,Malaysia,CAT002,Home & Living,2026-06-08,59.43,56.09,51.41,68.16,0.005786,true
TREND0000580,Malaysia,CAT002,Home & Living,2026-06-09,57.31,54.04,50.60,68.09,-0.035679,true
TREND0000581,Malaysia,CAT002,Home & Living,2026-06-10,55.65,52.45,50.03,68.02,-0.028968,true
TREND0000582,Malaysia,CAT002,Home & Living,2026-06-11,57.07,53.94,50.99,67.95,0.025397,true
TREND0000583,Malaysia,CAT002,Home & Living,2026-06-12,55.04,51.98,50.23,67.87,-0.035480,true
TREND0000584,Malaysia,CAT002,Home & Living,2026-06-13,54.46,51.47,50.19,67.80,-0.010629,true
TREND0000585,Malaysia,CAT002,Home & Living,2026-06-14,52.86,49.94,49.65,67.73,-0.029338,true
TREND0000586,Malaysia,CAT002,Home & Living,2026-06-15,52.87,50.02,49.91,67.66,0.000280,true
TREND0000587,Malaysia,CAT002,Home & Living,2026-06-16,51.54,48.76,49.50,67.59,-0.025180,true
TREND0000588,Malaysia,CAT002,Home & Living,2026-06-17,48.65,45.94,48.31,67.52,-0.056137,true
TREND0000589,Malaysia,CAT002,Home & Living,2026-06-18,49.21,46.57,48.84,67.45,0.011524,true
TREND0000590,Malaysia,CAT002,Home & Living,2026-06-19,47.37,44.80,48.18,67.38,-0.037316,true
TREND0000591,Malaysia,CAT002,Home & Living,2026-06-20,50.35,47.85,49.92,67.31,0.062762,true
TREND0000592,Malaysia,CAT002,Home & Living,2026-06-21,46.12,43.69,48.06,67.24,-0.083944,true
TREND0000593,Malaysia,CAT002,Home & Living,2026-06-22,47.98,45.62,49.25,67.17,0.040298,true
TREND0000594,Malaysia,CAT002,Home & Living,2026-06-23,44.31,42.02,47.67,67.09,-0.076362,true
TREND0000595,Malaysia,CAT002,Home & Living,2026-06-24,47.88,45.66,49.71,67.02,0.080504,true
TREND0000596,Malaysia,CAT002,Home & Living,2026-06-25,45.61,43.46,48.83,66.95,-0.047531,true
TREND0000597,Malaysia,CAT002,Home & Living,2026-06-26,44.89,42.81,48.73,66.88,-0.015662,true
TREND0000598,Malaysia,CAT002,Home & Living,2026-06-27,41.54,39.53,47.30,66.81,-0.074767,true
TREND0000599,Malaysia,CAT002,Home & Living,2026-06-28,44.06,42.12,48.82,66.74,0.060746,true
TREND0000600,Malaysia,CAT002,Home & Living,2026-06-29,39.96,38.09,47.03,66.67,-0.092936,true
TREND0000601,Malaysia,CAT003,Beauty & Personal Care,2026-05-01,59.38,48.64,48.00,155.90,0.000000,true
TREND0000602,Malaysia,CAT003,Beauty & Personal Care,2026-05-02,61.18,49.80,48.89,156.58,0.030233,true
TREND0000603,Malaysia,CAT003,Beauty & Personal Care,2026-05-03,64.66,53.06,49.76,157.25,0.056958,true
TREND0000604,Malaysia,CAT003,Beauty & Personal Care,2026-05-04,71.49,60.09,50.62,157.90,0.105667,true
TREND0000605,Malaysia,CAT003,Beauty & Personal Care,2026-05-05,74.15,63.36,51.44,158.52,0.037161,true
TREND0000606,Malaysia,CAT003,Beauty & Personal Care,2026-05-06,76.13,66.34,52.22,159.09,0.026699,true
TREND0000607,Malaysia,CAT003,Beauty & Personal Care,2026-05-07,76.72,68.26,52.95,159.62,0.007754,true
TREND0000608,Malaysia,CAT003,Beauty & Personal Care,2026-05-08,76.67,69.81,53.61,160.09,-0.000623,true
TREND0000609,Malaysia,CAT003,Beauty & Personal Care,2026-05-09,78.31,73.23,54.21,160.49,0.021358,true
TREND0000610,Malaysia,CAT003,Beauty & Personal Care,2026-05-10,78.03,74.84,54.73,160.82,-0.003561,true
TREND0000611,Malaysia,CAT003,Beauty & Personal Care,2026-05-11,75.65,74.36,55.17,161.08,-0.030520,true
TREND0000612,Malaysia,CAT003,Beauty & Personal Care,2026-05-12,71.84,72.36,55.52,161.25,-0.050412,true
TREND0000613,Malaysia,CAT003,Beauty & Personal Care,2026-05-13,68.96,71.13,55.78,161.34,-0.040021,true
TREND0000614,Malaysia,CAT003,Beauty & Personal Care,2026-05-14,62.58,66.14,55.94,161.35,-0.092550,true
TREND0000615,Malaysia,CAT003,Beauty & Personal Care,2026-05-15,59.12,63.74,56.00,161.27,-0.055267,true
TREND0000616,Malaysia,CAT003,Beauty & Personal Care,2026-05-16,55.71,61.02,55.96,161.11,-0.057729,true
TREND0000617,Malaysia,CAT003,Beauty & Personal Care,2026-05-17,50.99,56.58,55.83,160.86,-0.084698,true
TREND0000618,Malaysia,CAT003,Beauty & Personal Care,2026-05-18,47.74,53.19,55.60,160.54,-0.063824,true
TREND0000619,Malaysia,CAT003,Beauty & Personal Care,2026-05-19,40.42,45.32,55.27,160.15,-0.153257,true
TREND0000620,Malaysia,CAT003,Beauty & Personal Care,2026-05-20,41.00,44.95,54.86,159.69,0.014294,true
TREND0000621,Malaysia,CAT003,Beauty & Personal Care,2026-05-21,40.42,43.08,54.36,159.17,-0.014139,true
TREND0000622,Malaysia,CAT003,Beauty & Personal Care,2026-05-22,39.12,40.22,53.78,158.60,-0.032098,true
TREND0000623,Malaysia,CAT003,Beauty & Personal Care,2026-05-23,37.50,36.83,53.14,157.98,-0.041467,true
TREND0000624,Malaysia,CAT003,Beauty & Personal Care,2026-05-24,39.30,36.75,52.42,157.34,0.048006,true
TREND0000625,Malaysia,CAT003,Beauty & Personal Care,2026-05-25,39.71,35.26,51.66,156.67,0.010537,true
TREND0000626,Malaysia,CAT003,Beauty & Personal Care,2026-05-26,45.54,39.26,50.85,155.99,0.146804,true
TREND0000627,Malaysia,CAT003,Beauty & Personal Care,2026-05-27,49.57,41.62,50.00,155.31,0.088541,true
TREND0000628,Malaysia,CAT003,Beauty & Personal Care,2026-05-28,51.52,42.14,49.13,154.64,0.039280,true
TREND0000629,Malaysia,CAT003,Beauty & Personal Care,2026-05-29,56.51,46.02,48.24,153.99,0.096894,true
TREND0000630,Malaysia,CAT003,Beauty & Personal Care,2026-05-30,58.72,47.48,47.36,153.36,0.039053,true
TREND0000631,Malaysia,CAT003,Beauty & Personal Care,2026-05-31,67.50,55.92,46.48,152.78,0.149504,true
TREND0000632,Malaysia,CAT003,Beauty & Personal Care,2026-06-01,68.11,56.62,45.61,152.25,0.009097,true
TREND0000633,Malaysia,CAT003,Beauty & Personal Care,2026-06-02,74.09,63.09,44.78,151.77,0.087661,true
TREND0000634,Malaysia,CAT003,Beauty & Personal Care,2026-06-03,77.18,67.08,43.99,151.36,0.041738,true
TREND0000635,Malaysia,CAT003,Beauty & Personal Care,2026-06-04,77.47,68.61,43.25,151.02,0.003777,true
TREND0000636,Malaysia,CAT003,Beauty & Personal Care,2026-06-05,80.14,72.81,42.56,150.75,0.034467,true
TREND0000637,Malaysia,CAT003,Beauty & Personal Care,2026-06-06,75.80,70.22,41.95,150.57,-0.054146,true
TREND0000638,Malaysia,CAT003,Beauty & Personal Care,2026-06-07,77.96,74.25,41.40,150.46,0.028544,true
TREND0000639,Malaysia,CAT003,Beauty & Personal Care,2026-06-08,76.20,74.39,40.94,150.45,-0.022670,true
TREND0000640,Malaysia,CAT003,Beauty & Personal Care,2026-06-09,72.09,72.13,40.57,150.52,-0.053925,true
TREND0000641,Malaysia,CAT003,Beauty & Personal Care,2026-06-10,66.82,68.56,40.29,150.67,-0.073020,true
TREND0000642,Malaysia,CAT003,Beauty & Personal Care,2026-06-11,62.79,66.00,40.10,150.90,-0.060333,true
TREND0000643,Malaysia,CAT003,Beauty & Personal Care,2026-06-12,60.88,65.24,40.01,151.21,-0.030443,true
TREND0000644,Malaysia,CAT003,Beauty & Personal Care,2026-06-13,57.59,62.75,40.02,151.60,-0.054083,true
TREND0000645,Malaysia,CAT003,Beauty & Personal Care,2026-06-14,49.79,55.35,40.12,152.05,-0.135355,true
TREND0000646,Malaysia,CAT003,Beauty & Personal Care,2026-06-15,48.40,53.93,40.33,152.56,-0.028061,true
TREND0000647,Malaysia,CAT003,Beauty & Personal Care,2026-06-16,41.66,46.75,40.63,153.13,-0.139122,true
TREND0000648,Malaysia,CAT003,Beauty & Personal Care,2026-06-17,40.48,44.73,41.02,153.73,-0.028340,true
TREND0000649,Malaysia,CAT003,Beauty & Personal Care,2026-06-18,38.80,41.85,41.49,154.38,-0.041430,true
TREND0000650,Malaysia,CAT003,Beauty & Personal Care,2026-06-19,36.90,38.45,42.05,155.04,-0.049073,true
TREND0000651,Malaysia,CAT003,Beauty & Personal Care,2026-06-20,36.44,36.27,42.68,155.72,-0.012417,true
TREND0000652,Malaysia,CAT003,Beauty & Personal Care,2026-06-21,37.46,35.43,43.37,156.40,0.027857,true
TREND0000653,Malaysia,CAT003,Beauty & Personal Care,2026-06-22,42.82,38.89,44.13,157.07,0.143272,true
TREND0000654,Malaysia,CAT003,Beauty & Personal Care,2026-06-23,44.86,39.06,44.93,157.73,0.047559,true
TREND0000655,Malaysia,CAT003,Beauty & Personal Care,2026-06-24,47.34,39.83,45.76,158.36,0.055370,true
TREND0000656,Malaysia,CAT003,Beauty & Personal Care,2026-06-25,52.91,43.89,46.63,158.94,0.117571,true
TREND0000657,Malaysia,CAT003,Beauty & Personal Care,2026-06-26,57.19,46.97,47.51,159.48,0.080892,true
TREND0000658,Malaysia,CAT003,Beauty & Personal Care,2026-06-27,60.30,49.22,48.40,159.97,0.054314,true
TREND0000659,Malaysia,CAT003,Beauty & Personal Care,2026-06-28,62.95,51.42,49.28,160.39,0.043924,true
TREND0000660,Malaysia,CAT003,Beauty & Personal Care,2026-06-29,69.63,58.07,50.15,160.74,0.106262,true
TREND0000661,Malaysia,CAT004,Fashion Accessories,2026-05-01,67.52,71.52,60.76,264.67,0.000000,true
TREND0000662,Malaysia,CAT004,Fashion Accessories,2026-05-02,69.27,72.97,61.93,265.73,0.025854,true
TREND0000663,Malaysia,CAT004,Fashion Accessories,2026-05-03,66.28,69.68,60.73,266.79,-0.043152,true
TREND0000664,Malaysia,CAT004,Fashion Accessories,2026-05-04,67.62,70.72,61.69,267.85,0.020166,true
TREND0000665,Malaysia,CAT004,Fashion Accessories,2026-05-05,65.50,68.30,60.93,268.90,-0.031309,true
TREND0000666,Malaysia,CAT004,Fashion Accessories,2026-05-06,63.93,66.43,60.44,269.96,-0.023937,true
TREND0000667,Malaysia,CAT004,Fashion Accessories,2026-05-07,66.25,68.45,61.90,271.02,0.036272,true
TREND0000668,Malaysia,CAT004,Fashion Accessories,2026-05-08,65.25,67.15,61.69,272.08,-0.015108,true
TREND0000669,Malaysia,CAT004,Fashion Accessories,2026-05-09,67.47,69.07,63.10,273.14,0.034097,true
TREND0000670,Malaysia,CAT004,Fashion Accessories,2026-05-10,63.98,65.28,61.64,274.20,-0.051791,true
TREND0000671,Malaysia,CAT004,Fashion Accessories,2026-05-11,65.13,66.13,62.51,275.26,0.017921,true
TREND0000672,Malaysia,CAT004,Fashion Accessories,2026-05-12,62.08,62.78,61.29,276.32,-0.046766,true
TREND0000673,Malaysia,CAT004,Fashion Accessories,2026-05-13,61.37,61.77,61.22,277.37,-0.011492,true
TREND0000674,Malaysia,CAT004,Fashion Accessories,2026-05-14,63.67,63.77,62.67,278.43,0.037598,true
TREND0000675,Malaysia,CAT004,Fashion Accessories,2026-05-15,63.90,63.70,63.08,279.49,0.003602,true
TREND0000676,Malaysia,CAT004,Fashion Accessories,2026-05-16,62.79,62.29,62.82,280.55,-0.017469,true
TREND0000677,Malaysia,CAT004,Fashion Accessories,2026-05-17,64.70,63.90,64.07,281.61,0.030410,true
TREND0000678,Malaysia,CAT004,Fashion Accessories,2026-05-18,63.26,62.16,63.65,282.67,-0.022164,true
TREND0000679,Malaysia,CAT004,Fashion Accessories,2026-05-19,63.18,61.78,63.90,283.73,-0.001239,true
TREND0000680,Malaysia,CAT004,Fashion Accessories,2026-05-20,59.26,57.56,62.23,284.78,-0.062189,true
TREND0000681,Malaysia,CAT004,Fashion Accessories,2026-05-21,62.23,60.23,64.01,285.84,0.050184,true
TREND0000682,Malaysia,CAT004,Fashion Accessories,2026-05-22,58.76,56.46,62.58,286.90,-0.055725,true
TREND0000683,Malaysia,CAT004,Fashion Accessories,2026-05-23,61.95,59.35,64.47,287.96,0.054313,true
TREND0000684,Malaysia,CAT004,Fashion Accessories,2026-05-24,58.18,55.28,62.88,289.02,-0.060895,true
TREND0000685,Malaysia,CAT004,Fashion Accessories,2026-05-25,59.85,56.65,64.00,290.08,0.028630,true
TREND0000686,Malaysia,CAT004,Fashion Accessories,2026-05-26,59.99,56.49,64.37,291.14,0.002389,true
TREND0000687,Malaysia,CAT004,Fashion Accessories,2026-05-27,61.05,57.25,65.19,292.20,0.017648,true
TREND0000688,Malaysia,CAT004,Fashion Accessories,2026-05-28,58.81,54.71,64.37,293.25,-0.036676,true
TREND0000689,Malaysia,CAT004,Fashion Accessories,2026-05-29,60.21,55.81,65.37,294.31,0.023897,true
TREND0000690,Malaysia,CAT004,Fashion Accessories,2026-05-30,55.52,50.82,63.32,295.37,-0.077885,true
TREND0000691,Malaysia,CAT004,Fashion Accessories,2026-05-31,56.21,51.21,63.95,296.43,0.012291,true
TREND0000692,Malaysia,CAT004,Fashion Accessories,2026-06-01,57.19,51.89,64.74,297.49,0.017503,true
TREND0000693,Malaysia,CAT004,Fashion Accessories,2026-06-02,56.94,51.34,64.91,298.55,-0.004364,true
TREND0000694,Malaysia,CAT004,Fashion Accessories,2026-06-03,54.00,48.10,63.73,299.61,-0.051677,true
TREND0000695,Malaysia,CAT004,Fashion Accessories,2026-06-04,57.18,50.98,65.62,300.67,0.058950,true
TREND0000696,Malaysia,CAT004,Fashion Accessories,2026-06-05,55.69,49.19,65.17,301.72,-0.026169,true
TREND0000697,Malaysia,CAT004,Fashion Accessories,2026-06-06,56.08,49.28,65.66,302.78,0.007093,true
TREND0000698,Malaysia,CAT004,Fashion Accessories,2026-06-07,55.40,48.30,65.62,303.84,-0.012054,true
TREND0000699,Malaysia,CAT004,Fashion Accessories,2026-06-08,54.32,46.92,65.37,304.90,-0.019601,true
TREND0000700,Malaysia,CAT004,Fashion Accessories,2026-06-09,52.83,45.13,64.92,305.96,-0.027334,true
TREND0000701,Malaysia,CAT004,Fashion Accessories,2026-06-10,55.26,47.26,66.43,307.02,0.045904,true
TREND0000702,Malaysia,CAT004,Fashion Accessories,2026-06-11,54.27,45.97,66.23,308.08,-0.017878,true
TREND0000703,Malaysia,CAT004,Fashion Accessories,2026-06-12,55.79,47.19,67.29,309.13,0.028069,true
TREND0000704,Malaysia,CAT004,Fashion Accessories,2026-06-13,54.05,45.15,66.71,310.19,-0.031318,true
TREND0000705,Malaysia,CAT004,Fashion Accessories,2026-06-14,51.02,41.82,65.49,311.25,-0.056031,true
TREND0000706,Malaysia,CAT004,Fashion Accessories,2026-06-15,50.57,41.07,65.56,312.31,-0.008762,true
TREND0000707,Malaysia,CAT004,Fashion Accessories,2026-06-16,49.47,39.67,65.31,313.37,-0.021734,true
TREND0000708,Malaysia,CAT004,Fashion Accessories,2026-06-17,49.11,39.01,65.42,314.43,-0.007239,true
TREND0000709,Malaysia,CAT004,Fashion Accessories,2026-06-18,52.09,41.69,67.21,315.49,0.060678,true
TREND0000710,Malaysia,CAT004,Fashion Accessories,2026-06-19,49.73,39.03,66.32,316.55,-0.045367,true
TREND0000711,Malaysia,CAT004,Fashion Accessories,2026-06-20,52.66,41.66,68.08,317.60,0.058834,true
TREND0000712,Malaysia,CAT004,Fashion Accessories,2026-06-21,50.35,39.05,67.22,318.66,-0.043809,true
TREND0000713,Malaysia,CAT004,Fashion Accessories,2026-06-22,49.76,38.16,67.22,319.72,-0.011740,true
TREND0000714,Malaysia,CAT004,Fashion Accessories,2026-06-23,51.44,39.54,68.35,320.78,0.033764,true
TREND0000715,Malaysia,CAT004,Fashion Accessories,2026-06-24,47.30,35.10,66.58,321.84,-0.080381,true
TREND0000716,Malaysia,CAT004,Fashion Accessories,2026-06-25,49.90,37.40,68.17,322.90,0.054820,true
TREND0000717,Malaysia,CAT004,Fashion Accessories,2026-06-26,49.83,37.03,68.43,323.96,-0.001378,true
TREND0000718,Malaysia,CAT004,Fashion Accessories,2026-06-27,48.93,35.83,68.28,325.01,-0.018021,true
TREND0000719,Malaysia,CAT004,Fashion Accessories,2026-06-28,48.74,35.34,68.48,326.07,-0.003971,true
TREND0000720,Malaysia,CAT004,Fashion Accessories,2026-06-29,47.18,33.48,68.00,327.13,-0.031889,true
TREND0000721,Malaysia,CAT005,Sports & Outdoors,2026-05-01,38.28,32.28,28.14,44.93,0.000000,true
TREND0000722,Malaysia,CAT005,Sports & Outdoors,2026-05-02,37.72,31.59,27.51,44.97,-0.014700,true
TREND0000723,Malaysia,CAT005,Sports & Outdoors,2026-05-03,39.45,33.19,28.03,45.00,0.045875,true
TREND0000724,Malaysia,CAT005,Sports & Outdoors,2026-05-04,39.69,33.30,27.81,45.04,0.006168,true
TREND0000725,Malaysia,CAT005,Sports & Outdoors,2026-05-05,39.96,33.44,27.60,45.07,0.006850,true
TREND0000726,Malaysia,CAT005,Sports & Outdoors,2026-05-06,41.18,34.53,27.87,45.11,0.030505,true
TREND0000727,Malaysia,CAT005,Sports & Outdoors,2026-05-07,44.78,38.00,29.32,45.15,0.087384,true
TREND0000728,Malaysia,CAT005,Sports & Outdoors,2026-05-08,41.96,35.05,27.56,45.18,-0.063098,true
TREND0000729,Malaysia,CAT005,Sports & Outdoors,2026-05-09,43.94,36.90,28.21,45.22,0.047304,true
TREND0000730,Malaysia,CAT005,Sports & Outdoors,2026-05-10,46.49,39.32,29.14,45.25,0.058106,true
TREND0000731,Malaysia,CAT005,Sports & Outdoors,2026-05-11,46.98,39.68,29.04,45.29,0.010400,true
TREND0000732,Malaysia,CAT005,Sports & Outdoors,2026-05-12,46.14,38.71,28.27,45.33,-0.017893,true
TREND0000733,Malaysia,CAT005,Sports & Outdoors,2026-05-13,49.26,41.70,29.49,45.36,0.067599,true
TREND0000734,Malaysia,CAT005,Sports & Outdoors,2026-05-14,47.52,39.83,28.28,45.40,-0.035201,true
TREND0000735,Malaysia,CAT005,Sports & Outdoors,2026-05-15,49.78,41.96,29.06,45.43,0.047501,true
TREND0000736,Malaysia,CAT005,Sports & Outdoors,2026-05-16,49.24,41.29,28.45,45.47,-0.010781,true
TREND0000737,Malaysia,CAT005,Sports & Outdoors,2026-05-17,52.14,44.06,29.55,45.51,0.058741,true
TREND0000738,Malaysia,CAT005,Sports & Outdoors,2026-05-18,50.20,41.99,28.24,45.54,-0.037042,true
TREND0000739,Malaysia,CAT005,Sports & Outdoors,2026-05-19,52.49,44.15,29.04,45.58,0.045610,true
TREND0000740,Malaysia,CAT005,Sports & Outdoors,2026-05-20,53.97,45.50,29.43,45.61,0.028203,true
TREND0000741,Malaysia,CAT005,Sports & Outdoors,2026-05-21,55.62,47.02,29.91,45.65,0.030451,true
TREND0000742,Malaysia,CAT005,Sports & Outdoors,2026-05-22,55.30,46.57,29.41,45.68,-0.005707,true
TREND0000743,Malaysia,CAT005,Sports & Outdoors,2026-05-23,58.52,49.66,30.67,45.72,0.058135,true
TREND0000744,Malaysia,CAT005,Sports & Outdoors,2026-05-24,57.95,48.96,30.04,45.76,-0.009682,true
TREND0000745,Malaysia,CAT005,Sports & Outdoors,2026-05-25,57.98,48.86,29.71,45.79,0.000562,true
TREND0000746,Malaysia,CAT005,Sports & Outdoors,2026-05-26,59.12,49.87,29.93,45.83,0.019554,true
TREND0000747,Malaysia,CAT005,Sports & Outdoors,2026-05-27,60.63,51.25,30.34,45.86,0.025606,true
TREND0000748,Malaysia,CAT005,Sports & Outdoors,2026-05-28,58.70,49.19,29.03,45.90,-0.031891,true
TREND0000749,Malaysia,CAT005,Sports & Outdoors,2026-05-29,62.66,53.02,30.67,45.94,0.067543,true
TREND0000750,Malaysia,CAT005,Sports & Outdoors,2026-05-30,62.20,52.43,30.10,45.97,-0.007302,true
TREND0000751,Malaysia,CAT005,Sports & Outdoors,2026-05-31,65.14,55.24,31.22,46.01,0.047159,true
TREND0000752,Malaysia,CAT005,Sports & Outdoors,2026-06-01,65.01,54.98,30.81,46.04,-0.001997,true
TREND0000753,Malaysia,CAT005,Sports & Outdoors,2026-06-02,64.89,54.73,30.41,46.08,-0.001744,true
TREND0000754,Malaysia,CAT005,Sports & Outdoors,2026-06-03,65.31,55.02,30.27,46.12,0.006459,true
TREND0000755,Malaysia,CAT005,Sports & Outdoors,2026-06-04,64.65,54.23,29.60,46.15,-0.010084,true
TREND0000756,Malaysia,CAT005,Sports & Outdoors,2026-06-05,65.43,54.88,29.64,46.19,0.012023,true
TREND0000757,Malaysia,CAT005,Sports & Outdoors,2026-06-06,66.70,56.02,29.93,46.22,0.019337,true
TREND0000758,Malaysia,CAT005,Sports & Outdoors,2026-06-07,68.56,57.75,30.52,46.26,0.028011,true
TREND0000759,Malaysia,CAT005,Sports & Outdoors,2026-06-08,71.43,60.49,31.60,46.30,0.041778,true
TREND0000760,Malaysia,CAT005,Sports & Outdoors,2026-06-09,72.35,61.28,31.72,46.33,0.012861,true
TREND0000761,Malaysia,CAT005,Sports & Outdoors,2026-06-10,70.04,58.84,30.22,46.37,-0.031828,true
TREND0000762,Malaysia,CAT005,Sports & Outdoors,2026-06-11,72.66,61.33,31.19,46.40,0.037405,true
TREND0000763,Malaysia,CAT005,Sports & Outdoors,2026-06-12,72.26,60.80,30.64,46.44,-0.005528,true
TREND0000764,Malaysia,CAT005,Sports & Outdoors,2026-06-13,75.13,63.54,31.73,46.48,0.039663,true
TREND0000765,Malaysia,CAT005,Sports & Outdoors,2026-06-14,76.13,64.41,31.89,46.51,0.013363,true
TREND0000766,Malaysia,CAT005,Sports & Outdoors,2026-06-15,76.70,64.85,31.83,46.55,0.007497,true
TREND0000767,Malaysia,CAT005,Sports & Outdoors,2026-06-16,75.76,63.78,31.01,46.58,-0.012249,true
TREND0000768,Malaysia,CAT005,Sports & Outdoors,2026-06-17,79.38,67.27,32.47,46.62,0.047699,true
TREND0000769,Malaysia,CAT005,Sports & Outdoors,2026-06-18,81.20,68.96,33.04,46.66,0.022935,true
TREND0000770,Malaysia,CAT005,Sports & Outdoors,2026-06-19,78.02,65.65,31.11,46.69,-0.039137,true
TREND0000771,Malaysia,CAT005,Sports & Outdoors,2026-06-20,78.07,65.57,30.78,46.73,0.000632,true
TREND0000772,Malaysia,CAT005,Sports & Outdoors,2026-06-21,79.64,67.01,31.23,46.76,0.020165,true
TREND0000773,Malaysia,CAT005,Sports & Outdoors,2026-06-22,81.73,68.97,31.93,46.80,0.026239,true
TREND0000774,Malaysia,CAT005,Sports & Outdoors,2026-06-23,85.40,72.51,33.41,46.84,0.044823,true
TREND0000775,Malaysia,CAT005,Sports & Outdoors,2026-06-24,84.18,71.16,32.46,46.87,-0.014247,true
TREND0000776,Malaysia,CAT005,Sports & Outdoors,2026-06-25,84.56,71.41,32.31,46.91,0.004542,true
TREND0000777,Malaysia,CAT005,Sports & Outdoors,2026-06-26,87.54,74.26,33.45,46.94,0.035178,true
TREND0000778,Malaysia,CAT005,Sports & Outdoors,2026-06-27,84.42,71.01,31.55,46.98,-0.035615,true
TREND0000779,Malaysia,CAT005,Sports & Outdoors,2026-06-28,85.77,72.23,31.88,47.01,0.016040,true
TREND0000780,Malaysia,CAT005,Sports & Outdoors,2026-06-29,88.19,74.52,32.74,47.05,0.028142,true
TREND0000781,Malaysia,CAT006,Pet Supplies,2026-05-01,76.56,80.56,84.00,220.43,0.000000,true
TREND0000782,Malaysia,CAT006,Pet Supplies,2026-05-02,76.88,80.51,84.43,220.87,0.004137,true
TREND0000783,Malaysia,CAT006,Pet Supplies,2026-05-03,80.90,84.20,84.85,221.31,0.052346,true
TREND0000784,Malaysia,CAT006,Pet Supplies,2026-05-04,81.75,84.76,85.25,221.73,0.010501,true
TREND0000785,Malaysia,CAT006,Pet Supplies,2026-05-05,79.89,82.68,85.62,222.15,-0.022719,true
TREND0000786,Malaysia,CAT006,Pet Supplies,2026-05-06,85.13,87.79,85.97,222.54,0.065621,true
TREND0000787,Malaysia,CAT006,Pet Supplies,2026-05-07,81.63,84.25,86.27,222.92,-0.041117,true
TREND0000788,Malaysia,CAT006,Pet Supplies,2026-05-08,85.15,87.83,86.52,223.27,0.043062,true
TREND0000789,Malaysia,CAT006,Pet Supplies,2026-05-09,82.19,85.06,86.73,223.59,-0.034717,true
TREND0000790,Malaysia,CAT006,Pet Supplies,2026-05-10,84.40,87.54,86.88,223.88,0.026806,true
TREND0000791,Malaysia,CAT006,Pet Supplies,2026-05-11,83.73,87.25,86.97,224.14,-0.007900,true
TREND0000792,Malaysia,CAT006,Pet Supplies,2026-05-12,85.17,89.15,87.00,224.36,0.017239,true
TREND0000793,Malaysia,CAT006,Pet Supplies,2026-05-13,83.28,87.77,86.97,224.54,-0.022215,true
TREND0000794,Malaysia,CAT006,Pet Supplies,2026-05-14,80.93,85.98,86.88,224.68,-0.028190,true
TREND0000795,Malaysia,CAT006,Pet Supplies,2026-05-15,77.57,83.18,86.73,224.77,-0.041506,true
TREND0000796,Malaysia,CAT006,Pet Supplies,2026-05-16,80.66,86.81,86.52,224.83,0.039833,true
TREND0000797,Malaysia,CAT006,Pet Supplies,2026-05-17,79.39,86.02,86.27,224.84,-0.015846,true
TREND0000798,Malaysia,CAT006,Pet Supplies,2026-05-18,77.48,84.53,85.96,224.80,-0.023949,true
TREND0000799,Malaysia,CAT006,Pet Supplies,2026-05-19,75.06,82.42,85.62,224.72,-0.031314,true
TREND0000800,Malaysia,CAT006,Pet Supplies,2026-05-20,73.02,80.57,85.24,224.60,-0.027117,true
TREND0000801,Malaysia,CAT006,Pet Supplies,2026-05-21,72.15,79.74,84.84,224.44,-0.011957,true
TREND0000802,Malaysia,CAT006,Pet Supplies,2026-05-22,74.36,81.84,84.42,224.24,0.030642,true
TREND0000803,Malaysia,CAT006,Pet Supplies,2026-05-23,73.77,80.97,84.00,223.99,-0.007953,true
TREND0000804,Malaysia,CAT006,Pet Supplies,2026-05-24,71.86,78.63,83.57,223.72,-0.025930,true
TREND0000805,Malaysia,CAT006,Pet Supplies,2026-05-25,73.08,79.28,83.15,223.41,0.017066,true
TREND0000806,Malaysia,CAT006,Pet Supplies,2026-05-26,69.90,75.38,82.75,223.07,-0.043494,true
TREND0000807,Malaysia,CAT006,Pet Supplies,2026-05-27,72.12,76.77,82.37,222.70,0.031651,true
TREND0000808,Malaysia,CAT006,Pet Supplies,2026-05-28,73.41,77.16,82.03,222.31,0.017889,true
TREND0000809,Malaysia,CAT006,Pet Supplies,2026-05-29,72.57,75.36,81.73,221.91,-0.011452,true
TREND0000810,Malaysia,CAT006,Pet Supplies,2026-05-30,76.03,77.86,81.47,221.48,0.047769,true
TREND0000811,Malaysia,CAT006,Pet Supplies,2026-05-31,74.92,75.80,81.27,221.05,-0.014621,true
TREND0000812,Malaysia,CAT006,Pet Supplies,2026-06-01,79.59,79.59,81.12,220.61,0.062283,true
TREND0000813,Malaysia,CAT006,Pet Supplies,2026-06-02,80.56,79.79,81.03,220.17,0.012222,true
TREND0000814,Malaysia,CAT006,Pet Supplies,2026-06-03,82.00,80.61,81.00,219.73,0.017906,true
TREND0000815,Malaysia,CAT006,Pet Supplies,2026-06-04,78.95,77.10,81.03,219.30,-0.037191,true
TREND0000816,Malaysia,CAT006,Pet Supplies,2026-06-05,80.81,78.69,81.12,218.88,0.023479,true
TREND0000817,Malaysia,CAT006,Pet Supplies,2026-06-06,81.35,79.19,81.27,218.48,0.006718,true
TREND0000818,Malaysia,CAT006,Pet Supplies,2026-06-07,84.48,82.50,81.48,218.09,0.038454,true
TREND0000819,Malaysia,CAT006,Pet Supplies,2026-06-08,85.12,83.56,81.74,217.73,0.007624,true
TREND0000820,Malaysia,CAT006,Pet Supplies,2026-06-09,86.21,85.30,82.04,217.40,0.012797,true
TREND0000821,Malaysia,CAT006,Pet Supplies,2026-06-10,82.77,82.70,82.38,217.09,-0.039933,true
TREND0000822,Malaysia,CAT006,Pet Supplies,2026-06-11,83.05,84.02,82.76,216.82,0.003363,true
TREND0000823,Malaysia,CAT006,Pet Supplies,2026-06-12,82.34,84.49,83.16,216.59,-0.008552,true
TREND0000824,Malaysia,CAT006,Pet Supplies,2026-06-13,80.62,84.08,83.58,216.39,-0.020852,true
TREND0000825,Malaysia,CAT006,Pet Supplies,2026-06-14,83.47,88.30,84.01,216.23,0.035379,true
TREND0000826,Malaysia,CAT006,Pet Supplies,2026-06-15,82.75,88.97,84.43,216.12,-0.008635,true
TREND0000827,Malaysia,CAT006,Pet Supplies,2026-06-16,80.00,87.57,84.85,216.05,-0.033284,true
TREND0000828,Malaysia,CAT006,Pet Supplies,2026-06-17,77.75,86.60,85.25,216.02,-0.028082,true
TREND0000829,Malaysia,CAT006,Pet Supplies,2026-06-18,74.55,84.55,85.63,216.04,-0.041115,true
TREND0000830,Malaysia,CAT006,Pet Supplies,2026-06-19,75.17,86.12,85.97,216.10,0.008215,true
TREND0000831,Malaysia,CAT006,Pet Supplies,2026-06-20,73.59,85.29,86.27,216.20,-0.020917,true
TREND0000832,Malaysia,CAT006,Pet Supplies,2026-06-21,72.98,85.17,86.53,216.35,-0.008364,true
TREND0000833,Malaysia,CAT006,Pet Supplies,2026-06-22,72.11,84.52,86.73,216.54,-0.011849,true
TREND0000834,Malaysia,CAT006,Pet Supplies,2026-06-23,71.24,83.57,86.88,216.76,-0.012047,true
TREND0000835,Malaysia,CAT006,Pet Supplies,2026-06-24,74.44,86.38,86.97,217.02,0.044810,true
TREND0000836,Malaysia,CAT006,Pet Supplies,2026-06-25,72.88,84.16,87.00,217.32,-0.020902,true
TREND0000837,Malaysia,CAT006,Pet Supplies,2026-06-26,72.74,83.07,86.97,217.65,-0.001943,true
TREND0000838,Malaysia,CAT006,Pet Supplies,2026-06-27,72.11,81.25,86.88,218.00,-0.008691,true
TREND0000839,Malaysia,CAT006,Pet Supplies,2026-06-28,73.81,81.55,86.72,218.38,0.023627,true
TREND0000840,Malaysia,CAT006,Pet Supplies,2026-06-29,74.47,80.64,86.52,218.78,0.008894,true
TREND0000841,Malaysia,CAT007,Kitchen Appliances,2026-05-01,83.90,77.90,53.95,48.33,0.000000,true
TREND0000842,Malaysia,CAT007,Kitchen Appliances,2026-05-02,85.16,79.23,54.83,48.28,0.015055,true
TREND0000843,Malaysia,CAT007,Kitchen Appliances,2026-05-03,85.11,79.25,55.06,48.23,-0.000626,true
TREND0000844,Malaysia,CAT007,Kitchen Appliances,2026-05-04,85.42,79.63,55.48,48.19,0.003715,true
TREND0000845,Malaysia,CAT007,Kitchen Appliances,2026-05-05,85.28,79.56,55.66,48.14,-0.001638,true
TREND0000846,Malaysia,CAT007,Kitchen Appliances,2026-05-06,81.14,75.49,53.84,48.09,-0.048593,true
TREND0000847,Malaysia,CAT007,Kitchen Appliances,2026-05-07,81.95,76.37,54.50,48.04,0.009978,true
TREND0000848,Malaysia,CAT007,Kitchen Appliances,2026-05-08,83.16,77.65,55.37,47.99,0.014838,true
TREND0000849,Malaysia,CAT007,Kitchen Appliances,2026-05-09,78.00,72.56,53.04,47.94,-0.062033,true
TREND0000850,Malaysia,CAT007,Kitchen Appliances,2026-05-10,80.36,74.99,54.48,47.90,0.030210,true
TREND0000851,Malaysia,CAT007,Kitchen Appliances,2026-05-11,76.53,71.23,52.81,47.85,-0.047701,true
TREND0000852,Malaysia,CAT007,Kitchen Appliances,2026-05-12,77.97,72.74,53.79,47.80,0.018812,true
TREND0000853,Malaysia,CAT007,Kitchen Appliances,2026-05-13,74.74,69.58,52.43,47.75,-0.041375,true
TREND0000854,Malaysia,CAT007,Kitchen Appliances,2026-05-14,75.76,70.67,53.19,47.70,0.013580,true
TREND0000855,Malaysia,CAT007,Kitchen Appliances,2026-05-15,73.39,68.37,52.26,47.65,-0.031261,true
TREND0000856,Malaysia,CAT007,Kitchen Appliances,2026-05-16,74.34,69.39,52.99,47.61,0.012949,true
TREND0000857,Malaysia,CAT007,Kitchen Appliances,2026-05-17,74.06,69.18,53.11,47.56,-0.003748,true
TREND0000858,Malaysia,CAT007,Kitchen Appliances,2026-05-18,71.67,66.86,52.17,47.51,-0.032277,true
TREND0000859,Malaysia,CAT007,Kitchen Appliances,2026-05-19,73.10,68.36,53.14,47.46,0.019910,true
TREND0000860,Malaysia,CAT007,Kitchen Appliances,2026-05-20,73.22,68.55,53.45,47.41,0.001657,true
TREND0000861,Malaysia,CAT007,Kitchen Appliances,2026-05-21,72.26,67.66,53.23,47.36,-0.013032,true
TREND0000862,Malaysia,CAT007,Kitchen Appliances,2026-05-22,72.19,67.66,53.45,47.32,-0.000974,true
TREND0000863,Malaysia,CAT007,Kitchen Appliances,2026-05-23,67.33,62.87,51.28,47.27,-0.067324,true
TREND0000864,Malaysia,CAT007,Kitchen Appliances,2026-05-24,69.27,64.88,52.50,47.22,0.028852,true
TREND0000865,Malaysia,CAT007,Kitchen Appliances,2026-05-25,67.42,63.10,51.83,47.17,-0.026706,true
TREND0000866,Malaysia,CAT007,Kitchen Appliances,2026-05-26,66.67,62.42,51.71,47.12,-0.011173,true
TREND0000867,Malaysia,CAT007,Kitchen Appliances,2026-05-27,67.32,63.14,52.29,47.07,0.009696,true
TREND0000868,Malaysia,CAT007,Kitchen Appliances,2026-05-28,67.44,63.33,52.61,47.03,0.001841,true
TREND0000869,Malaysia,CAT007,Kitchen Appliances,2026-05-29,62.65,58.61,50.46,46.98,-0.071077,true
TREND0000870,Malaysia,CAT007,Kitchen Appliances,2026-05-30,64.73,60.76,51.76,46.93,0.033167,true
TREND0000871,Malaysia,CAT007,Kitchen Appliances,2026-05-31,61.70,57.80,50.50,46.88,-0.046729,true
TREND0000872,Malaysia,CAT007,Kitchen Appliances,2026-06-01,63.87,60.04,51.84,46.83,0.035165,true
TREND0000873,Malaysia,CAT007,Kitchen Appliances,2026-06-02,62.94,59.18,51.63,46.78,-0.014561,true
TREND0000874,Malaysia,CAT007,Kitchen Appliances,2026-06-03,63.28,59.59,52.06,46.74,0.005432,true
TREND0000875,Malaysia,CAT007,Kitchen Appliances,2026-06-04,62.87,59.25,52.10,46.69,-0.006544,true
TREND0000876,Malaysia,CAT007,Kitchen Appliances,2026-06-05,58.65,55.10,50.25,46.64,-0.067112,true
TREND0000877,Malaysia,CAT007,Kitchen Appliances,2026-06-06,58.46,54.98,50.41,46.59,-0.003245,true
TREND0000878,Malaysia,CAT007,Kitchen Appliances,2026-06-07,60.13,56.72,51.50,46.54,0.028661,true
TREND0000879,Malaysia,CAT007,Kitchen Appliances,2026-06-08,58.38,55.04,50.88,46.49,-0.029218,true
TREND0000880,Malaysia,CAT007,Kitchen Appliances,2026-06-09,58.10,54.83,50.99,46.45,-0.004795,true
TREND0000881,Malaysia,CAT007,Kitchen Appliances,2026-06-10,57.52,54.32,50.96,46.40,-0.009951,true
TREND0000882,Malaysia,CAT007,Kitchen Appliances,2026-06-11,52.98,49.85,48.94,46.35,-0.078950,true
TREND0000883,Malaysia,CAT007,Kitchen Appliances,2026-06-12,55.74,52.68,50.58,46.30,0.052120,true
TREND0000884,Malaysia,CAT007,Kitchen Appliances,2026-06-13,55.17,52.18,50.55,46.25,-0.010308,true
TREND0000885,Malaysia,CAT007,Kitchen Appliances,2026-06-14,55.35,52.43,50.90,46.20,0.003402,true
TREND0000886,Malaysia,CAT007,Kitchen Appliances,2026-06-15,50.07,47.22,48.51,46.16,-0.095458,true
TREND0000887,Malaysia,CAT007,Kitchen Appliances,2026-06-16,50.79,48.01,49.12,46.11,0.014380,true
TREND0000888,Malaysia,CAT007,Kitchen Appliances,2026-06-17,48.95,46.24,48.46,46.06,-0.036206,true
TREND0000889,Malaysia,CAT007,Kitchen Appliances,2026-06-18,48.10,45.46,48.29,46.01,-0.017331,true
TREND0000890,Malaysia,CAT007,Kitchen Appliances,2026-06-19,50.42,47.85,49.70,45.96,0.048155,true
TREND0000891,Malaysia,CAT007,Kitchen Appliances,2026-06-20,48.77,46.27,49.13,45.91,-0.032733,true
TREND0000892,Malaysia,CAT007,Kitchen Appliances,2026-06-21,45.82,43.39,47.91,45.87,-0.060453,true
TREND0000893,Malaysia,CAT007,Kitchen Appliances,2026-06-22,45.85,43.49,48.19,45.82,0.000678,true
TREND0000894,Malaysia,CAT007,Kitchen Appliances,2026-06-23,46.70,44.41,48.86,45.77,0.018506,true
TREND0000895,Malaysia,CAT007,Kitchen Appliances,2026-06-24,43.03,40.81,47.28,45.72,-0.078618,true
TREND0000896,Malaysia,CAT007,Kitchen Appliances,2026-06-25,42.73,40.58,47.39,45.67,-0.007027,true
TREND0000897,Malaysia,CAT007,Kitchen Appliances,2026-06-26,45.64,43.56,49.10,45.62,0.068279,true
TREND0000898,Malaysia,CAT007,Kitchen Appliances,2026-06-27,43.02,41.01,48.04,45.58,-0.057536,true
TREND0000899,Malaysia,CAT007,Kitchen Appliances,2026-06-28,42.45,40.51,48.01,45.53,-0.013252,true
TREND0000900,Malaysia,CAT007,Kitchen Appliances,2026-06-29,41.27,39.40,47.68,45.48,-0.027830,true
TREND0000901,Malaysia,CAT008,Baby Products,2026-05-01,58.64,47.90,48.00,45.34,0.000000,true
TREND0000902,Malaysia,CAT008,Baby Products,2026-05-02,60.69,49.32,48.89,45.54,0.035037,true
TREND0000903,Malaysia,CAT008,Baby Products,2026-05-03,65.34,53.74,49.76,45.73,0.076561,true
TREND0000904,Malaysia,CAT008,Baby Products,2026-05-04,72.71,61.31,50.62,45.92,0.112771,true
TREND0000905,Malaysia,CAT008,Baby Products,2026-05-05,74.61,63.82,51.44,46.10,0.026135,true
TREND0000906,Malaysia,CAT008,Baby Products,2026-05-06,75.49,65.69,52.22,46.27,0.011828,true
TREND0000907,Malaysia,CAT008,Baby Products,2026-05-07,76.98,68.51,52.95,46.42,0.019710,true
TREND0000908,Malaysia,CAT008,Baby Products,2026-05-08,80.34,73.48,53.61,46.56,0.043721,true
TREND0000909,Malaysia,CAT008,Baby Products,2026-05-09,76.29,71.22,54.21,46.68,-0.050381,true
TREND0000910,Malaysia,CAT008,Baby Products,2026-05-10,78.03,74.84,54.73,46.77,0.022732,true
TREND0000911,Malaysia,CAT008,Baby Products,2026-05-11,72.29,71.01,55.17,46.85,-0.073488,true
TREND0000912,Malaysia,CAT008,Baby Products,2026-05-12,68.80,69.33,55.52,46.90,-0.048277,true
TREND0000913,Malaysia,CAT008,Baby Products,2026-05-13,69.54,71.71,55.78,46.92,0.010676,true
TREND0000914,Malaysia,CAT008,Baby Products,2026-05-14,63.35,66.91,55.94,46.92,-0.088930,true
TREND0000915,Malaysia,CAT008,Baby Products,2026-05-15,59.63,64.25,56.00,46.90,-0.058809,true
TREND0000916,Malaysia,CAT008,Baby Products,2026-05-16,53.15,58.46,55.96,46.85,-0.108654,true
TREND0000917,Malaysia,CAT008,Baby Products,2026-05-17,49.28,54.87,55.83,46.78,-0.072819,true
TREND0000918,Malaysia,CAT008,Baby Products,2026-05-18,43.66,49.11,55.60,46.69,-0.114095,true
TREND0000919,Malaysia,CAT008,Baby Products,2026-05-19,40.88,45.78,55.27,46.57,-0.063609,true
TREND0000920,Malaysia,CAT008,Baby Products,2026-05-20,39.38,43.33,54.86,46.44,-0.036780,true
TREND0000921,Malaysia,CAT008,Baby Products,2026-05-21,39.22,41.88,54.36,46.29,-0.004021,true
TREND0000922,Malaysia,CAT008,Baby Products,2026-05-22,35.56,36.65,53.78,46.12,-0.093374,true
TREND0000923,Malaysia,CAT008,Baby Products,2026-05-23,37.90,37.23,53.14,45.95,0.065942,true
TREND0000924,Malaysia,CAT008,Baby Products,2026-05-24,40.12,37.57,52.42,45.76,0.058680,true
TREND0000925,Malaysia,CAT008,Baby Products,2026-05-25,43.79,39.34,51.66,45.56,0.091424,true
TREND0000926,Malaysia,CAT008,Baby Products,2026-05-26,44.97,38.69,50.85,45.37,0.026944,true
TREND0000927,Malaysia,CAT008,Baby Products,2026-05-27,49.55,41.59,50.00,45.17,0.101770,true
TREND0000928,Malaysia,CAT008,Baby Products,2026-05-28,52.14,42.75,49.13,44.97,0.052208,true
TREND0000929,Malaysia,CAT008,Baby Products,2026-05-29,54.64,44.14,48.24,44.78,0.048033,true
TREND0000930,Malaysia,CAT008,Baby Products,2026-05-30,59.56,48.32,47.36,44.60,0.090034,true
TREND0000931,Malaysia,CAT008,Baby Products,2026-05-31,66.61,55.03,46.48,44.43,0.118331,true
TREND0000932,Malaysia,CAT008,Baby Products,2026-06-01,71.85,60.36,45.61,44.28,0.078756,true
TREND0000933,Malaysia,CAT008,Baby Products,2026-06-02,73.65,62.65,44.78,44.14,0.024949,true
TREND0000934,Malaysia,CAT008,Baby Products,2026-06-03,75.96,65.86,43.99,44.02,0.031443,true
TREND0000935,Malaysia,CAT008,Baby Products,2026-06-04,77.94,69.08,43.25,43.92,0.025996,true
TREND0000936,Malaysia,CAT008,Baby Products,2026-06-05,76.03,68.70,42.56,43.84,-0.024449,true
TREND0000937,Malaysia,CAT008,Baby Products,2026-06-06,75.34,69.76,41.95,43.79,-0.009094,true
TREND0000938,Malaysia,CAT008,Baby Products,2026-06-07,75.08,71.37,41.40,43.76,-0.003428,true
TREND0000939,Malaysia,CAT008,Baby Products,2026-06-08,75.70,73.90,40.94,43.75,0.008280,true
TREND0000940,Malaysia,CAT008,Baby Products,2026-06-09,73.90,73.94,40.57,43.77,-0.023884,true
TREND0000941,Malaysia,CAT008,Baby Products,2026-06-10,69.95,71.69,40.29,43.82,-0.053436,true
TREND0000942,Malaysia,CAT008,Baby Products,2026-06-11,62.79,65.99,40.10,43.89,-0.102347,true
TREND0000943,Malaysia,CAT008,Baby Products,2026-06-12,60.07,64.44,40.01,43.98,-0.043239,true
TREND0000944,Malaysia,CAT008,Baby Products,2026-06-13,55.91,61.08,40.02,44.09,-0.069229,true
TREND0000945,Malaysia,CAT008,Baby Products,2026-06-14,51.35,56.91,40.12,44.22,-0.081619,true
TREND0000946,Malaysia,CAT008,Baby Products,2026-06-15,48.59,54.12,40.33,44.37,-0.053814,true
TREND0000947,Malaysia,CAT008,Baby Products,2026-06-16,41.73,46.82,40.63,44.53,-0.141083,true
TREND0000948,Malaysia,CAT008,Baby Products,2026-06-17,41.36,45.60,41.02,44.71,-0.008957,true
TREND0000949,Malaysia,CAT008,Baby Products,2026-06-18,38.18,41.23,41.49,44.90,-0.076843,true
TREND0000950,Malaysia,CAT008,Baby Products,2026-06-19,39.71,41.26,42.05,45.09,0.040105,true
TREND0000951,Malaysia,CAT008,Baby Products,2026-06-20,40.47,40.30,42.68,45.29,0.019013,true
TREND0000952,Malaysia,CAT008,Baby Products,2026-06-21,41.15,39.13,43.37,45.49,0.016990,true
TREND0000953,Malaysia,CAT008,Baby Products,2026-06-22,39.88,35.94,44.13,45.68,-0.030998,true
TREND0000954,Malaysia,CAT008,Baby Products,2026-06-23,46.02,40.22,44.93,45.87,0.153979,true
TREND0000955,Malaysia,CAT008,Baby Products,2026-06-24,48.32,40.80,45.76,46.05,0.050002,true
TREND0000956,Malaysia,CAT008,Baby Products,2026-06-25,51.68,42.66,46.63,46.23,0.069470,true
TREND0000957,Malaysia,CAT008,Baby Products,2026-06-26,57.39,47.17,47.51,46.38,0.110588,true
TREND0000958,Malaysia,CAT008,Baby Products,2026-06-27,58.24,47.16,48.40,46.52,0.014743,true
TREND0000959,Malaysia,CAT008,Baby Products,2026-06-28,65.94,54.41,49.28,46.65,0.132192,true
TREND0000960,Malaysia,CAT008,Baby Products,2026-06-29,67.55,55.98,50.15,46.75,0.024416,true
TREND0000961,Philippines,CAT001,Consumer Electronics,2026-05-01,87.77,81.77,55.89,2148.00,0.000000,true
TREND0000962,Philippines,CAT001,Consumer Electronics,2026-05-02,84.14,78.21,54.32,2145.85,-0.041441,true
TREND0000963,Philippines,CAT001,Consumer Electronics,2026-05-03,85.41,79.55,55.22,2143.70,0.015159,true
TREND0000964,Philippines,CAT001,Consumer Electronics,2026-05-04,84.24,78.45,54.88,2141.56,-0.013756,true
TREND0000965,Philippines,CAT001,Consumer Electronics,2026-05-05,82.59,76.87,54.32,2139.41,-0.019543,true
TREND0000966,Philippines,CAT001,Consumer Electronics,2026-05-06,84.12,78.47,55.33,2137.26,0.018476,true
TREND0000967,Philippines,CAT001,Consumer Electronics,2026-05-07,84.00,78.42,55.53,2135.11,-0.001430,true
TREND0000968,Philippines,CAT001,Consumer Electronics,2026-05-08,79.59,74.08,53.58,2132.96,-0.052505,true
TREND0000969,Philippines,CAT001,Consumer Electronics,2026-05-09,80.68,75.24,54.38,2130.82,0.013795,true
TREND0000970,Philippines,CAT001,Consumer Electronics,2026-05-10,77.29,71.92,52.94,2128.67,-0.042062,true
TREND0000971,Philippines,CAT001,Consumer Electronics,2026-05-11,76.55,71.25,52.82,2126.52,-0.009596,true
TREND0000972,Philippines,CAT001,Consumer Electronics,2026-05-12,77.98,72.75,53.80,2124.37,0.018749,true
TREND0000973,Philippines,CAT001,Consumer Electronics,2026-05-13,76.14,70.98,53.13,2122.22,-0.023619,true
TREND0000974,Philippines,CAT001,Consumer Electronics,2026-05-14,74.16,69.07,52.39,2120.08,-0.026057,true
TREND0000975,Philippines,CAT001,Consumer Electronics,2026-05-15,77.67,72.65,54.41,2117.93,0.047368,true
TREND0000976,Philippines,CAT001,Consumer Electronics,2026-05-16,75.72,70.77,53.69,2115.78,-0.025084,true
TREND0000977,Philippines,CAT001,Consumer Electronics,2026-05-17,72.84,67.96,52.50,2113.63,-0.038026,true
TREND0000978,Philippines,CAT001,Consumer Electronics,2026-05-18,73.57,68.76,53.12,2111.48,0.009927,true
TREND0000979,Philippines,CAT001,Consumer Electronics,2026-05-19,72.39,67.65,52.79,2109.34,-0.015943,true
TREND0000980,Philippines,CAT001,Consumer Electronics,2026-05-20,69.40,64.73,51.55,2107.19,-0.041310,true
TREND0000981,Philippines,CAT001,Consumer Electronics,2026-05-21,69.73,65.13,51.97,2105.04,0.004718,true
TREND0000982,Philippines,CAT001,Consumer Electronics,2026-05-22,71.55,67.02,53.13,2102.89,0.026094,true
TREND0000983,Philippines,CAT001,Consumer Electronics,2026-05-23,68.96,64.50,52.09,2100.74,-0.036160,true
TREND0000984,Philippines,CAT001,Consumer Electronics,2026-05-24,70.90,66.51,53.32,2098.60,0.028152,true
TREND0000985,Philippines,CAT001,Consumer Electronics,2026-05-25,67.85,63.53,52.04,2096.45,-0.043097,true
TREND0000986,Philippines,CAT001,Consumer Electronics,2026-05-26,65.67,61.42,51.21,2094.30,-0.032093,true
TREND0000987,Philippines,CAT001,Consumer Electronics,2026-05-27,64.54,60.36,50.90,2092.15,-0.017283,true
TREND0000988,Philippines,CAT001,Consumer Electronics,2026-05-28,67.86,63.75,52.81,2090.00,0.051506,true
TREND0000989,Philippines,CAT001,Consumer Electronics,2026-05-29,66.16,62.12,52.22,2087.86,-0.024987,true
TREND0000990,Philippines,CAT001,Consumer Electronics,2026-05-30,65.42,61.45,52.10,2085.71,-0.011317,true
TREND0000991,Philippines,CAT001,Consumer Electronics,2026-05-31,64.01,60.11,51.66,2083.56,-0.021482,true
TREND0000992,Philippines,CAT001,Consumer Electronics,2026-06-01,63.71,59.88,51.76,2081.41,-0.004656,true
TREND0000993,Philippines,CAT001,Consumer Electronics,2026-06-02,63.59,59.83,51.95,2079.26,-0.001984,true
TREND0000994,Philippines,CAT001,Consumer Electronics,2026-06-03,61.97,58.28,51.40,2077.12,-0.025387,true
TREND0000995,Philippines,CAT001,Consumer Electronics,2026-06-04,59.33,55.71,50.34,2074.97,-0.042614,true
TREND0000996,Philippines,CAT001,Consumer Electronics,2026-06-05,59.55,56.00,50.70,2072.82,0.003670,true
TREND0000997,Philippines,CAT001,Consumer Electronics,2026-06-06,58.09,54.61,50.22,2070.67,-0.024573,true
TREND0000998,Philippines,CAT001,Consumer Electronics,2026-06-07,56.19,52.78,49.53,2068.52,-0.032572,true
TREND0000999,Philippines,CAT001,Consumer Electronics,2026-06-08,58.57,55.23,50.97,2066.38,0.042265,true
TREND0001000,Philippines,CAT001,Consumer Electronics,2026-06-09,55.51,52.24,49.70,2064.23,-0.052140,true
TREND0001001,Philippines,CAT001,Consumer Electronics,2026-06-10,57.24,54.04,50.82,2062.08,0.031146,true
TREND0001002,Philippines,CAT001,Consumer Electronics,2026-06-11,52.86,49.73,48.89,2059.93,-0.076561,true
TREND0001003,Philippines,CAT001,Consumer Electronics,2026-06-12,53.91,50.85,49.66,2057.78,0.019823,true
TREND0001004,Philippines,CAT001,Consumer Electronics,2026-06-13,51.81,48.82,48.87,2055.64,-0.038885,true
TREND0001005,Philippines,CAT001,Consumer Electronics,2026-06-14,51.22,48.30,48.83,2053.49,-0.011362,true
TREND0001006,Philippines,CAT001,Consumer Electronics,2026-06-15,52.25,49.40,49.60,2051.34,0.020004,true
TREND0001007,Philippines,CAT001,Consumer Electronics,2026-06-16,52.62,49.84,50.04,2049.19,0.007162,true
TREND0001008,Philippines,CAT001,Consumer Electronics,2026-06-17,50.98,48.27,49.47,2047.04,-0.031294,true
TREND0001009,Philippines,CAT001,Consumer Electronics,2026-06-18,50.84,48.20,49.66,2044.90,-0.002642,true
TREND0001010,Philippines,CAT001,Consumer Electronics,2026-06-19,47.44,44.87,48.21,2042.75,-0.066905,true
TREND0001011,Philippines,CAT001,Consumer Electronics,2026-06-20,50.20,47.70,49.85,2040.60,0.058208,true
TREND0001012,Philippines,CAT001,Consumer Electronics,2026-06-21,45.82,43.39,47.92,2038.45,-0.087241,true
TREND0001013,Philippines,CAT001,Consumer Electronics,2026-06-22,46.43,44.07,48.48,2036.30,0.013290,true
TREND0001014,Philippines,CAT001,Consumer Electronics,2026-06-23,45.62,43.33,48.33,2034.16,-0.017412,true
TREND0001015,Philippines,CAT001,Consumer Electronics,2026-06-24,46.53,44.31,49.03,2032.01,0.019831,true
TREND0001016,Philippines,CAT001,Consumer Electronics,2026-06-25,43.67,41.52,47.86,2029.86,-0.061407,true
TREND0001017,Philippines,CAT001,Consumer Electronics,2026-06-26,42.39,40.31,47.48,2027.71,-0.029247,true
TREND0001018,Philippines,CAT001,Consumer Electronics,2026-06-27,42.38,40.37,47.72,2025.56,-0.000381,true
TREND0001019,Philippines,CAT001,Consumer Electronics,2026-06-28,44.76,42.82,49.17,2023.42,0.056315,true
TREND0001020,Philippines,CAT001,Consumer Electronics,2026-06-29,42.91,41.04,48.50,2021.27,-0.041493,true
TREND0001021,Philippines,CAT002,Home & Living,2026-05-01,58.62,47.88,48.00,3517.00,0.000000,true
TREND0001022,Philippines,CAT002,Home & Living,2026-05-02,60.18,48.80,48.89,3532.35,0.026602,true
TREND0001023,Philippines,CAT002,Home & Living,2026-05-03,64.48,52.88,49.76,3547.45,0.071410,true
TREND0001024,Philippines,CAT002,Home & Living,2026-05-04,72.10,60.70,50.62,3562.09,0.118161,true
TREND0001025,Philippines,CAT002,Home & Living,2026-05-05,71.49,60.70,51.44,3576.01,-0.008447,true
TREND0001026,Philippines,CAT002,Home & Living,2026-05-06,78.05,68.26,52.22,3589.02,0.091825,true
TREND0001027,Philippines,CAT002,Home & Living,2026-05-07,75.04,66.57,52.95,3600.91,-0.038642,true
TREND0001028,Philippines,CAT002,Home & Living,2026-05-08,77.66,70.79,53.61,3611.48,0.034947,true
TREND0001029,Philippines,CAT002,Home & Living,2026-05-09,79.17,74.09,54.21,3620.58,0.019507,true
TREND0001030,Philippines,CAT002,Home & Living,2026-05-10,77.21,74.02,54.73,3628.06,-0.024793,true
TREND0001031,Philippines,CAT002,Home & Living,2026-05-11,74.30,73.01,55.17,3633.82,-0.037677,true
TREND0001032,Philippines,CAT002,Home & Living,2026-05-12,72.64,73.17,55.52,3637.74,-0.022346,true
TREND0001033,Philippines,CAT002,Home & Living,2026-05-13,64.88,67.05,55.78,3639.79,-0.106876,true
TREND0001034,Philippines,CAT002,Home & Living,2026-05-14,61.69,65.25,55.94,3639.91,-0.049074,true
TREND0001035,Philippines,CAT002,Home & Living,2026-05-15,56.11,60.73,56.00,3638.12,-0.090467,true
TREND0001036,Philippines,CAT002,Home & Living,2026-05-16,53.97,59.28,55.96,3634.44,-0.038168,true
TREND0001037,Philippines,CAT002,Home & Living,2026-05-17,47.72,53.31,55.83,3628.93,-0.115894,true
TREND0001038,Philippines,CAT002,Home & Living,2026-05-18,44.30,49.75,55.60,3621.67,-0.071562,true
TREND0001039,Philippines,CAT002,Home & Living,2026-05-19,41.43,46.32,55.27,3612.78,-0.064875,true
TREND0001040,Philippines,CAT002,Home & Living,2026-05-20,40.79,44.74,54.86,3602.39,-0.015477,true
TREND0001041,Philippines,CAT002,Home & Living,2026-05-21,38.03,40.69,54.36,3590.67,-0.067625,true
TREND0001042,Philippines,CAT002,Home & Living,2026-05-22,39.81,40.91,53.78,3577.80,0.046792,true
TREND0001043,Philippines,CAT002,Home & Living,2026-05-23,40.64,39.97,53.14,3563.98,0.020890,true
TREND0001044,Philippines,CAT002,Home & Living,2026-05-24,40.53,37.98,52.42,3549.43,-0.002623,true
TREND0001045,Philippines,CAT002,Home & Living,2026-05-25,41.51,37.06,51.66,3534.37,0.024238,true
TREND0001046,Philippines,CAT002,Home & Living,2026-05-26,43.13,36.84,50.85,3519.04,0.038932,true
TREND0001047,Philippines,CAT002,Home & Living,2026-05-27,49.14,41.18,50.00,3503.68,0.139271,true
TREND0001048,Philippines,CAT002,Home & Living,2026-05-28,50.28,40.90,49.13,3488.53,0.023239,true
TREND0001049,Philippines,CAT002,Home & Living,2026-05-29,56.95,46.45,48.24,3473.82,0.132622,true
TREND0001050,Philippines,CAT002,Home & Living,2026-05-30,60.27,49.03,47.36,3459.79,0.058292,true
TREND0001051,Philippines,CAT002,Home & Living,2026-05-31,65.54,53.96,46.48,3446.64,0.087568,true
TREND0001052,Philippines,CAT002,Home & Living,2026-06-01,70.33,58.83,45.61,3434.60,0.072970,true
TREND0001053,Philippines,CAT002,Home & Living,2026-06-02,74.62,63.62,44.78,3423.84,0.061039,true
TREND0001054,Philippines,CAT002,Home & Living,2026-06-03,76.69,66.59,43.99,3414.54,0.027798,true
TREND0001055,Philippines,CAT002,Home & Living,2026-06-04,76.07,67.21,43.25,3406.83,-0.008158,true
TREND0001056,Philippines,CAT002,Home & Living,2026-06-05,75.89,68.56,42.56,3400.84,-0.002390,true
TREND0001057,Philippines,CAT002,Home & Living,2026-06-06,78.92,73.34,41.95,3396.67,0.039951,true
TREND0001058,Philippines,CAT002,Home & Living,2026-06-07,75.34,71.63,41.40,3394.37,-0.045308,true
TREND0001059,Philippines,CAT002,Home & Living,2026-06-08,72.64,70.84,40.94,3393.99,-0.035863,true
TREND0001060,Philippines,CAT002,Home & Living,2026-06-09,70.94,70.98,40.57,3395.53,-0.023428,true
TREND0001061,Philippines,CAT002,Home & Living,2026-06-10,70.44,72.18,40.29,3398.96,-0.007004,true
TREND0001062,Philippines,CAT002,Home & Living,2026-06-11,61.88,65.09,40.10,3404.24,-0.121522,true
TREND0001063,Philippines,CAT002,Home & Living,2026-06-12,57.77,62.13,40.01,3411.27,-0.066477,true
TREND0001064,Philippines,CAT002,Home & Living,2026-06-13,54.15,59.31,40.02,3419.95,-0.062672,true
TREND0001065,Philippines,CAT002,Home & Living,2026-06-14,50.72,56.28,40.12,3430.15,-0.063314,true
TREND0001066,Philippines,CAT002,Home & Living,2026-06-15,47.84,53.38,40.33,3441.70,-0.056725,true
TREND0001067,Philippines,CAT002,Home & Living,2026-06-16,45.31,50.40,40.63,3454.43,-0.052826,true
TREND0001068,Philippines,CAT002,Home & Living,2026-06-17,43.05,47.30,41.02,3468.14,-0.049887,true
TREND0001069,Philippines,CAT002,Home & Living,2026-06-18,37.29,40.34,41.49,3482.61,-0.133918,true
TREND0001070,Philippines,CAT002,Home & Living,2026-06-19,39.39,40.94,42.05,3497.61,0.056267,true
TREND0001071,Philippines,CAT002,Home & Living,2026-06-20,39.29,39.12,42.68,3512.92,-0.002503,true
TREND0001072,Philippines,CAT002,Home & Living,2026-06-21,37.75,35.72,43.37,3528.29,-0.039099,true
TREND0001073,Philippines,CAT002,Home & Living,2026-06-22,39.72,35.78,44.13,3543.48,0.052015,true
TREND0001074,Philippines,CAT002,Home & Living,2026-06-23,45.49,39.69,44.93,3558.26,0.145269,true
TREND0001075,Philippines,CAT002,Home & Living,2026-06-24,47.69,40.17,45.76,3572.40,0.048432,true
TREND0001076,Philippines,CAT002,Home & Living,2026-06-25,53.11,44.09,46.63,3585.67,0.113666,true
TREND0001077,Philippines,CAT002,Home & Living,2026-06-26,56.82,46.60,47.51,3597.87,0.069975,true
TREND0001078,Philippines,CAT002,Home & Living,2026-06-27,59.40,48.33,48.40,3608.81,0.045392,true
TREND0001079,Philippines,CAT002,Home & Living,2026-06-28,64.04,52.51,49.28,3618.32,0.078091,true
TREND0001080,Philippines,CAT002,Home & Living,2026-06-29,70.32,58.76,50.15,3626.24,0.098078,true
TREND0001081,Philippines,CAT003,Beauty & Personal Care,2026-05-01,66.94,70.94,60.47,1445.00,0.000000,true
TREND0001082,Philippines,CAT003,Beauty & Personal Care,2026-05-02,68.29,71.99,61.44,1450.78,0.020204,true
TREND0001083,Philippines,CAT003,Beauty & Personal Care,2026-05-03,64.95,68.35,60.07,1456.56,-0.048918,true
TREND0001084,Philippines,CAT003,Beauty & Personal Care,2026-05-04,68.40,71.50,62.09,1462.34,0.053101,true
TREND0001085,Philippines,CAT003,Beauty & Personal Care,2026-05-05,65.69,68.49,61.02,1468.12,-0.039711,true
TREND0001086,Philippines,CAT003,Beauty & Personal Care,2026-05-06,68.38,70.88,62.66,1473.90,0.040991,true
TREND0001087,Philippines,CAT003,Beauty & Personal Care,2026-05-07,66.94,69.14,62.24,1479.68,-0.021111,true
TREND0001088,Philippines,CAT003,Beauty & Personal Care,2026-05-08,67.26,69.16,62.69,1485.46,0.004781,true
TREND0001089,Philippines,CAT003,Beauty & Personal Care,2026-05-09,63.46,65.06,61.09,1491.24,-0.056485,true
TREND0001090,Philippines,CAT003,Beauty & Personal Care,2026-05-10,65.14,66.44,62.22,1497.02,0.026465,true
TREND0001091,Philippines,CAT003,Beauty & Personal Care,2026-05-11,65.08,66.08,62.49,1502.80,-0.000900,true
TREND0001092,Philippines,CAT003,Beauty & Personal Care,2026-05-12,65.15,65.85,62.82,1508.58,0.001186,true
TREND0001093,Philippines,CAT003,Beauty & Personal Care,2026-05-13,65.76,66.16,63.42,1514.36,0.009269,true
TREND0001094,Philippines,CAT003,Beauty & Personal Care,2026-05-14,62.64,62.74,62.16,1520.14,-0.047377,true
TREND0001095,Philippines,CAT003,Beauty & Personal Care,2026-05-15,61.99,61.79,62.13,1525.92,-0.010402,true
TREND0001096,Philippines,CAT003,Beauty & Personal Care,2026-05-16,63.65,63.15,63.25,1531.70,0.026772,true
TREND0001097,Philippines,CAT003,Beauty & Personal Care,2026-05-17,64.51,63.71,63.98,1537.48,0.013550,true
TREND0001098,Philippines,CAT003,Beauty & Personal Care,2026-05-18,59.62,58.52,61.82,1543.26,-0.075855,true
TREND0001099,Philippines,CAT003,Beauty & Personal Care,2026-05-19,59.78,58.38,62.20,1549.04,0.002729,true
TREND0001100,Philippines,CAT003,Beauty & Personal Care,2026-05-20,59.86,58.16,62.53,1554.82,0.001235,true
TREND0001101,Philippines,CAT003,Beauty & Personal Care,2026-05-21,59.68,57.68,62.74,1560.60,-0.002924,true
TREND0001102,Philippines,CAT003,Beauty & Personal Care,2026-05-22,61.40,59.10,63.90,1566.38,0.028883,true
TREND0001103,Philippines,CAT003,Beauty & Personal Care,2026-05-23,60.58,57.98,63.78,1572.16,-0.013360,true
TREND0001104,Philippines,CAT003,Beauty & Personal Care,2026-05-24,58.71,55.81,63.14,1577.94,-0.030861,true
TREND0001105,Philippines,CAT003,Beauty & Personal Care,2026-05-25,61.99,58.79,65.08,1583.72,0.055822,true
TREND0001106,Philippines,CAT003,Beauty & Personal Care,2026-05-26,58.44,54.94,63.60,1589.50,-0.057290,true
TREND0001107,Philippines,CAT003,Beauty & Personal Care,2026-05-27,57.24,53.44,63.29,1595.28,-0.020553,true
TREND0001108,Philippines,CAT003,Beauty & Personal Care,2026-05-28,58.35,54.25,64.14,1601.06,0.019446,true
TREND0001109,Philippines,CAT003,Beauty & Personal Care,2026-05-29,57.91,53.51,64.22,1606.84,-0.007515,true
TREND0001110,Philippines,CAT003,Beauty & Personal Care,2026-05-30,59.07,54.37,65.09,1612.62,0.020041,true
TREND0001111,Philippines,CAT003,Beauty & Personal Care,2026-05-31,59.49,54.49,65.59,1618.40,0.006966,true
TREND0001112,Philippines,CAT003,Beauty & Personal Care,2026-06-01,57.69,52.39,64.99,1624.18,-0.030254,true
TREND0001113,Philippines,CAT003,Beauty & Personal Care,2026-06-02,59.24,53.64,66.06,1629.96,0.026876,true
TREND0001114,Philippines,CAT003,Beauty & Personal Care,2026-06-03,56.62,50.72,65.05,1635.74,-0.044103,true
TREND0001115,Philippines,CAT003,Beauty & Personal Care,2026-06-04,54.69,48.49,64.37,1641.52,-0.034196,true
TREND0001116,Philippines,CAT003,Beauty & Personal Care,2026-06-05,55.02,48.52,64.83,1647.30,0.006022,true
TREND0001117,Philippines,CAT003,Beauty & Personal Care,2026-06-06,57.19,50.39,66.22,1653.08,0.039525,true
TREND0001118,Philippines,CAT003,Beauty & Personal Care,2026-06-07,55.17,48.07,65.50,1658.86,-0.035436,true
TREND0001119,Philippines,CAT003,Beauty & Personal Care,2026-06-08,56.11,48.71,66.26,1664.64,0.017045,true
TREND0001120,Philippines,CAT003,Beauty & Personal Care,2026-06-09,52.29,44.59,64.65,1670.42,-0.068086,true
TREND0001121,Philippines,CAT003,Beauty & Personal Care,2026-06-10,53.14,45.14,65.37,1676.20,0.016368,true
TREND0001122,Philippines,CAT003,Beauty & Personal Care,2026-06-11,54.18,45.88,66.18,1681.98,0.019487,true
TREND0001123,Philippines,CAT003,Beauty & Personal Care,2026-06-12,52.50,43.90,65.64,1687.76,-0.030953,true
TREND0001124,Philippines,CAT003,Beauty & Personal Care,2026-06-13,50.48,41.58,64.93,1693.54,-0.038447,true
TREND0001125,Philippines,CAT003,Beauty & Personal Care,2026-06-14,50.61,41.41,65.28,1699.32,0.002523,true
TREND0001126,Philippines,CAT003,Beauty & Personal Care,2026-06-15,54.58,45.08,67.57,1705.10,0.078526,true
TREND0001127,Philippines,CAT003,Beauty & Personal Care,2026-06-16,49.89,40.09,65.52,1710.88,-0.085929,true
TREND0001128,Philippines,CAT003,Beauty & Personal Care,2026-06-17,50.41,40.31,66.07,1716.66,0.010363,true
TREND0001129,Philippines,CAT003,Beauty & Personal Care,2026-06-18,50.61,40.21,66.47,1722.44,0.003995,true
TREND0001130,Philippines,CAT003,Beauty & Personal Care,2026-06-19,51.71,41.01,67.31,1728.22,0.021633,true
TREND0001131,Philippines,CAT003,Beauty & Personal Care,2026-06-20,48.33,37.33,65.92,1734.00,-0.065259,true
TREND0001132,Philippines,CAT003,Beauty & Personal Care,2026-06-21,49.47,38.17,66.78,1739.78,0.023501,true
TREND0001133,Philippines,CAT003,Beauty & Personal Care,2026-06-22,51.22,39.62,67.95,1745.56,0.035464,true
TREND0001134,Philippines,CAT003,Beauty & Personal Care,2026-06-23,47.80,35.90,66.53,1751.34,-0.066829,true
TREND0001135,Philippines,CAT003,Beauty & Personal Care,2026-06-24,48.22,36.02,67.04,1757.12,0.008749,true
TREND0001136,Philippines,CAT003,Beauty & Personal Care,2026-06-25,51.16,38.66,68.80,1762.90,0.060935,true
TREND0001137,Philippines,CAT003,Beauty & Personal Care,2026-06-26,50.57,37.77,68.81,1768.68,-0.011433,true
TREND0001138,Philippines,CAT003,Beauty & Personal Care,2026-06-27,49.74,36.64,68.69,1774.46,-0.016418,true
TREND0001139,Philippines,CAT003,Beauty & Personal Care,2026-06-28,45.65,32.25,66.94,1780.24,-0.082144,true
TREND0001140,Philippines,CAT003,Beauty & Personal Care,2026-06-29,48.08,34.38,68.45,1786.02,0.053222,true
TREND0001141,Philippines,CAT004,Fashion Accessories,2026-05-01,39.16,33.16,28.58,2727.00,0.000000,true
TREND0001142,Philippines,CAT004,Fashion Accessories,2026-05-02,36.76,30.63,27.03,2729.18,-0.061349,true
TREND0001143,Philippines,CAT004,Fashion Accessories,2026-05-03,42.20,35.94,29.41,2731.36,0.148011,true
TREND0001144,Philippines,CAT004,Fashion Accessories,2026-05-04,40.01,33.62,27.97,2733.54,-0.051910,true
TREND0001145,Philippines,CAT004,Fashion Accessories,2026-05-05,43.47,36.95,29.35,2735.73,0.086456,true
TREND0001146,Philippines,CAT004,Fashion Accessories,2026-05-06,40.75,34.10,27.65,2737.91,-0.062545,true
TREND0001147,Philippines,CAT004,Fashion Accessories,2026-05-07,41.14,34.36,27.50,2740.09,0.009631,true
TREND0001148,Philippines,CAT004,Fashion Accessories,2026-05-08,41.83,34.92,27.50,2742.27,0.016701,true
TREND0001149,Philippines,CAT004,Fashion Accessories,2026-05-09,46.88,39.84,29.68,2744.45,0.120737,true
TREND0001150,Philippines,CAT004,Fashion Accessories,2026-05-10,45.14,37.97,28.47,2746.63,-0.036958,true
TREND0001151,Philippines,CAT004,Fashion Accessories,2026-05-11,44.10,36.80,27.60,2748.82,-0.023037,true
TREND0001152,Philippines,CAT004,Fashion Accessories,2026-05-12,48.34,40.91,29.38,2751.00,0.096130,true
TREND0001153,Philippines,CAT004,Fashion Accessories,2026-05-13,46.43,38.87,28.08,2753.18,-0.039529,true
TREND0001154,Philippines,CAT004,Fashion Accessories,2026-05-14,48.47,40.78,28.75,2755.36,0.043889,true
TREND0001155,Philippines,CAT004,Fashion Accessories,2026-05-15,52.02,44.20,30.18,2757.54,0.073260,true
TREND0001156,Philippines,CAT004,Fashion Accessories,2026-05-16,51.58,43.63,29.62,2759.72,-0.008404,true
TREND0001157,Philippines,CAT004,Fashion Accessories,2026-05-17,51.79,43.71,29.37,2761.91,0.003900,true
TREND0001158,Philippines,CAT004,Fashion Accessories,2026-05-18,51.49,43.28,28.88,2764.09,-0.005783,true
TREND0001159,Philippines,CAT004,Fashion Accessories,2026-05-19,51.14,42.80,28.36,2766.27,-0.006689,true
TREND0001160,Philippines,CAT004,Fashion Accessories,2026-05-20,54.78,46.31,29.83,2768.45,0.071083,true
TREND0001161,Philippines,CAT004,Fashion Accessories,2026-05-21,53.17,44.57,28.68,2770.63,-0.029396,true
TREND0001162,Philippines,CAT004,Fashion Accessories,2026-05-22,58.19,49.46,30.85,2772.81,0.094418,true
TREND0001163,Philippines,CAT004,Fashion Accessories,2026-05-23,57.88,49.02,30.35,2775.00,-0.005315,true
TREND0001164,Philippines,CAT004,Fashion Accessories,2026-05-24,58.82,49.83,30.47,2777.18,0.016227,true
TREND0001165,Philippines,CAT004,Fashion Accessories,2026-05-25,58.38,49.26,29.91,2779.36,-0.007341,true
TREND0001166,Philippines,CAT004,Fashion Accessories,2026-05-26,57.18,47.93,28.96,2781.54,-0.020696,true
TREND0001167,Philippines,CAT004,Fashion Accessories,2026-05-27,58.70,49.32,29.38,2783.72,0.026635,true
TREND0001168,Philippines,CAT004,Fashion Accessories,2026-05-28,60.30,50.79,29.84,2785.90,0.027341,true
TREND0001169,Philippines,CAT004,Fashion Accessories,2026-05-29,61.07,51.43,29.87,2788.08,0.012704,true
TREND0001170,Philippines,CAT004,Fashion Accessories,2026-05-30,63.31,53.54,30.65,2790.27,0.036657,true
TREND0001171,Philippines,CAT004,Fashion Accessories,2026-05-31,64.07,54.17,30.68,2792.45,0.012006,true
TREND0001172,Philippines,CAT004,Fashion Accessories,2026-06-01,64.14,54.11,30.38,2794.63,0.001134,true
TREND0001173,Philippines,CAT004,Fashion Accessories,2026-06-02,65.33,55.17,30.62,2796.81,0.018485,true
TREND0001174,Philippines,CAT004,Fashion Accessories,2026-06-03,63.58,53.29,29.41,2798.99,-0.026679,true
TREND0001175,Philippines,CAT004,Fashion Accessories,2026-06-04,69.15,58.73,31.85,2801.17,0.087603,true
TREND0001176,Philippines,CAT004,Fashion Accessories,2026-06-05,66.25,55.70,30.05,2803.36,-0.041958,true
TREND0001177,Philippines,CAT004,Fashion Accessories,2026-06-06,66.29,55.61,29.72,2805.54,0.000507,true
TREND0001178,Philippines,CAT004,Fashion Accessories,2026-06-07,70.62,59.81,31.54,2807.72,0.065347,true
TREND0001179,Philippines,CAT004,Fashion Accessories,2026-06-08,71.52,60.58,31.65,2809.90,0.012717,true
TREND0001180,Philippines,CAT004,Fashion Accessories,2026-06-09,70.37,59.30,30.73,2812.08,-0.016028,true
TREND0001181,Philippines,CAT004,Fashion Accessories,2026-06-10,71.31,60.11,30.86,2814.26,0.013392,true
TREND0001182,Philippines,CAT004,Fashion Accessories,2026-06-11,70.83,59.50,30.27,2816.45,-0.006819,true
TREND0001183,Philippines,CAT004,Fashion Accessories,2026-06-12,75.57,64.11,32.29,2818.63,0.066950,true
TREND0001184,Philippines,CAT004,Fashion Accessories,2026-06-13,73.95,62.36,31.14,2820.81,-0.021456,true
TREND0001185,Philippines,CAT004,Fashion Accessories,2026-06-14,76.80,65.08,32.22,2822.99,0.038564,true
TREND0001186,Philippines,CAT004,Fashion Accessories,2026-06-15,74.19,62.34,30.57,2825.17,-0.033907,true
TREND0001187,Philippines,CAT004,Fashion Accessories,2026-06-16,79.12,67.14,32.69,2827.35,0.066453,true
TREND0001188,Philippines,CAT004,Fashion Accessories,2026-06-17,79.10,66.99,32.33,2829.54,-0.000335,true
TREND0001189,Philippines,CAT004,Fashion Accessories,2026-06-18,80.43,68.19,32.65,2831.72,0.016798,true
TREND0001190,Philippines,CAT004,Fashion Accessories,2026-06-19,78.69,66.32,31.44,2833.90,-0.021641,true
TREND0001191,Philippines,CAT004,Fashion Accessories,2026-06-20,80.82,68.32,32.16,2836.08,0.027122,true
TREND0001192,Philippines,CAT004,Fashion Accessories,2026-06-21,81.98,69.35,32.40,2838.26,0.014404,true
TREND0001193,Philippines,CAT004,Fashion Accessories,2026-06-22,83.37,70.61,32.74,2840.44,0.016863,true
TREND0001194,Philippines,CAT004,Fashion Accessories,2026-06-23,84.39,71.50,32.91,2842.62,0.012258,true
TREND0001195,Philippines,CAT004,Fashion Accessories,2026-06-24,85.67,72.65,33.20,2844.81,0.015155,true
TREND0001196,Philippines,CAT004,Fashion Accessories,2026-06-25,84.50,71.35,32.28,2846.99,-0.013612,true
TREND0001197,Philippines,CAT004,Fashion Accessories,2026-06-26,85.29,72.01,32.32,2849.17,0.009319,true
TREND0001198,Philippines,CAT004,Fashion Accessories,2026-06-27,86.20,72.79,32.44,2851.35,0.010741,true
TREND0001199,Philippines,CAT004,Fashion Accessories,2026-06-28,87.36,73.82,32.67,2853.53,0.013349,true
TREND0001200,Philippines,CAT004,Fashion Accessories,2026-06-29,88.34,74.67,32.82,2855.71,0.011272,true
TREND0001201,Philippines,CAT005,Sports & Outdoors,2026-05-01,79.80,83.80,84.00,3129.00,0.000000,true
TREND0001202,Philippines,CAT005,Sports & Outdoors,2026-05-02,78.55,82.18,84.43,3135.25,-0.015707,true
TREND0001203,Philippines,CAT005,Sports & Outdoors,2026-05-03,79.94,83.24,84.85,3141.43,0.017796,true
TREND0001204,Philippines,CAT005,Sports & Outdoors,2026-05-04,79.89,82.90,85.25,3147.49,-0.000681,true
TREND0001205,Philippines,CAT005,Sports & Outdoors,2026-05-05,82.13,84.92,85.62,3153.37,0.028077,true
TREND0001206,Philippines,CAT005,Sports & Outdoors,2026-05-06,85.16,87.81,85.97,3159.00,0.036877,true
TREND0001207,Philippines,CAT005,Sports & Outdoors,2026-05-07,83.71,86.32,86.27,3164.34,-0.017064,true
TREND0001208,Philippines,CAT005,Sports & Outdoors,2026-05-08,83.05,85.73,86.52,3169.32,-0.007915,true
TREND0001209,Philippines,CAT005,Sports & Outdoors,2026-05-09,84.22,87.08,86.73,3173.89,0.014107,true
TREND0001210,Philippines,CAT005,Sports & Outdoors,2026-05-10,81.43,84.57,86.88,3178.02,-0.033144,true
TREND0001211,Philippines,CAT005,Sports & Outdoors,2026-05-11,81.90,85.42,86.97,3181.66,0.005833,true
TREND0001212,Philippines,CAT005,Sports & Outdoors,2026-05-12,81.49,85.47,87.00,3184.77,-0.005020,true
TREND0001213,Philippines,CAT005,Sports & Outdoors,2026-05-13,82.61,87.10,86.97,3187.33,0.013751,true
TREND0001214,Philippines,CAT005,Sports & Outdoors,2026-05-14,81.02,86.07,86.88,3189.30,-0.019239,true
TREND0001215,Philippines,CAT005,Sports & Outdoors,2026-05-15,80.52,86.12,86.73,3190.67,-0.006219,true
TREND0001216,Philippines,CAT005,Sports & Outdoors,2026-05-16,78.82,84.96,86.52,3191.42,-0.021131,true
TREND0001217,Philippines,CAT005,Sports & Outdoors,2026-05-17,75.23,81.87,86.27,3191.55,-0.045455,true
TREND0001218,Philippines,CAT005,Sports & Outdoors,2026-05-18,74.29,81.34,85.96,3191.06,-0.012577,true
TREND0001219,Philippines,CAT005,Sports & Outdoors,2026-05-19,73.50,80.86,85.62,3189.94,-0.010561,true
TREND0001220,Philippines,CAT005,Sports & Outdoors,2026-05-20,73.32,80.87,85.24,3188.22,-0.002447,true
TREND0001221,Philippines,CAT005,Sports & Outdoors,2026-05-21,72.27,79.86,84.84,3185.90,-0.014348,true
TREND0001222,Philippines,CAT005,Sports & Outdoors,2026-05-22,74.75,82.23,84.42,3183.02,0.034366,true
TREND0001223,Philippines,CAT005,Sports & Outdoors,2026-05-23,73.90,81.11,84.00,3179.60,-0.011391,true
TREND0001224,Philippines,CAT005,Sports & Outdoors,2026-05-24,72.63,79.41,83.57,3175.67,-0.017164,true
TREND0001225,Philippines,CAT005,Sports & Outdoors,2026-05-25,70.69,76.88,83.15,3171.27,-0.026777,true
TREND0001226,Philippines,CAT005,Sports & Outdoors,2026-05-26,71.33,76.81,82.75,3166.45,0.009035,true
TREND0001227,Philippines,CAT005,Sports & Outdoors,2026-05-27,74.68,79.33,82.37,3161.26,0.046969,true
TREND0001228,Philippines,CAT005,Sports & Outdoors,2026-05-28,72.83,76.58,82.03,3155.75,-0.024771,true
TREND0001229,Philippines,CAT005,Sports & Outdoors,2026-05-29,75.50,78.29,81.73,3149.96,0.036663,true
TREND0001230,Philippines,CAT005,Sports & Outdoors,2026-05-30,76.20,78.02,81.47,3143.97,0.009233,true
TREND0001231,Philippines,CAT005,Sports & Outdoors,2026-05-31,75.85,76.73,81.27,3137.83,-0.004490,true
TREND0001232,Philippines,CAT005,Sports & Outdoors,2026-06-01,77.03,77.03,81.12,3131.60,0.015495,true
TREND0001233,Philippines,CAT005,Sports & Outdoors,2026-06-02,78.44,77.67,81.03,3125.35,0.018316,true
TREND0001234,Philippines,CAT005,Sports & Outdoors,2026-06-03,81.56,80.16,81.00,3119.13,0.039764,true
TREND0001235,Philippines,CAT005,Sports & Outdoors,2026-06-04,78.56,76.70,81.03,3113.01,-0.036784,true
TREND0001236,Philippines,CAT005,Sports & Outdoors,2026-06-05,83.89,81.78,81.12,3107.05,0.067887,true
TREND0001237,Philippines,CAT005,Sports & Outdoors,2026-06-06,81.81,79.65,81.27,3101.31,-0.024829,true
TREND0001238,Philippines,CAT005,Sports & Outdoors,2026-06-07,85.39,83.42,81.48,3095.84,0.043771,true
TREND0001239,Philippines,CAT005,Sports & Outdoors,2026-06-08,84.91,83.36,81.74,3090.71,-0.005563,true
TREND0001240,Philippines,CAT005,Sports & Outdoors,2026-06-09,84.71,83.80,82.04,3085.96,-0.002386,true
TREND0001241,Philippines,CAT005,Sports & Outdoors,2026-06-10,82.17,82.10,82.38,3081.64,-0.030042,true
TREND0001242,Philippines,CAT005,Sports & Outdoors,2026-06-11,83.87,84.84,82.76,3077.79,0.020741,true
TREND0001243,Philippines,CAT005,Sports & Outdoors,2026-06-12,85.44,87.60,83.16,3074.46,0.018751,true
TREND0001244,Philippines,CAT005,Sports & Outdoors,2026-06-13,83.19,86.65,83.58,3071.67,-0.026401,true
TREND0001245,Philippines,CAT005,Sports & Outdoors,2026-06-14,83.56,88.39,84.01,3069.45,0.004501,true
TREND0001246,Philippines,CAT005,Sports & Outdoors,2026-06-15,80.82,87.04,84.43,3067.83,-0.032836,true
TREND0001247,Philippines,CAT005,Sports & Outdoors,2026-06-16,80.76,88.34,84.85,3066.81,-0.000718,true
TREND0001248,Philippines,CAT005,Sports & Outdoors,2026-06-17,77.85,86.71,85.25,3066.42,-0.035976,true
TREND0001249,Philippines,CAT005,Sports & Outdoors,2026-06-18,76.40,86.40,85.63,3066.66,-0.018628,true
TREND0001250,Philippines,CAT005,Sports & Outdoors,2026-06-19,77.43,88.39,85.97,3067.52,0.013458,true
TREND0001251,Philippines,CAT005,Sports & Outdoors,2026-06-20,74.86,86.56,86.27,3068.99,-0.033172,true
TREND0001252,Philippines,CAT005,Sports & Outdoors,2026-06-21,73.93,86.12,86.53,3071.06,-0.012540,true
TREND0001253,Philippines,CAT005,Sports & Outdoors,2026-06-22,73.07,85.47,86.73,3073.71,-0.011605,true
TREND0001254,Philippines,CAT005,Sports & Outdoors,2026-06-23,73.16,85.49,86.88,3076.92,0.001308,true
TREND0001255,Philippines,CAT005,Sports & Outdoors,2026-06-24,74.10,86.04,86.97,3080.64,0.012784,true
TREND0001256,Philippines,CAT005,Sports & Outdoors,2026-06-25,70.06,81.33,87.00,3084.85,-0.054531,true
TREND0001257,Philippines,CAT005,Sports & Outdoors,2026-06-26,73.38,83.71,86.97,3089.50,0.047403,true
TREND0001258,Philippines,CAT005,Sports & Outdoors,2026-06-27,74.29,83.43,86.88,3094.54,0.012423,true
TREND0001259,Philippines,CAT005,Sports & Outdoors,2026-06-28,73.09,80.83,86.72,3099.93,-0.016198,true
TREND0001260,Philippines,CAT005,Sports & Outdoors,2026-06-29,72.92,79.10,86.52,3105.60,-0.002279,true
TREND0001261,Philippines,CAT006,Pet Supplies,2026-05-01,87.55,81.55,55.77,3738.00,0.000000,true
TREND0001262,Philippines,CAT006,Pet Supplies,2026-05-02,85.08,79.15,54.79,3734.26,-0.028264,true
TREND0001263,Philippines,CAT006,Pet Supplies,2026-05-03,83.93,78.07,54.47,3730.52,-0.013509,true
TREND0001264,Philippines,CAT006,Pet Supplies,2026-05-04,82.07,76.28,53.80,3726.79,-0.022079,true
TREND0001265,Philippines,CAT006,Pet Supplies,2026-05-05,80.50,74.78,53.27,3723.05,-0.019155,true
TREND0001266,Philippines,CAT006,Pet Supplies,2026-05-06,80.66,75.01,53.61,3719.31,0.002030,true
TREND0001267,Philippines,CAT006,Pet Supplies,2026-05-07,83.96,78.38,55.51,3715.57,0.040888,true
TREND0001268,Philippines,CAT006,Pet Supplies,2026-05-08,79.42,73.91,53.49,3711.83,-0.054150,true
TREND0001269,Philippines,CAT006,Pet Supplies,2026-05-09,78.43,72.99,53.26,3708.10,-0.012413,true
TREND0001270,Philippines,CAT006,Pet Supplies,2026-05-10,80.67,75.30,54.63,3704.36,0.028609,true
TREND0001271,Philippines,CAT006,Pet Supplies,2026-05-11,80.18,74.88,54.64,3700.62,-0.006181,true
TREND0001272,Philippines,CAT006,Pet Supplies,2026-05-12,77.33,72.10,53.47,3696.88,-0.035455,true
TREND0001273,Philippines,CAT006,Pet Supplies,2026-05-13,75.17,70.01,52.65,3693.14,-0.027912,true
TREND0001274,Philippines,CAT006,Pet Supplies,2026-05-14,78.59,73.50,54.61,3689.41,0.045448,true
TREND0001275,Philippines,CAT006,Pet Supplies,2026-05-15,74.43,69.41,52.78,3685.67,-0.052994,true
TREND0001276,Philippines,CAT006,Pet Supplies,2026-05-16,74.62,69.67,53.14,3681.93,0.002664,true
TREND0001277,Philippines,CAT006,Pet Supplies,2026-05-17,74.08,69.20,53.12,3678.19,-0.007271,true
TREND0001278,Philippines,CAT006,Pet Supplies,2026-05-18,73.84,69.03,53.25,3674.45,-0.003317,true
TREND0001279,Philippines,CAT006,Pet Supplies,2026-05-19,71.04,66.30,52.11,3670.72,-0.037923,true
TREND0001280,Philippines,CAT006,Pet Supplies,2026-05-20,69.39,64.72,51.54,3666.98,-0.023114,true
TREND0001281,Philippines,CAT006,Pet Supplies,2026-05-21,69.89,65.29,52.04,3663.24,0.007131,true
TREND0001282,Philippines,CAT006,Pet Supplies,2026-05-22,69.87,65.34,52.29,3659.50,-0.000336,true
TREND0001283,Philippines,CAT006,Pet Supplies,2026-05-23,70.13,65.67,52.68,3655.76,0.003833,true
TREND0001284,Philippines,CAT006,Pet Supplies,2026-05-24,68.63,64.24,52.18,3652.03,-0.021450,true
TREND0001285,Philippines,CAT006,Pet Supplies,2026-05-25,66.79,62.47,51.51,3648.29,-0.026805,true
TREND0001286,Philippines,CAT006,Pet Supplies,2026-05-26,69.52,65.27,53.14,3644.55,0.040932,true
TREND0001287,Philippines,CAT006,Pet Supplies,2026-05-27,66.35,62.17,51.81,3640.81,-0.045626,true
TREND0001288,Philippines,CAT006,Pet Supplies,2026-05-28,66.93,62.82,52.35,3637.07,0.008660,true
TREND0001289,Philippines,CAT006,Pet Supplies,2026-05-29,67.29,63.25,52.79,3633.34,0.005494,true
TREND0001290,Philippines,CAT006,Pet Supplies,2026-05-30,61.93,57.96,50.36,3629.60,-0.079743,true
TREND0001291,Philippines,CAT006,Pet Supplies,2026-05-31,62.68,58.78,50.99,3625.86,0.012138,true
TREND0001292,Philippines,CAT006,Pet Supplies,2026-06-01,63.90,60.07,51.85,3622.12,0.019410,true
TREND0001293,Philippines,CAT006,Pet Supplies,2026-06-02,61.15,57.39,50.74,3618.38,-0.042942,true
TREND0001294,Philippines,CAT006,Pet Supplies,2026-06-03,60.39,56.70,50.61,3614.65,-0.012470,true
TREND0001295,Philippines,CAT006,Pet Supplies,2026-06-04,62.07,58.45,51.71,3610.91,0.027883,true
TREND0001296,Philippines,CAT006,Pet Supplies,2026-06-05,59.79,56.24,50.82,3607.17,-0.036741,true
TREND0001297,Philippines,CAT006,Pet Supplies,2026-06-06,60.56,57.08,51.46,3603.43,0.012815,true
TREND0001298,Philippines,CAT006,Pet Supplies,2026-06-07,58.45,55.04,50.66,3599.69,-0.034802,true
TREND0001299,Philippines,CAT006,Pet Supplies,2026-06-08,59.10,55.76,51.24,3595.96,0.011153,true
TREND0001300,Philippines,CAT006,Pet Supplies,2026-06-09,58.45,55.18,51.17,3592.22,-0.011062,true
TREND0001301,Philippines,CAT006,Pet Supplies,2026-06-10,54.33,51.13,49.36,3588.48,-0.070530,true
TREND0001302,Philippines,CAT006,Pet Supplies,2026-06-11,53.76,50.63,49.33,3584.74,-0.010446,true
TREND0001303,Philippines,CAT006,Pet Supplies,2026-06-12,56.57,53.51,51.00,3581.00,0.052377,true
TREND0001304,Philippines,CAT006,Pet Supplies,2026-06-13,51.93,48.94,48.93,3577.27,-0.082109,true
TREND0001305,Philippines,CAT006,Pet Supplies,2026-06-14,53.69,50.77,50.07,3573.53,0.033949,true
TREND0001306,Philippines,CAT006,Pet Supplies,2026-06-15,50.79,47.94,48.87,3569.79,-0.054020,true
TREND0001307,Philippines,CAT006,Pet Supplies,2026-06-16,49.96,47.18,48.71,3566.05,-0.016389,true
TREND0001308,Philippines,CAT006,Pet Supplies,2026-06-17,51.09,48.38,49.53,3562.31,0.022693,true
TREND0001309,Philippines,CAT006,Pet Supplies,2026-06-18,51.72,49.08,50.10,3558.58,0.012325,true
TREND0001310,Philippines,CAT006,Pet Supplies,2026-06-19,49.82,47.25,49.41,3554.84,-0.036695,true
TREND0001311,Philippines,CAT006,Pet Supplies,2026-06-20,46.23,43.73,47.87,3551.10,-0.072142,true
TREND0001312,Philippines,CAT006,Pet Supplies,2026-06-21,49.39,46.96,49.70,3547.36,0.068388,true
TREND0001313,Philippines,CAT006,Pet Supplies,2026-06-22,45.88,43.52,48.20,3543.62,-0.071104,true
TREND0001314,Philippines,CAT006,Pet Supplies,2026-06-23,45.19,42.90,48.11,3539.89,-0.014999,true
TREND0001315,Philippines,CAT006,Pet Supplies,2026-06-24,46.17,43.95,48.86,3536.15,0.021669,true
TREND0001316,Philippines,CAT006,Pet Supplies,2026-06-25,47.14,44.99,49.60,3532.41,0.020997,true
TREND0001317,Philippines,CAT006,Pet Supplies,2026-06-26,44.42,42.34,48.49,3528.67,-0.057627,true
TREND0001318,Philippines,CAT006,Pet Supplies,2026-06-27,43.57,41.56,48.32,3524.93,-0.019193,true
TREND0001319,Philippines,CAT006,Pet Supplies,2026-06-28,41.49,39.55,47.53,3521.20,-0.047845,true
TREND0001320,Philippines,CAT006,Pet Supplies,2026-06-29,39.44,37.57,46.76,3517.46,-0.049336,true
TREND0001321,Philippines,CAT007,Kitchen Appliances,2026-05-01,57.65,46.92,48.00,2912.00,0.000000,true
TREND0001322,Philippines,CAT007,Kitchen Appliances,2026-05-02,60.96,49.59,48.89,2924.71,0.057417,true
TREND0001323,Philippines,CAT007,Kitchen Appliances,2026-05-03,66.95,55.36,49.76,2937.22,0.098252,true
TREND0001324,Philippines,CAT007,Kitchen Appliances,2026-05-04,71.84,60.44,50.62,2949.33,0.072990,true
TREND0001325,Philippines,CAT007,Kitchen Appliances,2026-05-05,73.91,63.12,51.44,2960.86,0.028756,true
TREND0001326,Philippines,CAT007,Kitchen Appliances,2026-05-06,75.42,65.63,52.22,2971.63,0.020527,true
TREND0001327,Philippines,CAT007,Kitchen Appliances,2026-05-07,76.21,67.74,52.95,2981.47,0.010385,true
TREND0001328,Philippines,CAT007,Kitchen Appliances,2026-05-08,78.02,71.16,53.61,2990.23,0.023802,true
TREND0001329,Philippines,CAT007,Kitchen Appliances,2026-05-09,76.29,71.22,54.21,2997.76,-0.022137,true
TREND0001330,Philippines,CAT007,Kitchen Appliances,2026-05-10,77.24,74.05,54.73,3003.96,0.012395,true
TREND0001331,Philippines,CAT007,Kitchen Appliances,2026-05-11,73.80,72.51,55.17,3008.72,-0.044510,true
TREND0001332,Philippines,CAT007,Kitchen Appliances,2026-05-12,72.49,73.02,55.52,3011.97,-0.017783,true
TREND0001333,Philippines,CAT007,Kitchen Appliances,2026-05-13,65.26,67.43,55.78,3013.66,-0.099761,true
TREND0001334,Philippines,CAT007,Kitchen Appliances,2026-05-14,60.98,64.54,55.94,3013.77,-0.065556,true
TREND0001335,Philippines,CAT007,Kitchen Appliances,2026-05-15,57.27,61.89,56.00,3012.29,-0.060863,true
TREND0001336,Philippines,CAT007,Kitchen Appliances,2026-05-16,53.19,58.50,55.96,3009.24,-0.071268,true
TREND0001337,Philippines,CAT007,Kitchen Appliances,2026-05-17,47.94,53.54,55.83,3004.68,-0.098569,true
TREND0001338,Philippines,CAT007,Kitchen Appliances,2026-05-18,45.01,50.46,55.60,2998.66,-0.061260,true
TREND0001339,Philippines,CAT007,Kitchen Appliances,2026-05-19,40.55,45.45,55.27,2991.30,-0.098948,true
TREND0001340,Philippines,CAT007,Kitchen Appliances,2026-05-20,38.15,42.10,54.86,2982.70,-0.059386,true
TREND0001341,Philippines,CAT007,Kitchen Appliances,2026-05-21,37.24,39.91,54.36,2973.00,-0.023636,true
TREND0001342,Philippines,CAT007,Kitchen Appliances,2026-05-22,38.25,39.35,53.78,2962.34,0.026985,true
TREND0001343,Philippines,CAT007,Kitchen Appliances,2026-05-23,40.10,39.43,53.14,2950.90,0.048421,true
TREND0001344,Philippines,CAT007,Kitchen Appliances,2026-05-24,37.39,34.84,52.42,2938.85,-0.067502,true
TREND0001345,Philippines,CAT007,Kitchen Appliances,2026-05-25,40.94,36.49,51.66,2926.38,0.094905,true
TREND0001346,Philippines,CAT007,Kitchen Appliances,2026-05-26,46.50,40.21,50.85,2913.69,0.135720,true
TREND0001347,Philippines,CAT007,Kitchen Appliances,2026-05-27,46.02,38.07,50.00,2900.97,-0.010236,true
TREND0001348,Philippines,CAT007,Kitchen Appliances,2026-05-28,54.73,45.35,49.13,2888.43,0.189163,true
TREND0001349,Philippines,CAT007,Kitchen Appliances,2026-05-29,56.98,46.48,48.24,2876.25,0.041050,true
TREND0001350,Philippines,CAT007,Kitchen Appliances,2026-05-30,62.94,51.70,47.36,2864.63,0.104600,true
TREND0001351,Philippines,CAT007,Kitchen Appliances,2026-05-31,64.07,52.49,46.48,2853.75,0.017936,true
TREND0001352,Philippines,CAT007,Kitchen Appliances,2026-06-01,71.20,59.71,45.61,2843.77,0.111397,true
TREND0001353,Philippines,CAT007,Kitchen Appliances,2026-06-02,74.13,63.14,44.78,2834.87,0.041148,true
TREND0001354,Philippines,CAT007,Kitchen Appliances,2026-06-03,75.68,65.57,43.99,2827.16,0.020838,true
TREND0001355,Philippines,CAT007,Kitchen Appliances,2026-06-04,79.04,70.18,43.25,2820.78,0.044466,true
TREND0001356,Philippines,CAT007,Kitchen Appliances,2026-06-05,80.39,73.06,42.56,2815.83,0.017069,true
TREND0001357,Philippines,CAT007,Kitchen Appliances,2026-06-06,76.34,70.76,41.95,2812.37,-0.050391,true
TREND0001358,Philippines,CAT007,Kitchen Appliances,2026-06-07,76.30,72.59,41.40,2810.47,-0.000509,true
TREND0001359,Philippines,CAT007,Kitchen Appliances,2026-06-08,72.28,70.48,40.94,2810.15,-0.052677,true
TREND0001360,Philippines,CAT007,Kitchen Appliances,2026-06-09,71.84,71.88,40.57,2811.42,-0.006094,true
TREND0001361,Philippines,CAT007,Kitchen Appliances,2026-06-10,70.25,72.00,40.29,2814.27,-0.022082,true
TREND0001362,Philippines,CAT007,Kitchen Appliances,2026-06-11,66.32,69.52,40.10,2818.63,-0.056039,true
TREND0001363,Philippines,CAT007,Kitchen Appliances,2026-06-12,61.14,65.50,40.01,2824.46,-0.078143,true
TREND0001364,Philippines,CAT007,Kitchen Appliances,2026-06-13,56.73,61.89,40.02,2831.65,-0.072019,true
TREND0001365,Philippines,CAT007,Kitchen Appliances,2026-06-14,52.48,58.04,40.12,2840.09,-0.074890,true
TREND0001366,Philippines,CAT007,Kitchen Appliances,2026-06-15,48.77,54.30,40.33,2849.66,-0.070729,true
TREND0001367,Philippines,CAT007,Kitchen Appliances,2026-06-16,45.30,50.39,40.63,2860.20,-0.071216,true
TREND0001368,Philippines,CAT007,Kitchen Appliances,2026-06-17,41.10,45.35,41.02,2871.54,-0.092674,true
TREND0001369,Philippines,CAT007,Kitchen Appliances,2026-06-18,36.69,39.74,41.49,2883.52,-0.107300,true
TREND0001370,Philippines,CAT007,Kitchen Appliances,2026-06-19,39.57,41.12,42.05,2895.94,0.078485,true
TREND0001371,Philippines,CAT007,Kitchen Appliances,2026-06-20,38.13,37.96,42.68,2908.62,-0.036496,true
TREND0001372,Philippines,CAT007,Kitchen Appliances,2026-06-21,37.27,35.24,43.37,2921.34,-0.022547,true
TREND0001373,Philippines,CAT007,Kitchen Appliances,2026-06-22,41.96,38.03,44.13,2933.93,0.126078,true
TREND0001374,Philippines,CAT007,Kitchen Appliances,2026-06-23,43.28,37.48,44.93,2946.16,0.031338,true
TREND0001375,Philippines,CAT007,Kitchen Appliances,2026-06-24,45.52,38.00,45.76,2957.87,0.051756,true
TREND0001376,Philippines,CAT007,Kitchen Appliances,2026-06-25,52.39,43.37,46.63,2968.86,0.150909,true
TREND0001377,Philippines,CAT007,Kitchen Appliances,2026-06-26,56.04,45.82,47.51,2978.96,0.069762,true
TREND0001378,Philippines,CAT007,Kitchen Appliances,2026-06-27,59.39,48.32,48.40,2988.02,0.059745,true
TREND0001379,Philippines,CAT007,Kitchen Appliances,2026-06-28,63.61,52.08,49.28,2995.89,0.070945,true
TREND0001380,Philippines,CAT007,Kitchen Appliances,2026-06-29,66.73,55.16,50.15,3002.45,0.049054,true
TREND0001381,Philippines,CAT008,Baby Products,2026-05-01,67.72,71.72,60.86,3281.00,0.000000,true
TREND0001382,Philippines,CAT008,Baby Products,2026-05-02,68.05,71.75,61.32,3294.12,0.004837,true
TREND0001383,Philippines,CAT008,Baby Products,2026-05-03,66.16,69.56,60.67,3307.25,-0.027729,true
TREND0001384,Philippines,CAT008,Baby Products,2026-05-04,68.28,71.38,62.02,3320.37,0.031971,true
TREND0001385,Philippines,CAT008,Baby Products,2026-05-05,67.10,69.90,61.73,3333.50,-0.017311,true
TREND0001386,Philippines,CAT008,Baby Products,2026-05-06,65.66,68.16,61.31,3346.62,-0.021412,true
TREND0001387,Philippines,CAT008,Baby Products,2026-05-07,65.84,68.04,61.69,3359.74,0.002690,true
TREND0001388,Philippines,CAT008,Baby Products,2026-05-08,64.23,66.13,61.18,3372.87,-0.024452,true
TREND0001389,Philippines,CAT008,Baby Products,2026-05-09,65.44,67.04,62.08,3385.99,0.018813,true
TREND0001390,Philippines,CAT008,Baby Products,2026-05-10,67.02,68.32,63.16,3399.12,0.024154,true
TREND0001391,Philippines,CAT008,Baby Products,2026-05-11,62.24,63.24,61.07,3412.24,-0.071207,true
TREND0001392,Philippines,CAT008,Baby Products,2026-05-12,65.13,65.83,62.81,3425.36,0.046322,true
TREND0001393,Philippines,CAT008,Baby Products,2026-05-13,62.60,63.00,61.84,3438.49,-0.038831,true
TREND0001394,Philippines,CAT008,Baby Products,2026-05-14,64.82,64.92,63.24,3451.61,0.035484,true
TREND0001395,Philippines,CAT008,Baby Products,2026-05-15,62.61,62.41,62.44,3464.74,-0.034059,true
TREND0001396,Philippines,CAT008,Baby Products,2026-05-16,64.57,64.07,63.71,3477.86,0.031262,true
TREND0001397,Philippines,CAT008,Baby Products,2026-05-17,63.19,62.39,63.32,3490.98,-0.021289,true
TREND0001398,Philippines,CAT008,Baby Products,2026-05-18,59.82,58.72,61.92,3504.11,-0.053472,true
TREND0001399,Philippines,CAT008,Baby Products,2026-05-19,61.75,60.35,63.19,3517.23,0.032421,true
TREND0001400,Philippines,CAT008,Baby Products,2026-05-20,59.70,58.00,62.46,3530.36,-0.033198,true
TREND0001401,Philippines,CAT008,Baby Products,2026-05-21,62.02,60.02,63.91,3543.48,0.038807,true
TREND0001402,Philippines,CAT008,Baby Products,2026-05-22,59.65,57.35,63.02,3556.60,-0.038249,true
TREND0001403,Philippines,CAT008,Baby Products,2026-05-23,60.18,57.58,63.58,3569.73,0.008865,true
TREND0001404,Philippines,CAT008,Baby Products,2026-05-24,59.04,56.14,63.31,3582.85,-0.018889,true
TREND0001405,Philippines,CAT008,Baby Products,2026-05-25,60.74,57.54,64.45,3595.98,0.028693,true
TREND0001406,Philippines,CAT008,Baby Products,2026-05-26,57.31,53.81,63.03,3609.10,-0.056328,true
TREND0001407,Philippines,CAT008,Baby Products,2026-05-27,60.27,56.47,64.80,3622.22,0.051497,true
TREND0001408,Philippines,CAT008,Baby Products,2026-05-28,59.80,55.70,64.86,3635.35,-0.007786,true
TREND0001409,Philippines,CAT008,Baby Products,2026-05-29,60.65,56.25,65.58,3648.47,0.014221,true
TREND0001410,Philippines,CAT008,Baby Products,2026-05-30,57.68,52.98,64.40,3661.60,-0.048853,true
TREND0001411,Philippines,CAT008,Baby Products,2026-05-31,55.19,50.19,63.45,3674.72,-0.043236,true
TREND0001412,Philippines,CAT008,Baby Products,2026-06-01,56.44,51.14,64.37,3687.84,0.022729,true
TREND0001413,Philippines,CAT008,Baby Products,2026-06-02,56.85,51.25,64.86,3700.97,0.007170,true
TREND0001414,Philippines,CAT008,Baby Products,2026-06-03,58.00,52.10,65.74,3714.09,0.020274,true
TREND0001415,Philippines,CAT008,Baby Products,2026-06-04,58.39,52.19,66.23,3727.22,0.006733,true
TREND0001416,Philippines,CAT008,Baby Products,2026-06-05,53.39,46.89,64.02,3740.34,-0.085633,true
TREND0001417,Philippines,CAT008,Baby Products,2026-06-06,55.88,49.08,65.56,3753.46,0.046664,true
TREND0001418,Philippines,CAT008,Baby Products,2026-06-07,56.57,49.47,66.20,3766.59,0.012260,true
TREND0001419,Philippines,CAT008,Baby Products,2026-06-08,52.81,45.41,64.61,3779.71,-0.066495,true
TREND0001420,Philippines,CAT008,Baby Products,2026-06-09,54.69,46.99,65.85,3792.84,0.035586,true
TREND0001421,Philippines,CAT008,Baby Products,2026-06-10,51.81,43.81,64.70,3805.96,-0.052681,true
TREND0001422,Philippines,CAT008,Baby Products,2026-06-11,54.95,46.65,66.57,3819.08,0.060684,true
TREND0001423,Philippines,CAT008,Baby Products,2026-06-12,53.34,44.74,66.06,3832.21,-0.029367,true
TREND0001424,Philippines,CAT008,Baby Products,2026-06-13,52.16,43.26,65.77,3845.33,-0.022019,true
TREND0001425,Philippines,CAT008,Baby Products,2026-06-14,54.10,44.90,67.03,3858.46,0.037152,true
TREND0001426,Philippines,CAT008,Baby Products,2026-06-15,53.84,44.34,67.20,3871.58,-0.004766,true
TREND0001427,Philippines,CAT008,Baby Products,2026-06-16,50.50,40.70,65.82,3884.70,-0.062004,true
TREND0001428,Philippines,CAT008,Baby Products,2026-06-17,50.62,40.52,66.17,3897.83,0.002230,true
TREND0001429,Philippines,CAT008,Baby Products,2026-06-18,51.20,40.80,66.76,3910.95,0.011514,true
TREND0001430,Philippines,CAT008,Baby Products,2026-06-19,52.24,41.54,67.58,3924.08,0.020428,true
TREND0001431,Philippines,CAT008,Baby Products,2026-06-20,51.05,40.05,67.27,3937.20,-0.022942,true
TREND0001432,Philippines,CAT008,Baby Products,2026-06-21,51.25,39.95,67.67,3950.32,0.003992,true
TREND0001433,Philippines,CAT008,Baby Products,2026-06-22,51.96,40.36,68.32,3963.45,0.013840,true
TREND0001434,Philippines,CAT008,Baby Products,2026-06-23,49.07,37.17,67.17,3976.57,-0.055558,true
TREND0001435,Philippines,CAT008,Baby Products,2026-06-24,48.66,36.46,67.26,3989.70,-0.008408,true
TREND0001436,Philippines,CAT008,Baby Products,2026-06-25,47.68,35.18,67.06,4002.82,-0.020191,true
TREND0001437,Philippines,CAT008,Baby Products,2026-06-26,48.38,35.58,67.71,4015.94,0.014704,true
TREND0001438,Philippines,CAT008,Baby Products,2026-06-27,49.10,36.00,68.36,4029.07,0.014924,true
TREND0001439,Philippines,CAT008,Baby Products,2026-06-28,47.37,33.97,67.79,4042.19,-0.035264,true
TREND0001440,Philippines,CAT008,Baby Products,2026-06-29,48.94,35.24,68.88,4055.32,0.033230,true
TREND0001441,Thailand,CAT001,Consumer Electronics,2026-05-01,59.04,48.30,48.00,965.00,0.000000,true
TREND0001442,Thailand,CAT001,Consumer Electronics,2026-05-02,61.64,50.27,48.89,969.21,0.044156,true
TREND0001443,Thailand,CAT001,Consumer Electronics,2026-05-03,68.55,56.95,49.76,973.36,0.112054,true
TREND0001444,Thailand,CAT001,Consumer Electronics,2026-05-04,68.68,57.28,50.62,977.37,0.001917,true
TREND0001445,Thailand,CAT001,Consumer Electronics,2026-05-05,72.13,61.34,51.44,981.19,0.050173,true
TREND0001446,Thailand,CAT001,Consumer Electronics,2026-05-06,74.60,64.81,52.22,984.76,0.034341,true
TREND0001447,Thailand,CAT001,Consumer Electronics,2026-05-07,78.71,70.24,52.95,988.02,0.055015,true
TREND0001448,Thailand,CAT001,Consumer Electronics,2026-05-08,80.27,73.40,53.61,990.92,0.019802,true
TREND0001449,Thailand,CAT001,Consumer Electronics,2026-05-09,75.15,70.07,54.21,993.42,-0.063720,true
TREND0001450,Thailand,CAT001,Consumer Electronics,2026-05-10,76.26,73.07,54.73,995.47,0.014715,true
TREND0001451,Thailand,CAT001,Consumer Electronics,2026-05-11,72.16,70.87,55.17,997.05,-0.053762,true
TREND0001452,Thailand,CAT001,Consumer Electronics,2026-05-12,70.22,70.75,55.52,998.13,-0.026883,true
TREND0001453,Thailand,CAT001,Consumer Electronics,2026-05-13,66.46,68.62,55.78,998.69,-0.053601,true
TREND0001454,Thailand,CAT001,Consumer Electronics,2026-05-14,60.82,64.37,55.94,998.73,-0.084866,true
TREND0001455,Thailand,CAT001,Consumer Electronics,2026-05-15,59.29,63.91,56.00,998.23,-0.025154,true
TREND0001456,Thailand,CAT001,Consumer Electronics,2026-05-16,52.36,57.67,55.96,997.22,-0.116814,true
TREND0001457,Thailand,CAT001,Consumer Electronics,2026-05-17,48.12,53.72,55.83,995.71,-0.080905,true
TREND0001458,Thailand,CAT001,Consumer Electronics,2026-05-18,44.42,49.87,55.60,993.72,-0.076949,true
TREND0001459,Thailand,CAT001,Consumer Electronics,2026-05-19,43.58,48.47,55.27,991.28,-0.018967,true
TREND0001460,Thailand,CAT001,Consumer Electronics,2026-05-20,38.09,42.04,54.86,988.43,-0.126008,true
TREND0001461,Thailand,CAT001,Consumer Electronics,2026-05-21,40.50,43.16,54.36,985.21,0.063345,true
TREND0001462,Thailand,CAT001,Consumer Electronics,2026-05-22,35.54,36.64,53.78,981.68,-0.122472,true
TREND0001463,Thailand,CAT001,Consumer Electronics,2026-05-23,38.54,37.87,53.14,977.89,0.084360,true
TREND0001464,Thailand,CAT001,Consumer Electronics,2026-05-24,37.37,34.82,52.42,973.90,-0.030295,true
TREND0001465,Thailand,CAT001,Consumer Electronics,2026-05-25,39.32,34.87,51.66,969.77,0.052141,true
TREND0001466,Thailand,CAT001,Consumer Electronics,2026-05-26,46.66,40.37,50.85,965.56,0.186642,true
TREND0001467,Thailand,CAT001,Consumer Electronics,2026-05-27,50.62,42.66,50.00,961.35,0.084866,true
TREND0001468,Thailand,CAT001,Consumer Electronics,2026-05-28,53.41,44.02,49.13,957.19,0.055087,true
TREND0001469,Thailand,CAT001,Consumer Electronics,2026-05-29,58.05,47.55,48.24,953.15,0.086950,true
TREND0001470,Thailand,CAT001,Consumer Electronics,2026-05-30,59.13,47.89,47.36,949.30,0.018574,true
TREND0001471,Thailand,CAT001,Consumer Electronics,2026-05-31,64.22,52.64,46.48,945.70,0.086177,true
TREND0001472,Thailand,CAT001,Consumer Electronics,2026-06-01,70.96,59.46,45.61,942.39,0.104886,true
TREND0001473,Thailand,CAT001,Consumer Electronics,2026-06-02,73.24,62.24,44.78,939.44,0.032159,true
TREND0001474,Thailand,CAT001,Consumer Electronics,2026-06-03,73.06,62.96,43.99,936.89,-0.002431,true
TREND0001475,Thailand,CAT001,Consumer Electronics,2026-06-04,76.26,67.40,43.25,934.77,0.043702,true
TREND0001476,Thailand,CAT001,Consumer Electronics,2026-06-05,79.96,72.63,42.56,933.13,0.048572,true
TREND0001477,Thailand,CAT001,Consumer Electronics,2026-06-06,79.14,73.55,41.95,931.98,-0.010287,true
TREND0001478,Thailand,CAT001,Consumer Electronics,2026-06-07,74.24,70.52,41.40,931.35,-0.061928,true
TREND0001479,Thailand,CAT001,Consumer Electronics,2026-06-08,76.17,74.37,40.94,931.25,0.026106,true
TREND0001480,Thailand,CAT001,Consumer Electronics,2026-06-09,72.21,72.26,40.57,931.67,-0.051998,true
TREND0001481,Thailand,CAT001,Consumer Electronics,2026-06-10,68.20,69.94,40.29,932.61,-0.055626,true
TREND0001482,Thailand,CAT001,Consumer Electronics,2026-06-11,66.40,69.60,40.10,934.06,-0.026342,true
TREND0001483,Thailand,CAT001,Consumer Electronics,2026-06-12,60.77,65.13,40.01,935.99,-0.084813,true
TREND0001484,Thailand,CAT001,Consumer Electronics,2026-06-13,54.03,59.19,40.02,938.37,-0.110867,true
TREND0001485,Thailand,CAT001,Consumer Electronics,2026-06-14,49.02,54.58,40.12,941.17,-0.092665,true
TREND0001486,Thailand,CAT001,Consumer Electronics,2026-06-15,46.38,51.92,40.33,944.34,-0.053884,true
TREND0001487,Thailand,CAT001,Consumer Electronics,2026-06-16,41.55,46.63,40.63,947.83,-0.104280,true
TREND0001488,Thailand,CAT001,Consumer Electronics,2026-06-17,40.70,44.95,41.02,951.59,-0.020291,true
TREND0001489,Thailand,CAT001,Consumer Electronics,2026-06-18,41.48,44.53,41.49,955.56,0.019120,true
TREND0001490,Thailand,CAT001,Consumer Electronics,2026-06-19,38.49,40.04,42.05,959.68,-0.072111,true
TREND0001491,Thailand,CAT001,Consumer Electronics,2026-06-20,38.89,38.73,42.68,963.88,0.010498,true
TREND0001492,Thailand,CAT001,Consumer Electronics,2026-06-21,40.68,38.65,43.37,968.10,0.045953,true
TREND0001493,Thailand,CAT001,Consumer Electronics,2026-06-22,39.87,35.93,44.13,972.27,-0.019978,true
TREND0001494,Thailand,CAT001,Consumer Electronics,2026-06-23,43.73,37.93,44.93,976.32,0.096854,true
TREND0001495,Thailand,CAT001,Consumer Electronics,2026-06-24,47.53,40.01,45.76,980.20,0.086985,true
TREND0001496,Thailand,CAT001,Consumer Electronics,2026-06-25,51.60,42.58,46.63,983.84,0.085596,true
TREND0001497,Thailand,CAT001,Consumer Electronics,2026-06-26,57.50,47.27,47.51,987.19,0.114238,true
TREND0001498,Thailand,CAT001,Consumer Electronics,2026-06-27,61.85,50.78,48.40,990.19,0.075742,true
TREND0001499,Thailand,CAT001,Consumer Electronics,2026-06-28,63.18,51.65,49.28,992.80,0.021474,true
TREND0001500,Thailand,CAT001,Consumer Electronics,2026-06-29,69.73,58.17,50.15,994.97,0.103670,true
TREND0001501,Thailand,CAT002,Home & Living,2026-05-01,69.86,73.86,61.93,1159.00,0.000000,true
TREND0001502,Thailand,CAT002,Home & Living,2026-05-02,69.63,73.33,62.11,1163.64,-0.003168,true
TREND0001503,Thailand,CAT002,Home & Living,2026-05-03,65.52,68.92,60.35,1168.27,-0.059054,true
TREND0001504,Thailand,CAT002,Home & Living,2026-05-04,68.25,71.35,62.01,1172.91,0.041567,true
TREND0001505,Thailand,CAT002,Home & Living,2026-05-05,67.18,69.98,61.77,1177.54,-0.015615,true
TREND0001506,Thailand,CAT002,Home & Living,2026-05-06,66.38,68.88,61.66,1182.18,-0.011934,true
TREND0001507,Thailand,CAT002,Home & Living,2026-05-07,67.15,69.35,62.34,1186.82,0.011564,true
TREND0001508,Thailand,CAT002,Home & Living,2026-05-08,65.23,67.13,61.68,1191.45,-0.028546,true
TREND0001509,Thailand,CAT002,Home & Living,2026-05-09,65.08,66.68,61.90,1196.09,-0.002237,true
TREND0001510,Thailand,CAT002,Home & Living,2026-05-10,66.88,68.18,63.10,1200.72,0.027616,true
TREND0001511,Thailand,CAT002,Home & Living,2026-05-11,66.10,67.10,63.00,1205.36,-0.011703,true
TREND0001512,Thailand,CAT002,Home & Living,2026-05-12,63.97,64.67,62.23,1210.00,-0.032123,true
TREND0001513,Thailand,CAT002,Home & Living,2026-05-13,64.72,65.12,62.90,1214.63,0.011592,true
TREND0001514,Thailand,CAT002,Home & Living,2026-05-14,61.71,61.81,61.69,1219.27,-0.046501,true
TREND0001515,Thailand,CAT002,Home & Living,2026-05-15,64.61,64.41,63.43,1223.90,0.047036,true
TREND0001516,Thailand,CAT002,Home & Living,2026-05-16,63.11,62.61,62.98,1228.54,-0.023264,true
TREND0001517,Thailand,CAT002,Home & Living,2026-05-17,61.85,61.05,62.65,1233.18,-0.019898,true
TREND0001518,Thailand,CAT002,Home & Living,2026-05-18,60.77,59.67,62.40,1237.81,-0.017490,true
TREND0001519,Thailand,CAT002,Home & Living,2026-05-19,63.74,62.34,64.18,1242.45,0.048969,true
TREND0001520,Thailand,CAT002,Home & Living,2026-05-20,59.23,57.53,62.22,1247.08,-0.070832,true
TREND0001521,Thailand,CAT002,Home & Living,2026-05-21,59.25,57.25,62.53,1251.72,0.000362,true
TREND0001522,Thailand,CAT002,Home & Living,2026-05-22,60.76,58.46,63.57,1256.36,0.025428,true
TREND0001523,Thailand,CAT002,Home & Living,2026-05-23,59.55,56.95,63.27,1260.99,-0.019858,true
TREND0001524,Thailand,CAT002,Home & Living,2026-05-24,58.94,56.04,63.26,1265.63,-0.010186,true
TREND0001525,Thailand,CAT002,Home & Living,2026-05-25,58.51,55.31,63.34,1270.26,-0.007351,true
TREND0001526,Thailand,CAT002,Home & Living,2026-05-26,59.02,55.52,63.88,1274.90,0.008702,true
TREND0001527,Thailand,CAT002,Home & Living,2026-05-27,57.00,53.20,63.17,1279.54,-0.034172,true
TREND0001528,Thailand,CAT002,Home & Living,2026-05-28,60.75,56.65,65.34,1284.17,0.065656,true
TREND0001529,Thailand,CAT002,Home & Living,2026-05-29,57.96,53.56,64.24,1288.81,-0.045808,true
TREND0001530,Thailand,CAT002,Home & Living,2026-05-30,59.25,54.55,65.18,1293.44,0.022176,true
TREND0001531,Thailand,CAT002,Home & Living,2026-05-31,57.35,52.35,64.53,1298.08,-0.031967,true
TREND0001532,Thailand,CAT002,Home & Living,2026-06-01,59.57,54.27,65.93,1302.72,0.038611,true
TREND0001533,Thailand,CAT002,Home & Living,2026-06-02,58.90,53.30,65.89,1307.35,-0.011270,true
TREND0001534,Thailand,CAT002,Home & Living,2026-06-03,57.02,51.12,65.25,1311.99,-0.031797,true
TREND0001535,Thailand,CAT002,Home & Living,2026-06-04,57.39,51.19,65.73,1316.62,0.006419,true
TREND0001536,Thailand,CAT002,Home & Living,2026-06-05,54.60,48.10,64.63,1321.26,-0.048554,true
TREND0001537,Thailand,CAT002,Home & Living,2026-06-06,53.85,47.05,64.55,1325.90,-0.013770,true
TREND0001538,Thailand,CAT002,Home & Living,2026-06-07,57.53,50.43,66.68,1330.53,0.068384,true
TREND0001539,Thailand,CAT002,Home & Living,2026-06-08,56.68,49.28,66.55,1335.17,-0.014790,true
TREND0001540,Thailand,CAT002,Home & Living,2026-06-09,55.89,48.19,66.45,1339.80,-0.014051,true
TREND0001541,Thailand,CAT002,Home & Living,2026-06-10,55.12,47.12,66.36,1344.44,-0.013773,true
TREND0001542,Thailand,CAT002,Home & Living,2026-06-11,55.02,46.72,66.60,1349.08,-0.001852,true
TREND0001543,Thailand,CAT002,Home & Living,2026-06-12,55.41,46.81,67.09,1353.71,0.007162,true
TREND0001544,Thailand,CAT002,Home & Living,2026-06-13,50.77,41.87,65.07,1358.35,-0.083658,true
TREND0001545,Thailand,CAT002,Home & Living,2026-06-14,54.00,44.80,66.98,1362.98,0.063518,true
TREND0001546,Thailand,CAT002,Home & Living,2026-06-15,52.05,42.55,66.30,1367.62,-0.036126,true
TREND0001547,Thailand,CAT002,Home & Living,2026-06-16,51.07,41.27,66.11,1372.26,-0.018766,true
TREND0001548,Thailand,CAT002,Home & Living,2026-06-17,51.25,41.15,66.49,1376.89,0.003518,true
TREND0001549,Thailand,CAT002,Home & Living,2026-06-18,53.51,43.11,67.92,1381.53,0.044093,true
TREND0001550,Thailand,CAT002,Home & Living,2026-06-19,52.12,41.42,67.51,1386.16,-0.026090,true
TREND0001551,Thailand,CAT002,Home & Living,2026-06-20,48.12,37.12,65.81,1390.80,-0.076611,true
TREND0001552,Thailand,CAT002,Home & Living,2026-06-21,50.87,39.57,67.48,1395.44,0.057002,true
TREND0001553,Thailand,CAT002,Home & Living,2026-06-22,51.60,40.00,68.14,1400.07,0.014453,true
TREND0001554,Thailand,CAT002,Home & Living,2026-06-23,51.94,40.04,68.60,1404.71,0.006544,true
TREND0001555,Thailand,CAT002,Home & Living,2026-06-24,50.41,38.21,68.13,1409.34,-0.029442,true
TREND0001556,Thailand,CAT002,Home & Living,2026-06-25,50.44,37.94,68.45,1413.98,0.000613,true
TREND0001557,Thailand,CAT002,Home & Living,2026-06-26,46.37,33.57,66.70,1418.62,-0.080757,true
TREND0001558,Thailand,CAT002,Home & Living,2026-06-27,46.28,33.18,66.96,1423.25,-0.001782,true
TREND0001559,Thailand,CAT002,Home & Living,2026-06-28,45.29,31.89,66.75,1427.89,-0.021570,true
TREND0001560,Thailand,CAT002,Home & Living,2026-06-29,45.82,32.12,67.32,1432.52,0.011841,true
TREND0001561,Thailand,CAT003,Beauty & Personal Care,2026-05-01,37.64,31.64,27.82,1424.00,0.000000,true
TREND0001562,Thailand,CAT003,Beauty & Personal Care,2026-05-02,40.37,34.24,28.84,1425.14,0.072542,true
TREND0001563,Thailand,CAT003,Beauty & Personal Care,2026-05-03,40.58,34.32,28.60,1426.28,0.005262,true
TREND0001564,Thailand,CAT003,Beauty & Personal Care,2026-05-04,38.43,32.04,27.18,1427.42,-0.052871,true
TREND0001565,Thailand,CAT003,Beauty & Personal Care,2026-05-05,43.31,36.79,29.28,1428.56,0.127017,true
TREND0001566,Thailand,CAT003,Beauty & Personal Care,2026-05-06,42.27,35.62,28.41,1429.70,-0.023990,true
TREND0001567,Thailand,CAT003,Beauty & Personal Care,2026-05-07,42.57,35.79,28.21,1430.84,0.006907,true
TREND0001568,Thailand,CAT003,Beauty & Personal Care,2026-05-08,42.65,35.74,27.91,1431.97,0.001973,true
TREND0001569,Thailand,CAT003,Beauty & Personal Care,2026-05-09,45.85,38.81,29.16,1433.11,0.074997,true
TREND0001570,Thailand,CAT003,Beauty & Personal Care,2026-05-10,46.17,39.00,28.98,1434.25,0.007008,true
TREND0001571,Thailand,CAT003,Beauty & Personal Care,2026-05-11,45.18,37.88,28.14,1435.39,-0.021403,true
TREND0001572,Thailand,CAT003,Beauty & Personal Care,2026-05-12,46.21,38.78,28.31,1436.53,0.022808,true
TREND0001573,Thailand,CAT003,Beauty & Personal Care,2026-05-13,46.29,38.73,28.00,1437.67,0.001621,true
TREND0001574,Thailand,CAT003,Beauty & Personal Care,2026-05-14,51.13,43.44,30.08,1438.81,0.104495,true
TREND0001575,Thailand,CAT003,Beauty & Personal Care,2026-05-15,51.75,43.93,30.04,1439.95,0.012150,true
TREND0001576,Thailand,CAT003,Beauty & Personal Care,2026-05-16,51.99,44.04,29.82,1441.09,0.004615,true
TREND0001577,Thailand,CAT003,Beauty & Personal Care,2026-05-17,52.80,44.72,29.88,1442.23,0.015622,true
TREND0001578,Thailand,CAT003,Beauty & Personal Care,2026-05-18,52.17,43.96,29.22,1443.37,-0.011828,true
TREND0001579,Thailand,CAT003,Beauty & Personal Care,2026-05-19,55.34,47.00,30.46,1444.51,0.060729,true
TREND0001580,Thailand,CAT003,Beauty & Personal Care,2026-05-20,54.36,45.89,29.62,1445.64,-0.017801,true
TREND0001581,Thailand,CAT003,Beauty & Personal Care,2026-05-21,54.62,46.02,29.41,1446.78,0.004849,true
TREND0001582,Thailand,CAT003,Beauty & Personal Care,2026-05-22,55.70,46.97,29.60,1447.92,0.019765,true
TREND0001583,Thailand,CAT003,Beauty & Personal Care,2026-05-23,55.70,46.84,29.26,1449.06,0.000106,true
TREND0001584,Thailand,CAT003,Beauty & Personal Care,2026-05-24,57.00,48.01,29.56,1450.20,0.023190,true
TREND0001585,Thailand,CAT003,Beauty & Personal Care,2026-05-25,56.61,47.49,29.02,1451.34,-0.006792,true
TREND0001586,Thailand,CAT003,Beauty & Personal Care,2026-05-26,58.04,48.79,29.40,1452.48,0.025348,true
TREND0001587,Thailand,CAT003,Beauty & Personal Care,2026-05-27,62.01,52.63,31.03,1453.62,0.068312,true
TREND0001588,Thailand,CAT003,Beauty & Personal Care,2026-05-28,61.56,52.05,30.46,1454.76,-0.007261,true
TREND0001589,Thailand,CAT003,Beauty & Personal Care,2026-05-29,59.89,50.25,29.29,1455.90,-0.027071,true
TREND0001590,Thailand,CAT003,Beauty & Personal Care,2026-05-30,63.23,53.46,30.61,1457.04,0.055772,true
TREND0001591,Thailand,CAT003,Beauty & Personal Care,2026-05-31,65.81,55.91,31.56,1458.18,0.040778,true
TREND0001592,Thailand,CAT003,Beauty & Personal Care,2026-06-01,66.01,55.98,31.31,1459.32,0.003005,true
TREND0001593,Thailand,CAT003,Beauty & Personal Care,2026-06-02,66.47,56.31,31.19,1460.45,0.006928,true
TREND0001594,Thailand,CAT003,Beauty & Personal Care,2026-06-03,64.70,54.41,29.96,1461.59,-0.026660,true
TREND0001595,Thailand,CAT003,Beauty & Personal Care,2026-06-04,65.98,55.56,30.26,1462.73,0.019881,true
TREND0001596,Thailand,CAT003,Beauty & Personal Care,2026-06-05,68.37,57.82,31.11,1463.87,0.036149,true
TREND0001597,Thailand,CAT003,Beauty & Personal Care,2026-06-06,68.25,57.57,30.71,1465.01,-0.001700,true
TREND0001598,Thailand,CAT003,Beauty & Personal Care,2026-06-07,71.17,60.36,31.82,1466.15,0.042734,true
TREND0001599,Thailand,CAT003,Beauty & Personal Care,2026-06-08,71.67,60.73,31.73,1467.29,0.007095,true
TREND0001600,Thailand,CAT003,Beauty & Personal Care,2026-06-09,73.44,62.37,32.26,1468.43,0.024657,true
TREND0001601,Thailand,CAT003,Beauty & Personal Care,2026-06-10,70.69,59.49,30.55,1469.57,-0.037403,true
TREND0001602,Thailand,CAT003,Beauty & Personal Care,2026-06-11,72.14,60.81,30.92,1470.71,0.020416,true
TREND0001603,Thailand,CAT003,Beauty & Personal Care,2026-06-12,73.74,62.28,31.38,1471.85,0.022235,true
TREND0001604,Thailand,CAT003,Beauty & Personal Care,2026-06-13,74.56,62.97,31.45,1472.99,0.011196,true
TREND0001605,Thailand,CAT003,Beauty & Personal Care,2026-06-14,76.87,65.15,32.25,1474.12,0.030911,true
TREND0001606,Thailand,CAT003,Beauty & Personal Care,2026-06-15,73.88,62.03,30.41,1475.26,-0.038896,true
TREND0001607,Thailand,CAT003,Beauty & Personal Care,2026-06-16,79.37,67.39,32.81,1476.40,0.074301,true
TREND0001608,Thailand,CAT003,Beauty & Personal Care,2026-06-17,76.50,64.39,31.03,1477.54,-0.036172,true
TREND0001609,Thailand,CAT003,Beauty & Personal Care,2026-06-18,80.50,68.26,32.69,1478.68,0.052259,true
TREND0001610,Thailand,CAT003,Beauty & Personal Care,2026-06-19,79.25,66.88,31.72,1479.82,-0.015494,true
TREND0001611,Thailand,CAT003,Beauty & Personal Care,2026-06-20,80.26,67.76,31.88,1480.96,0.012727,true
TREND0001612,Thailand,CAT003,Beauty & Personal Care,2026-06-21,82.05,69.42,32.43,1482.10,0.022392,true
TREND0001613,Thailand,CAT003,Beauty & Personal Care,2026-06-22,81.07,68.31,31.60,1483.24,-0.011953,true
TREND0001614,Thailand,CAT003,Beauty & Personal Care,2026-06-23,82.80,69.91,32.11,1484.38,0.021253,true
TREND0001615,Thailand,CAT003,Beauty & Personal Care,2026-06-24,86.27,73.25,33.51,1485.52,0.042009,true
TREND0001616,Thailand,CAT003,Beauty & Personal Care,2026-06-25,83.12,69.97,31.58,1486.66,-0.036566,true
TREND0001617,Thailand,CAT003,Beauty & Personal Care,2026-06-26,87.40,74.12,33.38,1487.80,0.051551,true
TREND0001618,Thailand,CAT003,Beauty & Personal Care,2026-06-27,85.01,71.60,31.84,1488.93,-0.027367,true
TREND0001619,Thailand,CAT003,Beauty & Personal Care,2026-06-28,86.22,72.68,32.10,1490.07,0.014185,true
TREND0001620,Thailand,CAT003,Beauty & Personal Care,2026-06-29,86.85,73.18,32.07,1491.21,0.007276,true
TREND0001621,Thailand,CAT004,Fashion Accessories,2026-05-01,80.19,84.19,84.00,1539.00,0.000000,true
TREND0001622,Thailand,CAT004,Fashion Accessories,2026-05-02,81.08,84.71,84.43,1542.07,0.011040,true
TREND0001623,Thailand,CAT004,Fashion Accessories,2026-05-03,80.28,83.58,84.85,1545.12,-0.009808,true
TREND0001624,Thailand,CAT004,Fashion Accessories,2026-05-04,81.46,84.47,85.25,1548.10,0.014701,true
TREND0001625,Thailand,CAT004,Fashion Accessories,2026-05-05,81.81,84.59,85.62,1550.99,0.004238,true
TREND0001626,Thailand,CAT004,Fashion Accessories,2026-05-06,82.26,84.91,85.97,1553.76,0.005537,true
TREND0001627,Thailand,CAT004,Fashion Accessories,2026-05-07,83.26,85.88,86.27,1556.38,0.012179,true
TREND0001628,Thailand,CAT004,Fashion Accessories,2026-05-08,82.66,85.34,86.52,1558.83,-0.007249,true
TREND0001629,Thailand,CAT004,Fashion Accessories,2026-05-09,82.63,85.49,86.73,1561.08,-0.000379,true
TREND0001630,Thailand,CAT004,Fashion Accessories,2026-05-10,83.32,86.46,86.88,1563.11,0.008378,true
TREND0001631,Thailand,CAT004,Fashion Accessories,2026-05-11,82.81,86.33,86.97,1564.90,-0.006089,true
TREND0001632,Thailand,CAT004,Fashion Accessories,2026-05-12,81.81,85.79,87.00,1566.43,-0.012094,true
TREND0001633,Thailand,CAT004,Fashion Accessories,2026-05-13,82.68,87.17,86.97,1567.69,0.010630,true
TREND0001634,Thailand,CAT004,Fashion Accessories,2026-05-14,81.02,86.06,86.88,1568.66,-0.020123,true
TREND0001635,Thailand,CAT004,Fashion Accessories,2026-05-15,79.41,85.02,86.73,1569.33,-0.019782,true
TREND0001636,Thailand,CAT004,Fashion Accessories,2026-05-16,79.42,85.57,86.52,1569.70,0.000110,true
TREND0001637,Thailand,CAT004,Fashion Accessories,2026-05-17,77.99,84.63,86.27,1569.77,-0.017978,true
TREND0001638,Thailand,CAT004,Fashion Accessories,2026-05-18,78.32,85.37,85.96,1569.52,0.004210,true
TREND0001639,Thailand,CAT004,Fashion Accessories,2026-05-19,72.95,80.31,85.62,1568.98,-0.068638,true
TREND0001640,Thailand,CAT004,Fashion Accessories,2026-05-20,73.02,80.57,85.24,1568.13,0.001020,true
TREND0001641,Thailand,CAT004,Fashion Accessories,2026-05-21,72.35,79.93,84.84,1566.99,-0.009246,true
TREND0001642,Thailand,CAT004,Fashion Accessories,2026-05-22,70.57,78.04,84.42,1565.57,-0.024617,true
TREND0001643,Thailand,CAT004,Fashion Accessories,2026-05-23,74.11,81.31,84.00,1563.89,0.050178,true
TREND0001644,Thailand,CAT004,Fashion Accessories,2026-05-24,70.23,77.00,83.57,1561.95,-0.052288,true
TREND0001645,Thailand,CAT004,Fashion Accessories,2026-05-25,71.38,77.57,83.15,1559.79,0.016361,true
TREND0001646,Thailand,CAT004,Fashion Accessories,2026-05-26,74.51,79.99,82.75,1557.42,0.043795,true
TREND0001647,Thailand,CAT004,Fashion Accessories,2026-05-27,73.16,77.82,82.37,1554.87,-0.018012,true
TREND0001648,Thailand,CAT004,Fashion Accessories,2026-05-28,72.24,75.99,82.03,1552.15,-0.012659,true
TREND0001649,Thailand,CAT004,Fashion Accessories,2026-05-29,72.03,74.82,81.73,1549.31,-0.002904,true
TREND0001650,Thailand,CAT004,Fashion Accessories,2026-05-30,77.55,79.38,81.47,1546.36,0.076723,true
TREND0001651,Thailand,CAT004,Fashion Accessories,2026-05-31,77.05,77.93,81.27,1543.34,-0.006529,true
TREND0001652,Thailand,CAT004,Fashion Accessories,2026-06-01,76.37,76.38,81.12,1540.28,-0.008804,true
TREND0001653,Thailand,CAT004,Fashion Accessories,2026-06-02,77.35,76.59,81.03,1537.20,0.012875,true
TREND0001654,Thailand,CAT004,Fashion Accessories,2026-06-03,80.83,79.44,81.00,1534.14,0.044981,true
TREND0001655,Thailand,CAT004,Fashion Accessories,2026-06-04,83.01,81.16,81.03,1531.13,0.026980,true
TREND0001656,Thailand,CAT004,Fashion Accessories,2026-06-05,80.31,78.20,81.12,1528.20,-0.032538,true
TREND0001657,Thailand,CAT004,Fashion Accessories,2026-06-06,82.61,80.45,81.27,1525.38,0.028611,true
TREND0001658,Thailand,CAT004,Fashion Accessories,2026-06-07,81.51,79.54,81.48,1522.69,-0.013334,true
TREND0001659,Thailand,CAT004,Fashion Accessories,2026-06-08,81.66,80.10,81.74,1520.17,0.001828,true
TREND0001660,Thailand,CAT004,Fashion Accessories,2026-06-09,83.51,82.60,82.04,1517.83,0.022745,true
TREND0001661,Thailand,CAT004,Fashion Accessories,2026-06-10,83.08,83.01,82.38,1515.71,-0.005207,true
TREND0001662,Thailand,CAT004,Fashion Accessories,2026-06-11,84.13,85.10,82.76,1513.81,0.012647,true
TREND0001663,Thailand,CAT004,Fashion Accessories,2026-06-12,82.44,84.60,83.16,1512.17,-0.020118,true
TREND0001664,Thailand,CAT004,Fashion Accessories,2026-06-13,83.74,87.20,83.58,1510.80,0.015806,true
TREND0001665,Thailand,CAT004,Fashion Accessories,2026-06-14,82.83,87.66,84.01,1509.71,-0.010823,true
TREND0001666,Thailand,CAT004,Fashion Accessories,2026-06-15,81.03,87.25,84.43,1508.91,-0.021816,true
TREND0001667,Thailand,CAT004,Fashion Accessories,2026-06-16,78.14,85.71,84.85,1508.41,-0.035681,true
TREND0001668,Thailand,CAT004,Fashion Accessories,2026-06-17,77.56,86.41,85.25,1508.22,-0.007426,true
TREND0001669,Thailand,CAT004,Fashion Accessories,2026-06-18,78.49,88.49,85.63,1508.34,0.012084,true
TREND0001670,Thailand,CAT004,Fashion Accessories,2026-06-19,75.38,86.34,85.97,1508.76,-0.039643,true
TREND0001671,Thailand,CAT004,Fashion Accessories,2026-06-20,75.18,86.89,86.27,1509.48,-0.002619,true
TREND0001672,Thailand,CAT004,Fashion Accessories,2026-06-21,76.05,88.24,86.53,1510.50,0.011460,true
TREND0001673,Thailand,CAT004,Fashion Accessories,2026-06-22,73.03,85.43,86.73,1511.81,-0.039678,true
TREND0001674,Thailand,CAT004,Fashion Accessories,2026-06-23,73.38,85.70,86.88,1513.38,0.004750,true
TREND0001675,Thailand,CAT004,Fashion Accessories,2026-06-24,72.60,84.55,86.97,1515.21,-0.010570,true
TREND0001676,Thailand,CAT004,Fashion Accessories,2026-06-25,72.55,83.83,87.00,1517.28,-0.000670,true
TREND0001677,Thailand,CAT004,Fashion Accessories,2026-06-26,70.38,80.71,86.97,1519.57,-0.029884,true
TREND0001678,Thailand,CAT004,Fashion Accessories,2026-06-27,72.64,81.78,86.88,1522.05,0.031998,true
TREND0001679,Thailand,CAT004,Fashion Accessories,2026-06-28,72.07,79.81,86.72,1524.70,-0.007730,true
TREND0001680,Thailand,CAT004,Fashion Accessories,2026-06-29,74.82,80.99,86.52,1527.49,0.038043,true
TREND0001681,Thailand,CAT005,Sports & Outdoors,2026-05-01,85.29,79.29,54.64,504.00,0.000000,true
TREND0001682,Thailand,CAT005,Sports & Outdoors,2026-05-02,85.57,79.64,55.04,503.50,0.003332,true
TREND0001683,Thailand,CAT005,Sports & Outdoors,2026-05-03,84.87,79.01,54.95,502.99,-0.008206,true
TREND0001684,Thailand,CAT005,Sports & Outdoors,2026-05-04,83.94,78.15,54.74,502.49,-0.010940,true
TREND0001685,Thailand,CAT005,Sports & Outdoors,2026-05-05,84.80,79.08,55.42,501.98,0.010192,true
TREND0001686,Thailand,CAT005,Sports & Outdoors,2026-05-06,84.43,78.78,55.49,501.48,-0.004332,true
TREND0001687,Thailand,CAT005,Sports & Outdoors,2026-05-07,79.15,73.57,53.11,500.98,-0.062492,true
TREND0001688,Thailand,CAT005,Sports & Outdoors,2026-05-08,79.13,73.62,53.35,500.47,-0.000342,true
TREND0001689,Thailand,CAT005,Sports & Outdoors,2026-05-09,79.39,73.95,53.74,499.97,0.003340,true
TREND0001690,Thailand,CAT005,Sports & Outdoors,2026-05-10,78.29,72.92,53.44,499.46,-0.013896,true
TREND0001691,Thailand,CAT005,Sports & Outdoors,2026-05-11,78.04,72.74,53.57,498.96,-0.003161,true
TREND0001692,Thailand,CAT005,Sports & Outdoors,2026-05-12,78.60,73.37,54.10,498.46,0.007156,true
TREND0001693,Thailand,CAT005,Sports & Outdoors,2026-05-13,76.42,71.26,53.27,497.95,-0.027704,true
TREND0001694,Thailand,CAT005,Sports & Outdoors,2026-05-14,75.13,70.04,52.88,497.45,-0.016875,true
TREND0001695,Thailand,CAT005,Sports & Outdoors,2026-05-15,76.64,71.62,53.89,496.94,0.020119,true
TREND0001696,Thailand,CAT005,Sports & Outdoors,2026-05-16,75.19,70.24,53.42,496.44,-0.019010,true
TREND0001697,Thailand,CAT005,Sports & Outdoors,2026-05-17,72.87,67.99,52.51,495.94,-0.030838,true
TREND0001698,Thailand,CAT005,Sports & Outdoors,2026-05-18,74.82,70.01,53.75,495.43,0.026840,true
TREND0001699,Thailand,CAT005,Sports & Outdoors,2026-05-19,71.53,66.79,52.36,494.93,-0.044011,true
TREND0001700,Thailand,CAT005,Sports & Outdoors,2026-05-20,73.70,69.03,53.70,494.42,0.030373,true
TREND0001701,Thailand,CAT005,Sports & Outdoors,2026-05-21,69.88,65.28,52.04,493.92,-0.051940,true
TREND0001702,Thailand,CAT005,Sports & Outdoors,2026-05-22,71.31,66.78,53.01,493.42,0.020566,true
TREND0001703,Thailand,CAT005,Sports & Outdoors,2026-05-23,69.83,65.37,52.53,492.91,-0.020756,true
TREND0001704,Thailand,CAT005,Sports & Outdoors,2026-05-24,68.47,64.08,52.10,492.41,-0.019506,true
TREND0001705,Thailand,CAT005,Sports & Outdoors,2026-05-25,68.17,63.85,52.21,491.90,-0.004379,true
TREND0001706,Thailand,CAT005,Sports & Outdoors,2026-05-26,66.09,61.84,51.42,491.40,-0.030513,true
TREND0001707,Thailand,CAT005,Sports & Outdoors,2026-05-27,64.98,60.80,51.12,490.90,-0.016765,true
TREND0001708,Thailand,CAT005,Sports & Outdoors,2026-05-28,63.59,59.48,50.68,490.39,-0.021415,true
TREND0001709,Thailand,CAT005,Sports & Outdoors,2026-05-29,65.31,61.27,51.79,489.89,0.027029,true
TREND0001710,Thailand,CAT005,Sports & Outdoors,2026-05-30,62.56,58.59,50.67,489.38,-0.042157,true
TREND0001711,Thailand,CAT005,Sports & Outdoors,2026-05-31,63.32,59.42,51.31,488.88,0.012163,true
TREND0001712,Thailand,CAT005,Sports & Outdoors,2026-06-01,62.98,59.15,51.39,488.38,-0.005393,true
TREND0001713,Thailand,CAT005,Sports & Outdoors,2026-06-02,61.47,57.71,50.89,487.87,-0.023912,true
TREND0001714,Thailand,CAT005,Sports & Outdoors,2026-06-03,60.64,56.95,50.74,487.37,-0.013490,true
TREND0001715,Thailand,CAT005,Sports & Outdoors,2026-06-04,62.86,59.24,52.10,486.86,0.036558,true
TREND0001716,Thailand,CAT005,Sports & Outdoors,2026-06-05,59.71,56.16,50.78,486.36,-0.050077,true
TREND0001717,Thailand,CAT005,Sports & Outdoors,2026-06-06,57.53,54.05,49.94,485.86,-0.036546,true
TREND0001718,Thailand,CAT005,Sports & Outdoors,2026-06-07,60.42,57.01,51.64,485.35,0.050258,true
TREND0001719,Thailand,CAT005,Sports & Outdoors,2026-06-08,57.41,54.07,50.40,484.85,-0.049795,true
TREND0001720,Thailand,CAT005,Sports & Outdoors,2026-06-09,54.84,51.57,49.37,484.34,-0.044744,true
TREND0001721,Thailand,CAT005,Sports & Outdoors,2026-06-10,57.95,54.75,51.18,483.84,0.056768,true
TREND0001722,Thailand,CAT005,Sports & Outdoors,2026-06-11,57.21,54.08,51.06,483.34,-0.012896,true
TREND0001723,Thailand,CAT005,Sports & Outdoors,2026-06-12,52.82,49.76,49.12,482.83,-0.076735,true
TREND0001724,Thailand,CAT005,Sports & Outdoors,2026-06-13,55.24,52.25,50.58,482.33,0.045836,true
TREND0001725,Thailand,CAT005,Sports & Outdoors,2026-06-14,52.91,49.99,49.68,481.82,-0.042126,true
TREND0001726,Thailand,CAT005,Sports & Outdoors,2026-06-15,50.57,47.72,48.76,481.32,-0.044255,true
TREND0001727,Thailand,CAT005,Sports & Outdoors,2026-06-16,53.75,50.97,50.61,480.82,0.062976,true
TREND0001728,Thailand,CAT005,Sports & Outdoors,2026-06-17,48.49,45.78,48.23,480.31,-0.097871,true
TREND0001729,Thailand,CAT005,Sports & Outdoors,2026-06-18,47.71,45.07,48.10,479.81,-0.016107,true
TREND0001730,Thailand,CAT005,Sports & Outdoors,2026-06-19,50.14,47.57,49.56,479.30,0.050845,true
TREND0001731,Thailand,CAT005,Sports & Outdoors,2026-06-20,50.20,47.70,49.85,478.80,0.001207,true
TREND0001732,Thailand,CAT005,Sports & Outdoors,2026-06-21,48.71,46.28,49.36,478.30,-0.029732,true
TREND0001733,Thailand,CAT005,Sports & Outdoors,2026-06-22,47.45,45.09,48.99,477.79,-0.025727,true
TREND0001734,Thailand,CAT005,Sports & Outdoors,2026-06-23,48.22,45.93,49.63,477.29,0.016199,true
TREND0001735,Thailand,CAT005,Sports & Outdoors,2026-06-24,44.96,42.74,48.25,476.78,-0.067680,true
TREND0001736,Thailand,CAT005,Sports & Outdoors,2026-06-25,44.86,42.71,48.45,476.28,-0.002199,true
TREND0001737,Thailand,CAT005,Sports & Outdoors,2026-06-26,45.67,43.59,49.11,475.78,0.018042,true
TREND0001738,Thailand,CAT005,Sports & Outdoors,2026-06-27,42.23,40.22,47.65,475.27,-0.075244,true
TREND0001739,Thailand,CAT005,Sports & Outdoors,2026-06-28,42.35,40.41,47.97,474.77,0.002800,true
TREND0001740,Thailand,CAT005,Sports & Outdoors,2026-06-29,43.56,41.69,48.83,474.26,0.028664,true
TREND0001741,Thailand,CAT006,Pet Supplies,2026-05-01,56.71,45.97,48.00,1720.00,0.000000,true
TREND0001742,Thailand,CAT006,Pet Supplies,2026-05-02,64.86,53.49,48.89,1727.51,0.143870,true
TREND0001743,Thailand,CAT006,Pet Supplies,2026-05-03,64.73,53.14,49.76,1734.89,-0.001989,true
TREND0001744,Thailand,CAT006,Pet Supplies,2026-05-04,72.16,60.76,50.62,1742.05,0.114776,true
TREND0001745,Thailand,CAT006,Pet Supplies,2026-05-05,74.99,64.20,51.44,1748.86,0.039198,true
TREND0001746,Thailand,CAT006,Pet Supplies,2026-05-06,77.83,68.03,52.22,1755.22,0.037782,true
TREND0001747,Thailand,CAT006,Pet Supplies,2026-05-07,79.28,70.82,52.95,1761.03,0.018694,true
TREND0001748,Thailand,CAT006,Pet Supplies,2026-05-08,78.03,71.17,53.61,1766.21,-0.015738,true
TREND0001749,Thailand,CAT006,Pet Supplies,2026-05-09,77.32,72.24,54.21,1770.66,-0.009114,true
TREND0001750,Thailand,CAT006,Pet Supplies,2026-05-10,78.04,74.85,54.73,1774.32,0.009237,true
TREND0001751,Thailand,CAT006,Pet Supplies,2026-05-11,74.27,72.98,55.17,1777.13,-0.048223,true
TREND0001752,Thailand,CAT006,Pet Supplies,2026-05-12,73.14,73.67,55.52,1779.05,-0.015277,true
TREND0001753,Thailand,CAT006,Pet Supplies,2026-05-13,66.29,68.46,55.78,1780.05,-0.093653,true
TREND0001754,Thailand,CAT006,Pet Supplies,2026-05-14,61.76,65.31,55.94,1780.11,-0.068341,true
TREND0001755,Thailand,CAT006,Pet Supplies,2026-05-15,60.15,64.78,56.00,1779.24,-0.025974,true
TREND0001756,Thailand,CAT006,Pet Supplies,2026-05-16,51.79,57.11,55.96,1777.44,-0.138978,true
TREND0001757,Thailand,CAT006,Pet Supplies,2026-05-17,49.70,55.29,55.83,1774.74,-0.040458,true
TREND0001758,Thailand,CAT006,Pet Supplies,2026-05-18,43.83,49.28,55.60,1771.19,-0.118149,true
TREND0001759,Thailand,CAT006,Pet Supplies,2026-05-19,42.51,47.41,55.27,1766.84,-0.030055,true
TREND0001760,Thailand,CAT006,Pet Supplies,2026-05-20,41.09,45.04,54.86,1761.76,-0.033496,true
TREND0001761,Thailand,CAT006,Pet Supplies,2026-05-21,39.52,42.19,54.36,1756.03,-0.038080,true
TREND0001762,Thailand,CAT006,Pet Supplies,2026-05-22,36.12,37.22,53.78,1749.73,-0.085990,true
TREND0001763,Thailand,CAT006,Pet Supplies,2026-05-23,39.65,38.98,53.14,1742.98,0.097660,true
TREND0001764,Thailand,CAT006,Pet Supplies,2026-05-24,38.02,35.47,52.42,1735.86,-0.041157,true
TREND0001765,Thailand,CAT006,Pet Supplies,2026-05-25,43.81,39.36,51.66,1728.50,0.152426,true
TREND0001766,Thailand,CAT006,Pet Supplies,2026-05-26,47.05,40.77,50.85,1721.00,0.073945,true
TREND0001767,Thailand,CAT006,Pet Supplies,2026-05-27,50.77,42.81,50.00,1713.49,0.078983,true
TREND0001768,Thailand,CAT006,Pet Supplies,2026-05-28,53.06,43.67,49.13,1706.08,0.045019,true
TREND0001769,Thailand,CAT006,Pet Supplies,2026-05-29,55.71,45.22,48.24,1698.88,0.050085,true
TREND0001770,Thailand,CAT006,Pet Supplies,2026-05-30,62.01,50.77,47.36,1692.02,0.113032,true
TREND0001771,Thailand,CAT006,Pet Supplies,2026-05-31,65.36,53.78,46.48,1685.59,0.053997,true
TREND0001772,Thailand,CAT006,Pet Supplies,2026-06-01,69.61,58.11,45.61,1679.70,0.064998,true
TREND0001773,Thailand,CAT006,Pet Supplies,2026-06-02,72.09,61.10,44.78,1674.44,0.035724,true
TREND0001774,Thailand,CAT006,Pet Supplies,2026-06-03,73.34,63.24,43.99,1669.89,0.017336,true
TREND0001775,Thailand,CAT006,Pet Supplies,2026-06-04,76.25,67.40,43.25,1666.12,0.039686,true
TREND0001776,Thailand,CAT006,Pet Supplies,2026-06-05,76.79,69.46,42.56,1663.19,0.006984,true
TREND0001777,Thailand,CAT006,Pet Supplies,2026-06-06,76.95,71.36,41.95,1661.15,0.002090,true
TREND0001778,Thailand,CAT006,Pet Supplies,2026-06-07,74.81,71.10,41.40,1660.03,-0.027771,true
TREND0001779,Thailand,CAT006,Pet Supplies,2026-06-08,76.10,74.29,40.94,1659.84,0.017183,true
TREND0001780,Thailand,CAT006,Pet Supplies,2026-06-09,70.58,70.62,40.57,1660.59,-0.072502,true
TREND0001781,Thailand,CAT006,Pet Supplies,2026-06-10,67.80,69.54,40.29,1662.27,-0.039334,true
TREND0001782,Thailand,CAT006,Pet Supplies,2026-06-11,63.61,66.81,40.10,1664.85,-0.061859,true
TREND0001783,Thailand,CAT006,Pet Supplies,2026-06-12,57.54,61.90,40.01,1668.29,-0.095454,true
TREND0001784,Thailand,CAT006,Pet Supplies,2026-06-13,56.31,61.47,40.02,1672.54,-0.021267,true
TREND0001785,Thailand,CAT006,Pet Supplies,2026-06-14,53.14,58.69,40.12,1677.53,-0.056403,true
TREND0001786,Thailand,CAT006,Pet Supplies,2026-06-15,45.22,50.75,40.33,1683.18,-0.149048,true
TREND0001787,Thailand,CAT006,Pet Supplies,2026-06-16,42.81,47.90,40.63,1689.40,-0.053264,true
TREND0001788,Thailand,CAT006,Pet Supplies,2026-06-17,40.09,44.34,41.02,1696.10,-0.063495,true
TREND0001789,Thailand,CAT006,Pet Supplies,2026-06-18,39.01,42.06,41.49,1703.18,-0.026864,true
TREND0001790,Thailand,CAT006,Pet Supplies,2026-06-19,35.88,37.43,42.05,1710.52,-0.080409,true
TREND0001791,Thailand,CAT006,Pet Supplies,2026-06-20,36.16,36.00,42.68,1718.00,0.008040,true
TREND0001792,Thailand,CAT006,Pet Supplies,2026-06-21,41.15,39.12,43.37,1725.52,0.137863,true
TREND0001793,Thailand,CAT006,Pet Supplies,2026-06-22,41.46,37.53,44.13,1732.95,0.007639,true
TREND0001794,Thailand,CAT006,Pet Supplies,2026-06-23,45.54,39.75,44.93,1740.18,0.098385,true
TREND0001795,Thailand,CAT006,Pet Supplies,2026-06-24,46.57,39.05,45.76,1747.09,0.022429,true
TREND0001796,Thailand,CAT006,Pet Supplies,2026-06-25,48.94,39.92,46.63,1753.58,0.051085,true
TREND0001797,Thailand,CAT006,Pet Supplies,2026-06-26,55.42,45.19,47.51,1759.55,0.132224,true
TREND0001798,Thailand,CAT006,Pet Supplies,2026-06-27,60.10,49.03,48.40,1764.90,0.084533,true
TREND0001799,Thailand,CAT006,Pet Supplies,2026-06-28,64.47,52.94,49.28,1769.55,0.072665,true
TREND0001800,Thailand,CAT006,Pet Supplies,2026-06-29,67.14,55.58,50.15,1773.43,0.041416,true
TREND0001801,Thailand,CAT007,Kitchen Appliances,2026-05-01,68.27,72.27,61.13,1385.00,0.000000,true
TREND0001802,Thailand,CAT007,Kitchen Appliances,2026-05-02,68.73,72.43,61.66,1390.54,0.006794,true
TREND0001803,Thailand,CAT007,Kitchen Appliances,2026-05-03,65.30,68.70,60.24,1396.08,-0.049940,true
TREND0001804,Thailand,CAT007,Kitchen Appliances,2026-05-04,68.17,71.27,61.97,1401.62,0.043996,true
TREND0001805,Thailand,CAT007,Kitchen Appliances,2026-05-05,65.43,68.23,60.89,1407.16,-0.040235,true
TREND0001806,Thailand,CAT007,Kitchen Appliances,2026-05-06,64.76,67.26,60.85,1412.70,-0.010255,true
TREND0001807,Thailand,CAT007,Kitchen Appliances,2026-05-07,66.57,68.77,62.05,1418.24,0.027936,true
TREND0001808,Thailand,CAT007,Kitchen Appliances,2026-05-08,63.18,65.08,60.66,1423.78,-0.050853,true
TREND0001809,Thailand,CAT007,Kitchen Appliances,2026-05-09,64.39,65.99,61.56,1429.32,0.019169,true
TREND0001810,Thailand,CAT007,Kitchen Appliances,2026-05-10,66.38,67.68,62.85,1434.86,0.030917,true
TREND0001811,Thailand,CAT007,Kitchen Appliances,2026-05-11,64.77,65.77,62.34,1440.40,-0.024264,true
TREND0001812,Thailand,CAT007,Kitchen Appliances,2026-05-12,66.53,67.23,63.51,1445.94,0.027156,true
TREND0001813,Thailand,CAT007,Kitchen Appliances,2026-05-13,62.03,62.43,61.56,1451.48,-0.067616,true
TREND0001814,Thailand,CAT007,Kitchen Appliances,2026-05-14,65.85,65.95,63.76,1457.02,0.061501,true
TREND0001815,Thailand,CAT007,Kitchen Appliances,2026-05-15,62.30,62.10,62.28,1462.56,-0.053872,true
TREND0001816,Thailand,CAT007,Kitchen Appliances,2026-05-16,63.96,63.46,63.40,1468.10,0.026602,true
TREND0001817,Thailand,CAT007,Kitchen Appliances,2026-05-17,61.82,61.02,62.63,1473.64,-0.033405,true
TREND0001818,Thailand,CAT007,Kitchen Appliances,2026-05-18,60.36,59.26,62.19,1479.18,-0.023654,true
TREND0001819,Thailand,CAT007,Kitchen Appliances,2026-05-19,61.11,59.71,62.86,1484.72,0.012352,true
TREND0001820,Thailand,CAT007,Kitchen Appliances,2026-05-20,60.05,58.35,62.63,1490.26,-0.017302,true
TREND0001821,Thailand,CAT007,Kitchen Appliances,2026-05-21,61.35,59.35,63.58,1495.80,0.021749,true
TREND0001822,Thailand,CAT007,Kitchen Appliances,2026-05-22,61.69,59.39,64.04,1501.34,0.005474,true
TREND0001823,Thailand,CAT007,Kitchen Appliances,2026-05-23,59.78,57.18,63.38,1506.88,-0.031015,true
TREND0001824,Thailand,CAT007,Kitchen Appliances,2026-05-24,61.72,58.82,64.64,1512.42,0.032490,true
TREND0001825,Thailand,CAT007,Kitchen Appliances,2026-05-25,61.89,58.69,65.02,1517.96,0.002694,true
TREND0001826,Thailand,CAT007,Kitchen Appliances,2026-05-26,59.60,56.10,64.17,1523.50,-0.036964,true
TREND0001827,Thailand,CAT007,Kitchen Appliances,2026-05-27,57.18,53.38,63.26,1529.04,-0.040634,true
TREND0001828,Thailand,CAT007,Kitchen Appliances,2026-05-28,56.07,51.97,63.00,1534.58,-0.019384,true
TREND0001829,Thailand,CAT007,Kitchen Appliances,2026-05-29,57.87,53.47,64.20,1540.12,0.032173,true
TREND0001830,Thailand,CAT007,Kitchen Appliances,2026-05-30,55.73,51.03,63.42,1545.66,-0.036978,true
TREND0001831,Thailand,CAT007,Kitchen Appliances,2026-05-31,55.43,50.43,63.56,1551.20,-0.005448,true
TREND0001832,Thailand,CAT007,Kitchen Appliances,2026-06-01,55.02,49.72,63.65,1556.74,-0.007412,true
TREND0001833,Thailand,CAT007,Kitchen Appliances,2026-06-02,59.15,53.55,66.01,1562.28,0.075045,true
TREND0001834,Thailand,CAT007,Kitchen Appliances,2026-06-03,54.80,48.90,64.13,1567.82,-0.073519,true
TREND0001835,Thailand,CAT007,Kitchen Appliances,2026-06-04,54.65,48.45,64.36,1573.36,-0.002616,true
TREND0001836,Thailand,CAT007,Kitchen Appliances,2026-06-05,55.61,49.11,65.13,1578.90,0.017426,true
TREND0001837,Thailand,CAT007,Kitchen Appliances,2026-06-06,56.46,49.66,65.85,1584.44,0.015436,true
TREND0001838,Thailand,CAT007,Kitchen Appliances,2026-06-07,56.06,48.96,65.95,1589.98,-0.007124,true
TREND0001839,Thailand,CAT007,Kitchen Appliances,2026-06-08,56.18,48.78,66.30,1595.52,0.002009,true
TREND0001840,Thailand,CAT007,Kitchen Appliances,2026-06-09,54.09,46.39,65.55,1601.06,-0.037043,true
TREND0001841,Thailand,CAT007,Kitchen Appliances,2026-06-10,55.33,47.33,66.46,1606.60,0.022759,true
TREND0001842,Thailand,CAT007,Kitchen Appliances,2026-06-11,54.34,46.04,66.27,1612.14,-0.017805,true
TREND0001843,Thailand,CAT007,Kitchen Appliances,2026-06-12,51.10,42.50,64.94,1617.68,-0.059663,true
TREND0001844,Thailand,CAT007,Kitchen Appliances,2026-06-13,54.56,45.66,66.97,1623.22,0.067826,true
TREND0001845,Thailand,CAT007,Kitchen Appliances,2026-06-14,50.68,41.48,65.32,1628.76,-0.071256,true
TREND0001846,Thailand,CAT007,Kitchen Appliances,2026-06-15,50.42,40.92,65.48,1634.30,-0.005109,true
TREND0001847,Thailand,CAT007,Kitchen Appliances,2026-06-16,53.19,43.39,67.16,1639.84,0.054955,true
TREND0001848,Thailand,CAT007,Kitchen Appliances,2026-06-17,51.57,41.47,66.65,1645.38,-0.030378,true
TREND0001849,Thailand,CAT007,Kitchen Appliances,2026-06-18,53.59,43.19,67.96,1650.92,0.039197,true
TREND0001850,Thailand,CAT007,Kitchen Appliances,2026-06-19,52.73,42.03,67.82,1656.46,-0.016043,true
TREND0001851,Thailand,CAT007,Kitchen Appliances,2026-06-20,51.12,40.12,67.31,1662.00,-0.030601,true
TREND0001852,Thailand,CAT007,Kitchen Appliances,2026-06-21,52.46,41.16,68.28,1667.54,0.026300,true
TREND0001853,Thailand,CAT007,Kitchen Appliances,2026-06-22,52.27,40.67,68.48,1673.08,-0.003642,true
TREND0001854,Thailand,CAT007,Kitchen Appliances,2026-06-23,47.65,35.75,66.46,1678.62,-0.088457,true
TREND0001855,Thailand,CAT007,Kitchen Appliances,2026-06-24,51.17,38.97,68.52,1684.16,0.073911,true
TREND0001856,Thailand,CAT007,Kitchen Appliances,2026-06-25,50.25,37.75,68.35,1689.70,-0.018004,true
TREND0001857,Thailand,CAT007,Kitchen Appliances,2026-06-26,46.95,34.15,67.00,1695.24,-0.065613,true
TREND0001858,Thailand,CAT007,Kitchen Appliances,2026-06-27,47.64,34.54,67.63,1700.78,0.014596,true
TREND0001859,Thailand,CAT007,Kitchen Appliances,2026-06-28,49.18,35.78,68.70,1706.32,0.032414,true
TREND0001860,Thailand,CAT007,Kitchen Appliances,2026-06-29,45.88,32.18,67.35,1711.86,-0.067088,true
TREND0001861,Thailand,CAT008,Baby Products,2026-05-01,38.09,32.09,28.04,504.00,0.000000,true
TREND0001862,Thailand,CAT008,Baby Products,2026-05-02,41.31,35.18,29.31,504.40,0.084602,true
TREND0001863,Thailand,CAT008,Baby Products,2026-05-03,37.61,31.35,27.11,504.81,-0.089594,true
TREND0001864,Thailand,CAT008,Baby Products,2026-05-04,39.87,33.48,27.90,505.21,0.060161,true
TREND0001865,Thailand,CAT008,Baby Products,2026-05-05,41.86,35.34,28.55,505.61,0.049967,true
TREND0001866,Thailand,CAT008,Baby Products,2026-05-06,41.85,35.20,28.20,506.02,-0.000301,true
TREND0001867,Thailand,CAT008,Baby Products,2026-05-07,44.58,37.80,29.22,506.42,0.065222,true
TREND0001868,Thailand,CAT008,Baby Products,2026-05-08,42.73,35.82,27.95,506.82,-0.041473,true
TREND0001869,Thailand,CAT008,Baby Products,2026-05-09,46.46,39.42,29.47,507.23,0.087266,true
TREND0001870,Thailand,CAT008,Baby Products,2026-05-10,47.27,40.10,29.53,507.63,0.017536,true
TREND0001871,Thailand,CAT008,Baby Products,2026-05-11,47.71,40.41,29.40,508.03,0.009187,true
TREND0001872,Thailand,CAT008,Baby Products,2026-05-12,47.02,39.59,28.72,508.44,-0.014331,true
TREND0001873,Thailand,CAT008,Baby Products,2026-05-13,47.44,39.88,28.58,508.84,0.008823,true
TREND0001874,Thailand,CAT008,Baby Products,2026-05-14,46.92,39.23,27.98,509.24,-0.010879,true
TREND0001875,Thailand,CAT008,Baby Products,2026-05-15,50.46,42.64,29.40,509.64,0.075360,true
TREND0001876,Thailand,CAT008,Baby Products,2026-05-16,49.17,41.22,28.41,510.05,-0.025525,true
TREND0001877,Thailand,CAT008,Baby Products,2026-05-17,53.04,44.96,30.00,510.45,0.078773,true
TREND0001878,Thailand,CAT008,Baby Products,2026-05-18,52.59,44.38,29.43,510.85,-0.008649,true
TREND0001879,Thailand,CAT008,Baby Products,2026-05-19,55.30,46.96,30.44,511.26,0.051548,true
TREND0001880,Thailand,CAT008,Baby Products,2026-05-20,52.03,43.56,28.46,511.66,-0.059080,true
TREND0001881,Thailand,CAT008,Baby Products,2026-05-21,57.43,48.83,30.81,512.06,0.103722,true
TREND0001882,Thailand,CAT008,Baby Products,2026-05-22,54.34,45.61,28.92,512.47,-0.053780,true
TREND0001883,Thailand,CAT008,Baby Products,2026-05-23,56.69,47.83,29.76,512.87,0.043347,true
TREND0001884,Thailand,CAT008,Baby Products,2026-05-24,58.62,49.63,30.37,513.27,0.033931,true
TREND0001885,Thailand,CAT008,Baby Products,2026-05-25,56.80,47.68,29.12,513.68,-0.031037,true
TREND0001886,Thailand,CAT008,Baby Products,2026-05-26,56.76,47.51,28.75,514.08,-0.000726,true
TREND0001887,Thailand,CAT008,Baby Products,2026-05-27,57.83,48.45,28.95,514.48,0.018926,true
TREND0001888,Thailand,CAT008,Baby Products,2026-05-28,63.14,53.63,31.26,514.89,0.091889,true
TREND0001889,Thailand,CAT008,Baby Products,2026-05-29,63.97,54.33,31.33,515.29,0.013098,true
TREND0001890,Thailand,CAT008,Baby Products,2026-05-30,63.25,53.48,30.62,515.69,-0.011284,true
TREND0001891,Thailand,CAT008,Baby Products,2026-05-31,62.09,52.19,29.69,516.10,-0.018418,true
TREND0001892,Thailand,CAT008,Baby Products,2026-06-01,64.92,54.89,30.77,516.50,0.045737,true
TREND0001893,Thailand,CAT008,Baby Products,2026-06-02,67.60,57.44,31.76,516.90,0.041216,true
TREND0001894,Thailand,CAT008,Baby Products,2026-06-03,66.64,56.35,30.94,517.31,-0.014190,true
TREND0001895,Thailand,CAT008,Baby Products,2026-06-04,65.59,55.17,30.07,517.71,-0.015762,true
TREND0001896,Thailand,CAT008,Baby Products,2026-06-05,66.66,56.11,30.26,518.11,0.016310,true
TREND0001897,Thailand,CAT008,Baby Products,2026-06-06,68.58,57.90,30.87,518.52,0.028816,true
TREND0001898,Thailand,CAT008,Baby Products,2026-06-07,71.60,60.79,32.04,518.92,0.044078,true
TREND0001899,Thailand,CAT008,Baby Products,2026-06-08,69.60,58.66,30.69,519.32,-0.028028,true
TREND0001900,Thailand,CAT008,Baby Products,2026-06-09,70.55,59.48,30.82,519.72,0.013715,true
TREND0001901,Thailand,CAT008,Baby Products,2026-06-10,72.18,60.98,31.29,520.13,0.023114,true
TREND0001902,Thailand,CAT008,Baby Products,2026-06-11,72.05,60.72,30.88,520.53,-0.001819,true
TREND0001903,Thailand,CAT008,Baby Products,2026-06-12,72.95,61.49,30.99,520.93,0.012534,true
TREND0001904,Thailand,CAT008,Baby Products,2026-06-13,74.27,62.68,31.30,521.34,0.017987,true
TREND0001905,Thailand,CAT008,Baby Products,2026-06-14,75.12,63.40,31.38,521.74,0.011537,true
TREND0001906,Thailand,CAT008,Baby Products,2026-06-15,74.64,62.79,30.80,522.14,-0.006383,true
TREND0001907,Thailand,CAT008,Baby Products,2026-06-16,75.61,63.63,30.94,522.55,0.012955,true
TREND0001908,Thailand,CAT008,Baby Products,2026-06-17,79.20,67.09,32.39,522.95,0.047510,true
TREND0001909,Thailand,CAT008,Baby Products,2026-06-18,77.56,65.32,31.22,523.35,-0.020748,true
TREND0001910,Thailand,CAT008,Baby Products,2026-06-19,80.79,68.42,32.49,523.76,0.041657,true
TREND0001911,Thailand,CAT008,Baby Products,2026-06-20,78.95,66.45,31.22,524.16,-0.022821,true
TREND0001912,Thailand,CAT008,Baby Products,2026-06-21,82.99,70.36,32.90,524.56,0.051151,true
TREND0001913,Thailand,CAT008,Baby Products,2026-06-22,82.46,69.70,32.29,524.97,-0.006317,true
TREND0001914,Thailand,CAT008,Baby Products,2026-06-23,84.03,71.14,32.73,525.37,0.018980,true
TREND0001915,Thailand,CAT008,Baby Products,2026-06-24,85.95,72.93,33.34,525.77,0.022863,true
TREND0001916,Thailand,CAT008,Baby Products,2026-06-25,83.23,70.08,31.64,526.18,-0.031625,true
TREND0001917,Thailand,CAT008,Baby Products,2026-06-26,86.32,73.04,32.84,526.58,0.037094,true
TREND0001918,Thailand,CAT008,Baby Products,2026-06-27,88.65,75.24,33.66,526.98,0.027013,true
TREND0001919,Thailand,CAT008,Baby Products,2026-06-28,86.18,72.64,32.08,527.39,-0.027811,true
TREND0001920,Thailand,CAT008,Baby Products,2026-06-29,87.41,73.74,32.35,527.79,0.014239,true
TREND0001921,Vietnam,CAT001,Consumer Electronics,2026-05-01,66.59,70.59,60.30,893000.00,0.000000,true
TREND0001922,Vietnam,CAT001,Consumer Electronics,2026-05-02,68.70,72.40,61.64,896572.00,0.031615,true
TREND0001923,Vietnam,CAT001,Consumer Electronics,2026-05-03,64.85,68.25,60.01,900144.00,-0.056071,true
TREND0001924,Vietnam,CAT001,Consumer Electronics,2026-05-04,65.77,68.87,60.77,903716.00,0.014258,true
TREND0001925,Vietnam,CAT001,Consumer Electronics,2026-05-05,67.78,70.58,62.07,907288.00,0.030560,true
TREND0001926,Vietnam,CAT001,Consumer Electronics,2026-05-06,67.45,69.95,62.20,910860.00,-0.004839,true
TREND0001927,Vietnam,CAT001,Consumer Electronics,2026-05-07,65.84,68.04,61.69,914432.00,-0.023891,true
TREND0001928,Vietnam,CAT001,Consumer Electronics,2026-05-08,64.60,66.50,61.37,918004.00,-0.018854,true
TREND0001929,Vietnam,CAT001,Consumer Electronics,2026-05-09,66.72,68.32,62.72,921576.00,0.032882,true
TREND0001930,Vietnam,CAT001,Consumer Electronics,2026-05-10,66.03,67.33,62.67,925148.00,-0.010356,true
TREND0001931,Vietnam,CAT001,Consumer Electronics,2026-05-11,62.96,63.96,61.43,928720.00,-0.046519,true
TREND0001932,Vietnam,CAT001,Consumer Electronics,2026-05-12,63.07,63.77,61.78,932292.00,0.001765,true
TREND0001933,Vietnam,CAT001,Consumer Electronics,2026-05-13,64.08,64.48,62.58,935864.00,0.015899,true
TREND0001934,Vietnam,CAT001,Consumer Electronics,2026-05-14,65.11,65.21,63.39,939436.00,0.016098,true
TREND0001935,Vietnam,CAT001,Consumer Electronics,2026-05-15,62.00,61.80,62.13,943008.00,-0.047753,true
TREND0001936,Vietnam,CAT001,Consumer Electronics,2026-05-16,62.78,62.28,62.82,946580.00,0.012635,true
TREND0001937,Vietnam,CAT001,Consumer Electronics,2026-05-17,63.78,62.98,63.61,950152.00,0.015871,true
TREND0001938,Vietnam,CAT001,Consumer Electronics,2026-05-18,63.43,62.33,63.73,953724.00,-0.005464,true
TREND0001939,Vietnam,CAT001,Consumer Electronics,2026-05-19,62.27,60.87,63.44,957296.00,-0.018325,true
TREND0001940,Vietnam,CAT001,Consumer Electronics,2026-05-20,62.61,60.91,63.91,960868.00,0.005562,true
TREND0001941,Vietnam,CAT001,Consumer Electronics,2026-05-21,62.67,60.67,64.24,964440.00,0.000934,true
TREND0001942,Vietnam,CAT001,Consumer Electronics,2026-05-22,62.06,59.76,64.23,968012.00,-0.009710,true
TREND0001943,Vietnam,CAT001,Consumer Electronics,2026-05-23,62.44,59.84,64.71,971584.00,0.005990,true
TREND0001944,Vietnam,CAT001,Consumer Electronics,2026-05-24,58.94,56.04,63.25,975156.00,-0.056008,true
TREND0001945,Vietnam,CAT001,Consumer Electronics,2026-05-25,61.88,58.68,65.02,978728.00,0.049903,true
TREND0001946,Vietnam,CAT001,Consumer Electronics,2026-05-26,60.92,57.42,64.83,982300.00,-0.015529,true
TREND0001947,Vietnam,CAT001,Consumer Electronics,2026-05-27,59.54,55.74,64.44,985872.00,-0.022702,true
TREND0001948,Vietnam,CAT001,Consumer Electronics,2026-05-28,56.99,52.89,63.46,989444.00,-0.042759,true
TREND0001949,Vietnam,CAT001,Consumer Electronics,2026-05-29,59.46,55.06,64.99,993016.00,0.043339,true
TREND0001950,Vietnam,CAT001,Consumer Electronics,2026-05-30,57.84,53.14,64.47,996588.00,-0.027279,true
TREND0001951,Vietnam,CAT001,Consumer Electronics,2026-05-31,56.00,51.00,63.85,1000160.00,-0.031715,true
TREND0001952,Vietnam,CAT001,Consumer Electronics,2026-06-01,54.89,49.59,63.59,1003732.00,-0.019875,true
TREND0001953,Vietnam,CAT001,Consumer Electronics,2026-06-02,57.30,51.70,65.09,1007304.00,0.043855,true
TREND0001954,Vietnam,CAT001,Consumer Electronics,2026-06-03,57.47,51.57,65.47,1010876.00,0.002936,true
TREND0001955,Vietnam,CAT001,Consumer Electronics,2026-06-04,57.54,51.34,65.80,1014448.00,0.001261,true
TREND0001956,Vietnam,CAT001,Consumer Electronics,2026-06-05,57.42,50.92,66.04,1018020.00,-0.001986,true
TREND0001957,Vietnam,CAT001,Consumer Electronics,2026-06-06,52.97,46.17,64.10,1021592.00,-0.077604,true
TREND0001958,Vietnam,CAT001,Consumer Electronics,2026-06-07,53.10,46.00,64.47,1025164.00,0.002528,true
TREND0001959,Vietnam,CAT001,Consumer Electronics,2026-06-08,54.01,46.61,65.21,1028736.00,0.017106,true
TREND0001960,Vietnam,CAT001,Consumer Electronics,2026-06-09,54.51,46.81,65.76,1032308.00,0.009342,true
TREND0001961,Vietnam,CAT001,Consumer Electronics,2026-06-10,53.07,45.07,65.33,1035880.00,-0.026537,true
TREND0001962,Vietnam,CAT001,Consumer Electronics,2026-06-11,55.69,47.39,66.94,1039452.00,0.049320,true
TREND0001963,Vietnam,CAT001,Consumer Electronics,2026-06-12,50.94,42.34,64.86,1043024.00,-0.085241,true
TREND0001964,Vietnam,CAT001,Consumer Electronics,2026-06-13,51.64,42.74,65.51,1046596.00,0.013835,true
TREND0001965,Vietnam,CAT001,Consumer Electronics,2026-06-14,51.98,42.78,65.97,1050168.00,0.006578,true
TREND0001966,Vietnam,CAT001,Consumer Electronics,2026-06-15,54.05,44.55,67.30,1053740.00,0.039789,true
TREND0001967,Vietnam,CAT001,Consumer Electronics,2026-06-16,50.55,40.75,65.85,1057312.00,-0.064698,true
TREND0001968,Vietnam,CAT001,Consumer Electronics,2026-06-17,49.31,39.21,65.52,1060884.00,-0.024665,true
TREND0001969,Vietnam,CAT001,Consumer Electronics,2026-06-18,51.02,40.62,66.67,1064456.00,0.034789,true
TREND0001970,Vietnam,CAT001,Consumer Electronics,2026-06-19,49.21,38.51,66.06,1068028.00,-0.035570,true
TREND0001971,Vietnam,CAT001,Consumer Electronics,2026-06-20,51.73,40.73,67.62,1071600.00,0.051334,true
TREND0001972,Vietnam,CAT001,Consumer Electronics,2026-06-21,48.34,37.04,66.21,1075172.00,-0.065699,true
TREND0001973,Vietnam,CAT001,Consumer Electronics,2026-06-22,48.52,36.92,66.60,1078744.00,0.003878,true
TREND0001974,Vietnam,CAT001,Consumer Electronics,2026-06-23,49.92,38.02,67.59,1082316.00,0.028794,true
TREND0001975,Vietnam,CAT001,Consumer Electronics,2026-06-24,49.08,36.88,67.47,1085888.00,-0.016898,true
TREND0001976,Vietnam,CAT001,Consumer Electronics,2026-06-25,49.10,36.60,67.78,1089460.00,0.000521,true
TREND0001977,Vietnam,CAT001,Consumer Electronics,2026-06-26,46.25,33.45,66.65,1093032.00,-0.057976,true
TREND0001978,Vietnam,CAT001,Consumer Electronics,2026-06-27,49.08,35.98,68.36,1096604.00,0.061145,true
TREND0001979,Vietnam,CAT001,Consumer Electronics,2026-06-28,49.60,36.20,68.91,1100176.00,0.010527,true
TREND0001980,Vietnam,CAT001,Consumer Electronics,2026-06-29,48.92,35.22,68.87,1103748.00,-0.013693,true
TREND0001981,Vietnam,CAT002,Home & Living,2026-05-01,37.62,31.62,27.81,789000.00,0.000000,true
TREND0001982,Vietnam,CAT002,Home & Living,2026-05-02,37.31,31.18,27.31,789631.20,-0.008071,true
TREND0001983,Vietnam,CAT002,Home & Living,2026-05-03,40.59,34.33,28.60,790262.40,0.087757,true
TREND0001984,Vietnam,CAT002,Home & Living,2026-05-04,39.15,32.76,27.54,790893.60,-0.035365,true
TREND0001985,Vietnam,CAT002,Home & Living,2026-05-05,41.60,35.08,28.42,791524.80,0.062451,true
TREND0001986,Vietnam,CAT002,Home & Living,2026-05-06,40.85,34.20,27.70,792156.00,-0.017859,true
TREND0001987,Vietnam,CAT002,Home & Living,2026-05-07,43.57,36.79,28.71,792787.20,0.066382,true
TREND0001988,Vietnam,CAT002,Home & Living,2026-05-08,42.53,35.62,27.85,793418.40,-0.023762,true
TREND0001989,Vietnam,CAT002,Home & Living,2026-05-09,46.55,39.51,29.52,794049.60,0.094582,true
TREND0001990,Vietnam,CAT002,Home & Living,2026-05-10,43.64,36.47,27.72,794680.80,-0.062486,true
TREND0001991,Vietnam,CAT002,Home & Living,2026-05-11,45.90,38.60,28.50,795312.00,0.051660,true
TREND0001992,Vietnam,CAT002,Home & Living,2026-05-12,47.03,39.60,28.72,795943.20,0.024708,true
TREND0001993,Vietnam,CAT002,Home & Living,2026-05-13,47.85,40.29,28.79,796574.40,0.017403,true
TREND0001994,Vietnam,CAT002,Home & Living,2026-05-14,49.56,41.87,29.30,797205.60,0.035815,true
TREND0001995,Vietnam,CAT002,Home & Living,2026-05-15,50.80,42.98,29.57,797836.80,0.024864,true
TREND0001996,Vietnam,CAT002,Home & Living,2026-05-16,51.21,43.26,29.43,798468.00,0.008136,true
TREND0001997,Vietnam,CAT002,Home & Living,2026-05-17,51.53,43.45,29.25,799099.20,0.006280,true
TREND0001998,Vietnam,CAT002,Home & Living,2026-05-18,50.05,41.84,28.16,799730.40,-0.028734,true
TREND0001999,Vietnam,CAT002,Home & Living,2026-05-19,52.06,43.72,28.82,800361.60,0.040133,true
TREND0002000,Vietnam,CAT002,Home & Living,2026-05-20,55.02,46.55,29.95,800992.80,0.056832,true
TREND0002001,Vietnam,CAT002,Home & Living,2026-05-21,54.26,45.66,29.23,801624.00,-0.013704,true
TREND0002002,Vietnam,CAT002,Home & Living,2026-05-22,55.29,46.56,29.40,802255.20,0.018913,true
TREND0002003,Vietnam,CAT002,Home & Living,2026-05-23,58.55,49.69,30.68,802886.40,0.058900,true
TREND0002004,Vietnam,CAT002,Home & Living,2026-05-24,55.15,46.16,28.64,803517.60,-0.058086,true
TREND0002005,Vietnam,CAT002,Home & Living,2026-05-25,57.62,48.50,29.53,804148.80,0.044932,true
TREND0002006,Vietnam,CAT002,Home & Living,2026-05-26,60.27,51.02,30.51,804780.00,0.045990,true
TREND0002007,Vietnam,CAT002,Home & Living,2026-05-27,60.47,51.09,30.26,805411.20,0.003200,true
TREND0002008,Vietnam,CAT002,Home & Living,2026-05-28,62.49,52.98,30.93,806042.40,0.033442,true
TREND0002009,Vietnam,CAT002,Home & Living,2026-05-29,61.53,51.89,30.11,806673.60,-0.015325,true
TREND0002010,Vietnam,CAT002,Home & Living,2026-05-30,65.03,55.26,31.51,807304.80,0.056786,true
TREND0002011,Vietnam,CAT002,Home & Living,2026-05-31,63.48,53.58,30.39,807936.00,-0.023748,true
TREND0002012,Vietnam,CAT002,Home & Living,2026-06-01,63.23,53.20,29.92,808567.20,-0.004005,true
TREND0002013,Vietnam,CAT002,Home & Living,2026-06-02,66.06,55.90,30.99,809198.40,0.044716,true
TREND0002014,Vietnam,CAT002,Home & Living,2026-06-03,65.83,55.54,30.53,809829.60,-0.003375,true
TREND0002015,Vietnam,CAT002,Home & Living,2026-06-04,68.83,58.41,31.69,810460.80,0.045545,true
TREND0002016,Vietnam,CAT002,Home & Living,2026-06-05,69.48,58.93,31.67,811092.00,0.009500,true
TREND0002017,Vietnam,CAT002,Home & Living,2026-06-06,66.41,55.73,29.78,811723.20,-0.044302,true
TREND0002018,Vietnam,CAT002,Home & Living,2026-06-07,70.63,59.82,31.55,812354.40,0.063614,true
TREND0002019,Vietnam,CAT002,Home & Living,2026-06-08,70.00,59.06,30.89,812985.60,-0.008898,true
TREND0002020,Vietnam,CAT002,Home & Living,2026-06-09,70.32,59.25,30.70,813616.80,0.004491,true
TREND0002021,Vietnam,CAT002,Home & Living,2026-06-10,70.96,59.76,30.68,814248.00,0.009192,true
TREND0002022,Vietnam,CAT002,Home & Living,2026-06-11,70.87,59.54,30.29,814879.20,-0.001283,true
TREND0002023,Vietnam,CAT002,Home & Living,2026-06-12,73.14,61.68,31.08,815510.40,0.032066,true
TREND0002024,Vietnam,CAT002,Home & Living,2026-06-13,75.20,63.61,31.76,816141.60,0.028041,true
TREND0002025,Vietnam,CAT002,Home & Living,2026-06-14,75.59,63.87,31.62,816772.80,0.005302,true
TREND0002026,Vietnam,CAT002,Home & Living,2026-06-15,75.20,63.35,31.07,817404.00,-0.005262,true
TREND0002027,Vietnam,CAT002,Home & Living,2026-06-16,77.58,65.60,31.92,818035.20,0.031749,true
TREND0002028,Vietnam,CAT002,Home & Living,2026-06-17,76.92,64.81,31.24,818666.40,-0.008613,true
TREND0002029,Vietnam,CAT002,Home & Living,2026-06-18,77.79,65.55,31.33,819297.60,0.011343,true
TREND0002030,Vietnam,CAT002,Home & Living,2026-06-19,77.42,65.05,30.80,819928.80,-0.004770,true
TREND0002031,Vietnam,CAT002,Home & Living,2026-06-20,81.51,69.01,32.50,820560.00,0.052825,true
TREND0002032,Vietnam,CAT002,Home & Living,2026-06-21,81.53,68.90,32.17,821191.20,0.000294,true
TREND0002033,Vietnam,CAT002,Home & Living,2026-06-22,84.09,71.33,33.11,821822.40,0.031416,true
TREND0002034,Vietnam,CAT002,Home & Living,2026-06-23,85.43,72.54,33.43,822453.60,0.015894,true
TREND0002035,Vietnam,CAT002,Home & Living,2026-06-24,86.36,73.34,33.55,823084.80,0.010933,true
TREND0002036,Vietnam,CAT002,Home & Living,2026-06-25,82.91,69.76,31.48,823716.00,-0.039923,true
TREND0002037,Vietnam,CAT002,Home & Living,2026-06-26,85.74,72.46,32.55,824347.20,0.034037,true
TREND0002038,Vietnam,CAT002,Home & Living,2026-06-27,88.26,74.85,33.47,824978.40,0.029445,true
TREND0002039,Vietnam,CAT002,Home & Living,2026-06-28,89.06,75.52,33.52,825609.60,0.008997,true
TREND0002040,Vietnam,CAT002,Home & Living,2026-06-29,86.72,73.05,32.00,826240.80,-0.026274,true
TREND0002041,Vietnam,CAT003,Beauty & Personal Care,2026-05-01,76.75,80.75,84.00,936000.00,0.000000,true
TREND0002042,Vietnam,CAT003,Beauty & Personal Care,2026-05-02,78.62,82.26,84.43,937868.88,0.024325,true
TREND0002043,Vietnam,CAT003,Beauty & Personal Care,2026-05-03,80.10,83.40,84.85,939719.09,0.018752,true
TREND0002044,Vietnam,CAT003,Beauty & Personal Care,2026-05-04,82.49,85.50,85.25,941532.14,0.029943,true
TREND0002045,Vietnam,CAT003,Beauty & Personal Care,2026-05-05,83.37,86.16,85.62,943289.91,0.010614,true
TREND0002046,Vietnam,CAT003,Beauty & Personal Care,2026-05-06,80.57,83.22,85.97,944974.85,-0.033595,true
TREND0002047,Vietnam,CAT003,Beauty & Personal Care,2026-05-07,82.83,85.44,86.27,946570.11,0.028044,true
TREND0002048,Vietnam,CAT003,Beauty & Personal Care,2026-05-08,85.69,88.38,86.52,948059.76,0.034574,true
TREND0002049,Vietnam,CAT003,Beauty & Personal Care,2026-05-09,82.46,85.32,86.73,949428.91,-0.037768,true
TREND0002050,Vietnam,CAT003,Beauty & Personal Care,2026-05-10,85.00,88.14,86.88,950663.88,0.030821,true
TREND0002051,Vietnam,CAT003,Beauty & Personal Care,2026-05-11,83.55,87.07,86.97,951752.34,-0.016994,true
TREND0002052,Vietnam,CAT003,Beauty & Personal Care,2026-05-12,81.91,85.89,87.00,952683.40,-0.019665,true
TREND0002053,Vietnam,CAT003,Beauty & Personal Care,2026-05-13,83.57,88.06,86.97,953447.77,0.020283,true
TREND0002054,Vietnam,CAT003,Beauty & Personal Care,2026-05-14,82.99,88.03,86.88,954037.81,-0.006964,true
TREND0002055,Vietnam,CAT003,Beauty & Personal Care,2026-05-15,82.16,87.77,86.73,954447.62,-0.009983,true
TREND0002056,Vietnam,CAT003,Beauty & Personal Care,2026-05-16,76.73,82.87,86.52,954673.11,-0.066136,true
TREND0002057,Vietnam,CAT003,Beauty & Personal Care,2026-05-17,75.54,82.17,86.27,954712.02,-0.015491,true
TREND0002058,Vietnam,CAT003,Beauty & Personal Care,2026-05-18,74.78,81.83,85.96,954563.97,-0.009978,true
TREND0002059,Vietnam,CAT003,Beauty & Personal Care,2026-05-19,77.47,84.83,85.62,954230.43,0.035895,true
TREND0002060,Vietnam,CAT003,Beauty & Personal Care,2026-05-20,75.80,83.34,85.24,953714.74,-0.021603,true
TREND0002061,Vietnam,CAT003,Beauty & Personal Care,2026-05-21,73.70,81.28,84.84,953022.05,-0.027700,true
TREND0002062,Vietnam,CAT003,Beauty & Personal Care,2026-05-22,73.29,80.76,84.42,952159.28,-0.005565,true
TREND0002063,Vietnam,CAT003,Beauty & Personal Care,2026-05-23,70.40,77.60,84.00,951135.05,-0.039411,true
TREND0002064,Vietnam,CAT003,Beauty & Personal Care,2026-05-24,73.42,80.19,83.57,949959.60,0.042910,true
TREND0002065,Vietnam,CAT003,Beauty & Personal Care,2026-05-25,70.35,76.54,83.15,948644.67,-0.041821,true
TREND0002066,Vietnam,CAT003,Beauty & Personal Care,2026-05-26,71.64,77.12,82.75,947203.40,0.018309,true
TREND0002067,Vietnam,CAT003,Beauty & Personal Care,2026-05-27,73.65,78.31,82.37,945650.19,0.028144,true
TREND0002068,Vietnam,CAT003,Beauty & Personal Care,2026-05-28,73.89,77.64,82.03,944000.55,0.003222,true
TREND0002069,Vietnam,CAT003,Beauty & Personal Care,2026-05-29,72.71,75.51,81.73,942270.98,-0.015925,true
TREND0002070,Vietnam,CAT003,Beauty & Personal Care,2026-05-30,75.47,77.29,81.47,940478.75,0.037890,true
TREND0002071,Vietnam,CAT003,Beauty & Personal Care,2026-05-31,73.99,74.88,81.27,938641.77,-0.019520,true
TREND0002072,Vietnam,CAT003,Beauty & Personal Care,2026-06-01,75.05,75.05,81.12,936778.39,0.014206,true
TREND0002073,Vietnam,CAT003,Beauty & Personal Care,2026-06-02,78.82,78.05,81.03,934907.24,0.050234,true
TREND0002074,Vietnam,CAT003,Beauty & Personal Care,2026-06-03,80.20,78.80,81.00,933047.00,0.017507,true
TREND0002075,Vietnam,CAT003,Beauty & Personal Care,2026-06-04,80.94,79.09,81.03,931216.27,0.009314,true
TREND0002076,Vietnam,CAT003,Beauty & Personal Care,2026-06-05,83.58,81.47,81.12,929433.34,0.032640,true
TREND0002077,Vietnam,CAT003,Beauty & Personal Care,2026-06-06,82.01,79.85,81.27,927716.02,-0.018885,true
TREND0002078,Vietnam,CAT003,Beauty & Personal Care,2026-06-07,83.57,81.59,81.48,926081.47,0.019055,true
TREND0002079,Vietnam,CAT003,Beauty & Personal Care,2026-06-08,81.74,80.18,81.74,924546.02,-0.021904,true
TREND0002080,Vietnam,CAT003,Beauty & Personal Care,2026-06-09,86.44,85.52,82.04,923125.02,0.057509,true
TREND0002081,Vietnam,CAT003,Beauty & Personal Care,2026-06-10,85.42,85.35,82.38,921832.66,-0.011817,true
TREND0002082,Vietnam,CAT003,Beauty & Personal Care,2026-06-11,86.12,87.09,82.76,920681.85,0.008239,true
TREND0002083,Vietnam,CAT003,Beauty & Personal Care,2026-06-12,81.30,83.46,83.16,919684.10,-0.055988,true
TREND0002084,Vietnam,CAT003,Beauty & Personal Care,2026-06-13,83.52,86.98,83.58,918849.37,0.027313,true
TREND0002085,Vietnam,CAT003,Beauty & Personal Care,2026-06-14,82.41,87.24,84.01,918186.01,-0.013310,true
TREND0002086,Vietnam,CAT003,Beauty & Personal Care,2026-06-15,79.25,85.47,84.43,917700.64,-0.038309,true
TREND0002087,Vietnam,CAT003,Beauty & Personal Care,2026-06-16,80.10,87.68,84.85,917398.10,0.010763,true
TREND0002088,Vietnam,CAT003,Beauty & Personal Care,2026-06-17,80.48,89.33,85.25,917281.44,0.004734,true
TREND0002089,Vietnam,CAT003,Beauty & Personal Care,2026-06-18,78.35,88.35,85.63,917351.80,-0.026474,true
TREND0002090,Vietnam,CAT003,Beauty & Personal Care,2026-06-19,75.75,86.71,85.97,917608.49,-0.033209,true
TREND0002091,Vietnam,CAT003,Beauty & Personal Care,2026-06-20,75.03,86.73,86.27,918048.94,-0.009527,true
TREND0002092,Vietnam,CAT003,Beauty & Personal Care,2026-06-21,71.73,83.92,86.53,918668.75,-0.043927,true
TREND0002093,Vietnam,CAT003,Beauty & Personal Care,2026-06-22,74.52,86.93,86.73,919461.73,0.038887,true
TREND0002094,Vietnam,CAT003,Beauty & Personal Care,2026-06-23,70.42,82.75,86.88,920419.95,-0.055029,true
TREND0002095,Vietnam,CAT003,Beauty & Personal Care,2026-06-24,72.12,84.07,86.97,921533.85,0.024130,true
TREND0002096,Vietnam,CAT003,Beauty & Personal Care,2026-06-25,72.74,84.02,87.00,922792.29,0.008602,true
TREND0002097,Vietnam,CAT003,Beauty & Personal Care,2026-06-26,70.32,80.65,86.97,924182.69,-0.033264,true
TREND0002098,Vietnam,CAT003,Beauty & Personal Care,2026-06-27,73.18,82.32,86.88,925691.17,0.040676,true
TREND0002099,Vietnam,CAT003,Beauty & Personal Care,2026-06-28,72.47,80.21,86.72,927302.65,-0.009710,true
TREND0002100,Vietnam,CAT003,Beauty & Personal Care,2026-06-29,71.60,77.78,86.52,929001.03,-0.012008,true
TREND0002101,Vietnam,CAT004,Fashion Accessories,2026-05-01,86.52,80.52,55.26,1085000.00,0.000000,true
TREND0002102,Vietnam,CAT004,Fashion Accessories,2026-05-02,86.06,80.13,55.29,1083915.00,-0.005244,true
TREND0002103,Vietnam,CAT004,Fashion Accessories,2026-05-03,82.57,76.71,53.80,1082830.00,-0.040589,true
TREND0002104,Vietnam,CAT004,Fashion Accessories,2026-05-04,81.61,75.82,53.57,1081745.00,-0.011631,true
TREND0002105,Vietnam,CAT004,Fashion Accessories,2026-05-05,82.19,76.47,54.12,1080660.00,0.007126,true
TREND0002106,Vietnam,CAT004,Fashion Accessories,2026-05-06,79.95,74.30,53.25,1079575.00,-0.027278,true
TREND0002107,Vietnam,CAT004,Fashion Accessories,2026-05-07,79.67,74.09,53.36,1078490.00,-0.003555,true
TREND0002108,Vietnam,CAT004,Fashion Accessories,2026-05-08,80.07,74.56,53.82,1077405.00,0.005068,true
TREND0002109,Vietnam,CAT004,Fashion Accessories,2026-05-09,78.15,72.71,53.11,1076320.00,-0.023971,true
TREND0002110,Vietnam,CAT004,Fashion Accessories,2026-05-10,77.61,72.24,53.10,1075235.00,-0.006849,true
TREND0002111,Vietnam,CAT004,Fashion Accessories,2026-05-11,76.66,71.36,52.88,1074150.00,-0.012350,true
TREND0002112,Vietnam,CAT004,Fashion Accessories,2026-05-12,76.58,71.35,53.10,1073065.00,-0.000978,true
TREND0002113,Vietnam,CAT004,Fashion Accessories,2026-05-13,78.18,73.02,54.15,1071980.00,0.020824,true
TREND0002114,Vietnam,CAT004,Fashion Accessories,2026-05-14,78.73,73.64,54.68,1070895.00,0.007091,true
TREND0002115,Vietnam,CAT004,Fashion Accessories,2026-05-15,73.98,68.96,52.56,1069810.00,-0.060393,true
TREND0002116,Vietnam,CAT004,Fashion Accessories,2026-05-16,72.73,67.78,52.19,1068725.00,-0.016892,true
TREND0002117,Vietnam,CAT004,Fashion Accessories,2026-05-17,75.95,71.07,54.06,1067640.00,0.044339,true
TREND0002118,Vietnam,CAT004,Fashion Accessories,2026-05-18,71.28,66.47,51.97,1066555.00,-0.061503,true
TREND0002119,Vietnam,CAT004,Fashion Accessories,2026-05-19,71.69,66.95,52.43,1065470.00,0.005764,true
TREND0002120,Vietnam,CAT004,Fashion Accessories,2026-05-20,70.92,66.25,52.31,1064385.00,-0.010698,true
TREND0002121,Vietnam,CAT004,Fashion Accessories,2026-05-21,69.07,64.47,51.63,1063300.00,-0.026127,true
TREND0002122,Vietnam,CAT004,Fashion Accessories,2026-05-22,70.59,66.06,52.65,1062215.00,0.021941,true
TREND0002123,Vietnam,CAT004,Fashion Accessories,2026-05-23,67.69,63.23,51.45,1061130.00,-0.041089,true
TREND0002124,Vietnam,CAT004,Fashion Accessories,2026-05-24,70.82,66.43,53.28,1060045.00,0.046353,true
TREND0002125,Vietnam,CAT004,Fashion Accessories,2026-05-25,68.96,64.64,52.60,1058960.00,-0.026294,true
TREND0002126,Vietnam,CAT004,Fashion Accessories,2026-05-26,67.37,63.12,52.06,1057875.00,-0.023110,true
TREND0002127,Vietnam,CAT004,Fashion Accessories,2026-05-27,65.07,60.89,51.16,1056790.00,-0.034152,true
TREND0002128,Vietnam,CAT004,Fashion Accessories,2026-05-28,68.08,63.97,52.92,1055705.00,0.046266,true
TREND0002129,Vietnam,CAT004,Fashion Accessories,2026-05-29,67.35,63.31,52.81,1054620.00,-0.010707,true
TREND0002130,Vietnam,CAT004,Fashion Accessories,2026-05-30,65.39,61.42,52.09,1053535.00,-0.029084,true
TREND0002131,Vietnam,CAT004,Fashion Accessories,2026-05-31,62.21,58.31,50.75,1052450.00,-0.048649,true
TREND0002132,Vietnam,CAT004,Fashion Accessories,2026-06-01,60.82,56.99,50.31,1051365.00,-0.022319,true
TREND0002133,Vietnam,CAT004,Fashion Accessories,2026-06-02,63.21,59.45,51.76,1050280.00,0.039254,true
TREND0002134,Vietnam,CAT004,Fashion Accessories,2026-06-03,60.70,57.01,50.76,1049195.00,-0.039724,true
TREND0002135,Vietnam,CAT004,Fashion Accessories,2026-06-04,59.82,56.20,50.58,1048110.00,-0.014455,true
TREND0002136,Vietnam,CAT004,Fashion Accessories,2026-06-05,61.79,58.24,51.82,1047025.00,0.033038,true
TREND0002137,Vietnam,CAT004,Fashion Accessories,2026-06-06,60.03,56.55,51.19,1045940.00,-0.028589,true
TREND0002138,Vietnam,CAT004,Fashion Accessories,2026-06-07,58.01,54.60,50.44,1044855.00,-0.033636,true
TREND0002139,Vietnam,CAT004,Fashion Accessories,2026-06-08,56.46,53.12,49.92,1043770.00,-0.026733,true
TREND0002140,Vietnam,CAT004,Fashion Accessories,2026-06-09,55.82,52.55,49.86,1042685.00,-0.011277,true
TREND0002141,Vietnam,CAT004,Fashion Accessories,2026-06-10,55.01,51.81,49.70,1041600.00,-0.014568,true
TREND0002142,Vietnam,CAT004,Fashion Accessories,2026-06-11,53.05,49.92,48.98,1040515.00,-0.035598,true
TREND0002143,Vietnam,CAT004,Fashion Accessories,2026-06-12,52.61,49.55,49.01,1039430.00,-0.008359,true
TREND0002144,Vietnam,CAT004,Fashion Accessories,2026-06-13,54.55,51.56,50.24,1038345.00,0.036864,true
TREND0002145,Vietnam,CAT004,Fashion Accessories,2026-06-14,53.95,51.03,50.20,1037260.00,-0.010871,true
TREND0002146,Vietnam,CAT004,Fashion Accessories,2026-06-15,54.01,51.16,50.48,1036175.00,0.001100,true
TREND0002147,Vietnam,CAT004,Fashion Accessories,2026-06-16,49.06,46.28,48.26,1035090.00,-0.091608,true
TREND0002148,Vietnam,CAT004,Fashion Accessories,2026-06-17,50.52,47.81,49.24,1034005.00,0.029599,true
TREND0002149,Vietnam,CAT004,Fashion Accessories,2026-06-18,51.79,49.15,50.13,1032920.00,0.025180,true
TREND0002150,Vietnam,CAT004,Fashion Accessories,2026-06-19,47.55,44.98,48.27,1031835.00,-0.081920,true
TREND0002151,Vietnam,CAT004,Fashion Accessories,2026-06-20,46.33,43.83,47.91,1030750.00,-0.025576,true
TREND0002152,Vietnam,CAT004,Fashion Accessories,2026-06-21,47.00,44.57,48.50,1029665.00,0.014458,true
TREND0002153,Vietnam,CAT004,Fashion Accessories,2026-06-22,46.31,43.95,48.42,1028580.00,-0.014605,true
TREND0002154,Vietnam,CAT004,Fashion Accessories,2026-06-23,45.81,43.52,48.42,1027495.00,-0.010852,true
TREND0002155,Vietnam,CAT004,Fashion Accessories,2026-06-24,43.34,41.12,47.44,1026410.00,-0.053843,true
TREND0002156,Vietnam,CAT004,Fashion Accessories,2026-06-25,43.05,40.90,47.55,1025325.00,-0.006808,true
TREND0002157,Vietnam,CAT004,Fashion Accessories,2026-06-26,42.98,40.90,47.77,1024240.00,-0.001576,true
TREND0002158,Vietnam,CAT004,Fashion Accessories,2026-06-27,42.07,40.06,47.57,1023155.00,-0.021256,true
TREND0002159,Vietnam,CAT004,Fashion Accessories,2026-06-28,41.20,39.26,47.39,1022070.00,-0.020610,true
TREND0002160,Vietnam,CAT004,Fashion Accessories,2026-06-29,42.44,40.57,48.27,1020985.00,0.030101,true
TREND0002161,Vietnam,CAT005,Sports & Outdoors,2026-05-01,59.23,48.49,48.00,479000.00,0.000000,true
TREND0002162,Vietnam,CAT005,Sports & Outdoors,2026-05-02,61.35,49.97,48.89,481090.17,0.035788,true
TREND0002163,Vietnam,CAT005,Sports & Outdoors,2026-05-03,66.16,54.56,49.76,483147.73,0.078407,true
TREND0002164,Vietnam,CAT005,Sports & Outdoors,2026-05-04,69.52,58.12,50.62,485140.56,0.050818,true
TREND0002165,Vietnam,CAT005,Sports & Outdoors,2026-05-05,73.48,62.69,51.44,487037.57,0.056924,true
TREND0002166,Vietnam,CAT005,Sports & Outdoors,2026-05-06,76.79,67.00,52.22,488809.16,0.045169,true
TREND0002167,Vietnam,CAT005,Sports & Outdoors,2026-05-07,75.75,67.29,52.95,490427.67,-0.013549,true
TREND0002168,Vietnam,CAT005,Sports & Outdoors,2026-05-08,80.43,73.56,53.61,491867.87,0.061730,true
TREND0002169,Vietnam,CAT005,Sports & Outdoors,2026-05-09,78.75,73.67,54.21,493107.26,-0.020888,true
TREND0002170,Vietnam,CAT005,Sports & Outdoors,2026-05-10,78.13,74.94,54.73,494126.52,-0.007851,true
TREND0002171,Vietnam,CAT005,Sports & Outdoors,2026-05-11,75.23,73.94,55.17,494909.73,-0.037140,true
TREND0002172,Vietnam,CAT005,Sports & Outdoors,2026-05-12,71.08,71.61,55.52,495444.67,-0.055118,true
TREND0002173,Vietnam,CAT005,Sports & Outdoors,2026-05-13,68.76,70.92,55.78,495723.00,-0.032744,true
TREND0002174,Vietnam,CAT005,Sports & Outdoors,2026-05-14,64.41,67.97,55.94,495740.38,-0.063214,true
TREND0002175,Vietnam,CAT005,Sports & Outdoors,2026-05-15,56.89,61.51,56.00,495496.52,-0.116817,true
TREND0002176,Vietnam,CAT005,Sports & Outdoors,2026-05-16,53.42,58.73,55.96,494995.25,-0.060862,true
TREND0002177,Vietnam,CAT005,Sports & Outdoors,2026-05-17,49.09,54.68,55.83,494244.37,-0.081136,true
TREND0002178,Vietnam,CAT005,Sports & Outdoors,2026-05-18,43.77,49.22,55.60,493255.61,-0.108309,true
TREND0002179,Vietnam,CAT005,Sports & Outdoors,2026-05-19,42.85,47.75,55.27,492044.40,-0.020996,true
TREND0002180,Vietnam,CAT005,Sports & Outdoors,2026-05-20,39.22,43.17,54.86,490629.63,-0.084721,true
TREND0002181,Vietnam,CAT005,Sports & Outdoors,2026-05-21,40.17,42.84,54.36,489033.39,0.024221,true
TREND0002182,Vietnam,CAT005,Sports & Outdoors,2026-05-22,39.71,40.80,53.78,487280.57,-0.011609,true
TREND0002183,Vietnam,CAT005,Sports & Outdoors,2026-05-23,39.00,38.33,53.14,485398.55,-0.017766,true
TREND0002184,Vietnam,CAT005,Sports & Outdoors,2026-05-24,38.22,35.67,52.42,483416.67,-0.019981,true
TREND0002185,Vietnam,CAT005,Sports & Outdoors,2026-05-25,43.24,38.79,51.66,481365.88,0.131294,true
TREND0002186,Vietnam,CAT005,Sports & Outdoors,2026-05-26,46.95,40.66,50.85,479278.16,0.085786,true
TREND0002187,Vietnam,CAT005,Sports & Outdoors,2026-05-27,50.28,42.33,50.00,477186.11,0.071032,true
TREND0002188,Vietnam,CAT005,Sports & Outdoors,2026-05-28,53.10,43.71,49.13,475122.36,0.055969,true
TREND0002189,Vietnam,CAT005,Sports & Outdoors,2026-05-29,55.10,44.60,48.24,473119.12,0.037716,true
TREND0002190,Vietnam,CAT005,Sports & Outdoors,2026-05-30,63.65,52.41,47.36,471207.65,0.155123,true
TREND0002191,Vietnam,CAT005,Sports & Outdoors,2026-05-31,66.55,54.97,46.48,469417.77,0.045575,true
TREND0002192,Vietnam,CAT005,Sports & Outdoors,2026-06-01,67.56,56.06,45.61,467777.43,0.015198,true
TREND0002193,Vietnam,CAT005,Sports & Outdoors,2026-06-02,73.52,62.52,44.78,466312.21,0.088219,true
TREND0002194,Vietnam,CAT005,Sports & Outdoors,2026-06-03,76.46,66.36,43.99,465044.97,0.040021,true
TREND0002195,Vietnam,CAT005,Sports & Outdoors,2026-06-04,77.66,68.80,43.25,463995.50,0.015657,true
TREND0002196,Vietnam,CAT005,Sports & Outdoors,2026-06-05,75.75,68.42,42.56,463180.17,-0.024573,true
TREND0002197,Vietnam,CAT005,Sports & Outdoors,2026-06-06,78.27,72.69,41.95,462611.71,0.033222,true
TREND0002198,Vietnam,CAT005,Sports & Outdoors,2026-06-07,77.39,73.68,41.40,462298.98,-0.011246,true
TREND0002199,Vietnam,CAT005,Sports & Outdoors,2026-06-08,75.77,73.96,40.94,462246.86,-0.020938,true
TREND0002200,Vietnam,CAT005,Sports & Outdoors,2026-06-09,71.11,71.15,40.57,462456.16,-0.061452,true
TREND0002201,Vietnam,CAT005,Sports & Outdoors,2026-06-10,68.39,70.13,40.29,462923.63,-0.038206,true
TREND0002202,Vietnam,CAT005,Sports & Outdoors,2026-06-11,62.24,65.44,40.10,463641.97,-0.090005,true
TREND0002203,Vietnam,CAT005,Sports & Outdoors,2026-06-12,59.75,64.12,40.01,464599.96,-0.039909,true
TREND0002204,Vietnam,CAT005,Sports & Outdoors,2026-06-13,52.90,58.06,40.02,465782.66,-0.114734,true
TREND0002205,Vietnam,CAT005,Sports & Outdoors,2026-06-14,52.95,58.51,40.12,467171.62,0.000977,true
TREND0002206,Vietnam,CAT005,Sports & Outdoors,2026-06-15,45.63,51.16,40.33,468745.15,-0.138325,true
TREND0002207,Vietnam,CAT005,Sports & Outdoors,2026-06-16,43.85,48.94,40.63,470478.70,-0.038854,true
TREND0002208,Vietnam,CAT005,Sports & Outdoors,2026-06-17,41.51,45.76,41.02,472345.23,-0.053401,true
TREND0002209,Vietnam,CAT005,Sports & Outdoors,2026-06-18,37.32,40.37,41.49,474315.60,-0.101010,true
TREND0002210,Vietnam,CAT005,Sports & Outdoors,2026-06-19,39.12,40.67,42.05,476359.07,0.048315,true
TREND0002211,Vietnam,CAT005,Sports & Outdoors,2026-06-20,38.59,38.42,42.68,478443.75,-0.013614,true
TREND0002212,Vietnam,CAT005,Sports & Outdoors,2026-06-21,36.92,34.89,43.37,480537.11,-0.043322,true
TREND0002213,Vietnam,CAT005,Sports & Outdoors,2026-06-22,40.81,36.88,44.13,482606.49,0.105524,true
TREND0002214,Vietnam,CAT005,Sports & Outdoors,2026-06-23,44.27,38.47,44.93,484619.58,0.084598,true
TREND0002215,Vietnam,CAT005,Sports & Outdoors,2026-06-24,49.17,41.65,45.76,486544.99,0.110737,true
TREND0002216,Vietnam,CAT005,Sports & Outdoors,2026-06-25,53.45,44.42,46.63,488352.66,0.087010,true
TREND0002217,Vietnam,CAT005,Sports & Outdoors,2026-06-26,57.20,46.98,47.51,490014.38,0.070298,true
TREND0002218,Vietnam,CAT005,Sports & Outdoors,2026-06-27,60.36,49.28,48.40,491504.23,0.055142,true
TREND0002219,Vietnam,CAT005,Sports & Outdoors,2026-06-28,66.12,54.59,49.28,492798.95,0.095481,true
TREND0002220,Vietnam,CAT005,Sports & Outdoors,2026-06-29,68.77,57.21,50.15,493878.35,0.040040,true
TREND0002221,Vietnam,CAT006,Pet Supplies,2026-05-01,67.52,71.52,60.76,382000.00,0.000000,true
TREND0002222,Vietnam,CAT006,Pet Supplies,2026-05-02,68.14,71.84,61.37,383528.00,0.009286,true
TREND0002223,Vietnam,CAT006,Pet Supplies,2026-05-03,69.74,73.14,62.46,385056.00,0.023464,true
TREND0002224,Vietnam,CAT006,Pet Supplies,2026-05-04,64.97,68.07,60.37,386584.00,-0.068490,true
TREND0002225,Vietnam,CAT006,Pet Supplies,2026-05-05,68.60,71.40,62.48,388112.00,0.055981,true
TREND0002226,Vietnam,CAT006,Pet Supplies,2026-05-06,68.49,70.99,62.72,389640.00,-0.001629,true
TREND0002227,Vietnam,CAT006,Pet Supplies,2026-05-07,67.20,69.40,62.37,391168.00,-0.018853,true
TREND0002228,Vietnam,CAT006,Pet Supplies,2026-05-08,67.01,68.91,62.57,392696.00,-0.002863,true
TREND0002229,Vietnam,CAT006,Pet Supplies,2026-05-09,63.63,65.23,61.17,394224.00,-0.050457,true
TREND0002230,Vietnam,CAT006,Pet Supplies,2026-05-10,64.37,65.67,61.84,395752.00,0.011619,true
TREND0002231,Vietnam,CAT006,Pet Supplies,2026-05-11,62.33,63.33,61.12,397280.00,-0.031610,true
TREND0002232,Vietnam,CAT006,Pet Supplies,2026-05-12,65.48,66.18,62.99,398808.00,0.050530,true
TREND0002233,Vietnam,CAT006,Pet Supplies,2026-05-13,61.45,61.85,61.27,400336.00,-0.061532,true
TREND0002234,Vietnam,CAT006,Pet Supplies,2026-05-14,64.46,64.56,63.06,401864.00,0.048929,true
TREND0002235,Vietnam,CAT006,Pet Supplies,2026-05-15,60.90,60.70,61.58,403392.00,-0.055149,true
TREND0002236,Vietnam,CAT006,Pet Supplies,2026-05-16,61.44,60.94,62.14,404920.00,0.008747,true
TREND0002237,Vietnam,CAT006,Pet Supplies,2026-05-17,62.23,61.43,62.83,406448.00,0.012899,true
TREND0002238,Vietnam,CAT006,Pet Supplies,2026-05-18,64.40,63.30,64.21,407976.00,0.034874,true
TREND0002239,Vietnam,CAT006,Pet Supplies,2026-05-19,62.33,60.93,63.48,409504.00,-0.032107,true
TREND0002240,Vietnam,CAT006,Pet Supplies,2026-05-20,59.81,58.11,62.51,411032.00,-0.040408,true
TREND0002241,Vietnam,CAT006,Pet Supplies,2026-05-21,60.37,58.37,63.09,412560.00,0.009337,true
TREND0002242,Vietnam,CAT006,Pet Supplies,2026-05-22,61.11,58.81,63.75,414088.00,0.012222,true
TREND0002243,Vietnam,CAT006,Pet Supplies,2026-05-23,58.50,55.90,62.74,415616.00,-0.042713,true
TREND0002244,Vietnam,CAT006,Pet Supplies,2026-05-24,60.46,57.56,64.01,417144.00,0.033498,true
TREND0002245,Vietnam,CAT006,Pet Supplies,2026-05-25,60.66,57.46,64.41,418672.00,0.003422,true
TREND0002246,Vietnam,CAT006,Pet Supplies,2026-05-26,59.96,56.46,64.36,420200.00,-0.011612,true
TREND0002247,Vietnam,CAT006,Pet Supplies,2026-05-27,60.52,56.72,64.93,421728.00,0.009265,true
TREND0002248,Vietnam,CAT006,Pet Supplies,2026-05-28,56.96,52.86,63.45,423256.00,-0.058733,true
TREND0002249,Vietnam,CAT006,Pet Supplies,2026-05-29,57.16,52.76,63.84,424784.00,0.003492,true
TREND0002250,Vietnam,CAT006,Pet Supplies,2026-05-30,58.38,53.68,64.75,426312.00,0.021338,true
TREND0002251,Vietnam,CAT006,Pet Supplies,2026-05-31,57.43,52.43,64.57,427840.00,-0.016195,true
TREND0002252,Vietnam,CAT006,Pet Supplies,2026-06-01,58.54,53.24,65.41,429368.00,0.019163,true
TREND0002253,Vietnam,CAT006,Pet Supplies,2026-06-02,58.65,53.05,65.76,430896.00,0.001927,true
TREND0002254,Vietnam,CAT006,Pet Supplies,2026-06-03,57.57,51.67,65.52,432424.00,-0.018390,true
TREND0002255,Vietnam,CAT006,Pet Supplies,2026-06-04,53.66,47.46,63.86,433952.00,-0.067840,true
TREND0002256,Vietnam,CAT006,Pet Supplies,2026-06-05,56.33,49.83,65.49,435480.00,0.049618,true
TREND0002257,Vietnam,CAT006,Pet Supplies,2026-06-06,53.00,46.20,64.12,437008.00,-0.059143,true
TREND0002258,Vietnam,CAT006,Pet Supplies,2026-06-07,54.73,47.63,65.28,438536.00,0.032666,true
TREND0002259,Vietnam,CAT006,Pet Supplies,2026-06-08,52.50,45.10,64.46,440064.00,-0.040673,true
TREND0002260,Vietnam,CAT006,Pet Supplies,2026-06-09,53.15,45.45,65.08,441592.00,0.012350,true
TREND0002261,Vietnam,CAT006,Pet Supplies,2026-06-10,52.63,44.63,65.11,443120.00,-0.009850,true
TREND0002262,Vietnam,CAT006,Pet Supplies,2026-06-11,52.80,44.50,65.49,444648.00,0.003313,true
TREND0002263,Vietnam,CAT006,Pet Supplies,2026-06-12,55.03,46.43,66.90,446176.00,0.042174,true
TREND0002264,Vietnam,CAT006,Pet Supplies,2026-06-13,52.55,43.65,65.96,447704.00,-0.044950,true
TREND0002265,Vietnam,CAT006,Pet Supplies,2026-06-14,53.70,44.50,66.83,449232.00,0.021866,true
TREND0002266,Vietnam,CAT006,Pet Supplies,2026-06-15,50.67,41.17,65.61,450760.00,-0.056448,true
TREND0002267,Vietnam,CAT006,Pet Supplies,2026-06-16,54.08,44.28,67.61,452288.00,0.067342,true
TREND0002268,Vietnam,CAT006,Pet Supplies,2026-06-17,51.68,41.58,66.70,453816.00,-0.044470,true
TREND0002269,Vietnam,CAT006,Pet Supplies,2026-06-18,53.32,42.92,67.82,455344.00,0.031712,true
TREND0002270,Vietnam,CAT006,Pet Supplies,2026-06-19,53.32,42.62,68.12,456872.00,0.000118,true
TREND0002271,Vietnam,CAT006,Pet Supplies,2026-06-20,50.47,39.47,66.98,458400.00,-0.053519,true
TREND0002272,Vietnam,CAT006,Pet Supplies,2026-06-21,49.67,38.37,66.88,459928.00,-0.015789,true
TREND0002273,Vietnam,CAT006,Pet Supplies,2026-06-22,51.45,39.85,68.06,461456.00,0.035701,true
TREND0002274,Vietnam,CAT006,Pet Supplies,2026-06-23,47.27,35.37,66.27,462984.00,-0.081124,true
TREND0002275,Vietnam,CAT006,Pet Supplies,2026-06-24,47.45,35.25,66.65,464512.00,0.003720,true
TREND0002276,Vietnam,CAT006,Pet Supplies,2026-06-25,49.36,36.86,67.91,466040.00,0.040312,true
TREND0002277,Vietnam,CAT006,Pet Supplies,2026-06-26,46.67,33.87,66.85,467568.00,-0.054573,true
TREND0002278,Vietnam,CAT006,Pet Supplies,2026-06-27,48.06,34.96,67.85,469096.00,0.029889,true
TREND0002279,Vietnam,CAT006,Pet Supplies,2026-06-28,48.68,35.28,68.45,470624.00,0.012912,true
TREND0002280,Vietnam,CAT006,Pet Supplies,2026-06-29,48.34,34.64,68.57,472152.00,-0.007138,true
TREND0002281,Vietnam,CAT007,Kitchen Appliances,2026-05-01,40.26,34.26,29.13,1186000.00,0.000000,true
TREND0002282,Vietnam,CAT007,Kitchen Appliances,2026-05-02,39.49,33.36,28.40,1186948.80,-0.019125,true
TREND0002283,Vietnam,CAT007,Kitchen Appliances,2026-05-03,39.29,33.03,27.96,1187897.60,-0.005062,true
TREND0002284,Vietnam,CAT007,Kitchen Appliances,2026-05-04,39.58,33.19,27.75,1188846.40,0.007244,true
TREND0002285,Vietnam,CAT007,Kitchen Appliances,2026-05-05,43.63,37.11,29.44,1189795.20,0.102430,true
TREND0002286,Vietnam,CAT007,Kitchen Appliances,2026-05-06,43.85,37.20,29.20,1190744.00,0.004942,true
TREND0002287,Vietnam,CAT007,Kitchen Appliances,2026-05-07,40.69,33.91,27.27,1191692.80,-0.072120,true
TREND0002288,Vietnam,CAT007,Kitchen Appliances,2026-05-08,44.50,37.59,28.83,1192641.60,0.093666,true
TREND0002289,Vietnam,CAT007,Kitchen Appliances,2026-05-09,44.03,36.99,28.25,1193590.40,-0.010532,true
TREND0002290,Vietnam,CAT007,Kitchen Appliances,2026-05-10,43.73,36.56,27.76,1194539.20,-0.006764,true
TREND0002291,Vietnam,CAT007,Kitchen Appliances,2026-05-11,44.06,36.76,27.58,1195488.00,0.007485,true
TREND0002292,Vietnam,CAT007,Kitchen Appliances,2026-05-12,47.96,40.53,29.18,1196436.80,0.088513,true
TREND0002293,Vietnam,CAT007,Kitchen Appliances,2026-05-13,47.62,40.06,28.67,1197385.60,-0.007123,true
TREND0002294,Vietnam,CAT007,Kitchen Appliances,2026-05-14,50.50,42.81,29.77,1198334.40,0.060604,true
TREND0002295,Vietnam,CAT007,Kitchen Appliances,2026-05-15,51.44,43.62,29.89,1199283.20,0.018624,true
TREND0002296,Vietnam,CAT007,Kitchen Appliances,2026-05-16,49.29,41.34,28.47,1200232.00,-0.041891,true
TREND0002297,Vietnam,CAT007,Kitchen Appliances,2026-05-17,51.88,43.80,29.42,1201180.80,0.052533,true
TREND0002298,Vietnam,CAT007,Kitchen Appliances,2026-05-18,50.56,42.35,28.42,1202129.60,-0.025369,true
TREND0002299,Vietnam,CAT007,Kitchen Appliances,2026-05-19,52.42,44.08,29.00,1203078.40,0.036858,true
TREND0002300,Vietnam,CAT007,Kitchen Appliances,2026-05-20,52.30,43.83,28.59,1204027.20,-0.002429,true
TREND0002301,Vietnam,CAT007,Kitchen Appliances,2026-05-21,57.18,48.58,30.69,1204976.00,0.093471,true
TREND0002302,Vietnam,CAT007,Kitchen Appliances,2026-05-22,57.64,48.91,30.58,1205924.80,0.008010,true
TREND0002303,Vietnam,CAT007,Kitchen Appliances,2026-05-23,59.08,50.22,30.95,1206873.60,0.024875,true
TREND0002304,Vietnam,CAT007,Kitchen Appliances,2026-05-24,55.19,46.20,28.66,1207822.40,-0.065861,true
TREND0002305,Vietnam,CAT007,Kitchen Appliances,2026-05-25,60.32,51.20,30.88,1208771.20,0.092979,true
TREND0002306,Vietnam,CAT007,Kitchen Appliances,2026-05-26,61.26,52.01,31.01,1209720.00,0.015708,true
TREND0002307,Vietnam,CAT007,Kitchen Appliances,2026-05-27,59.77,50.39,29.92,1210668.80,-0.024309,true
TREND0002308,Vietnam,CAT007,Kitchen Appliances,2026-05-28,62.81,53.30,31.09,1211617.60,0.050751,true
TREND0002309,Vietnam,CAT007,Kitchen Appliances,2026-05-29,61.33,51.69,30.01,1212566.40,-0.023474,true
TREND0002310,Vietnam,CAT007,Kitchen Appliances,2026-05-30,62.78,53.01,30.38,1213515.20,0.023521,true
TREND0002311,Vietnam,CAT007,Kitchen Appliances,2026-05-31,64.81,54.91,31.06,1214464.00,0.032424,true
TREND0002312,Vietnam,CAT007,Kitchen Appliances,2026-06-01,62.69,52.66,29.65,1215412.80,-0.032809,true
TREND0002313,Vietnam,CAT007,Kitchen Appliances,2026-06-02,66.00,55.84,30.96,1216361.60,0.052793,true
TREND0002314,Vietnam,CAT007,Kitchen Appliances,2026-06-03,66.81,56.52,31.02,1217310.40,0.012345,true
TREND0002315,Vietnam,CAT007,Kitchen Appliances,2026-06-04,68.64,58.22,31.59,1218259.20,0.027419,true
TREND0002316,Vietnam,CAT007,Kitchen Appliances,2026-06-05,69.59,59.04,31.72,1219208.00,0.013868,true
TREND0002317,Vietnam,CAT007,Kitchen Appliances,2026-06-06,70.03,59.35,31.60,1220156.80,0.006279,true
TREND0002318,Vietnam,CAT007,Kitchen Appliances,2026-06-07,68.03,57.22,30.25,1221105.60,-0.028559,true
TREND0002319,Vietnam,CAT007,Kitchen Appliances,2026-06-08,68.45,57.51,30.11,1222054.40,0.006144,true
TREND0002320,Vietnam,CAT007,Kitchen Appliances,2026-06-09,72.73,61.66,31.91,1223003.20,0.062609,true
TREND0002321,Vietnam,CAT007,Kitchen Appliances,2026-06-10,72.23,61.03,31.32,1223952.00,-0.006922,true
TREND0002322,Vietnam,CAT007,Kitchen Appliances,2026-06-11,74.78,63.45,32.25,1224900.80,0.035305,true
TREND0002323,Vietnam,CAT007,Kitchen Appliances,2026-06-12,74.03,62.57,31.52,1225849.60,-0.010104,true
TREND0002324,Vietnam,CAT007,Kitchen Appliances,2026-06-13,73.00,61.41,30.66,1226798.40,-0.013883,true
TREND0002325,Vietnam,CAT007,Kitchen Appliances,2026-06-14,75.37,63.65,31.51,1227747.20,0.032508,true
TREND0002326,Vietnam,CAT007,Kitchen Appliances,2026-06-15,77.69,65.84,32.32,1228696.00,0.030805,true
TREND0002327,Vietnam,CAT007,Kitchen Appliances,2026-06-16,78.72,66.74,32.49,1229644.80,0.013241,true
TREND0002328,Vietnam,CAT007,Kitchen Appliances,2026-06-17,76.55,64.44,31.06,1230593.60,-0.027530,true
TREND0002329,Vietnam,CAT007,Kitchen Appliances,2026-06-18,76.48,64.24,30.68,1231542.40,-0.001023,true
TREND0002330,Vietnam,CAT007,Kitchen Appliances,2026-06-19,81.76,69.39,32.98,1232491.20,0.069139,true
TREND0002331,Vietnam,CAT007,Kitchen Appliances,2026-06-20,82.71,70.21,33.10,1233440.00,0.011569,true
TREND0002332,Vietnam,CAT007,Kitchen Appliances,2026-06-21,82.50,69.87,32.65,1234388.80,-0.002543,true
TREND0002333,Vietnam,CAT007,Kitchen Appliances,2026-06-22,82.28,69.52,32.20,1235337.60,-0.002604,true
TREND0002334,Vietnam,CAT007,Kitchen Appliances,2026-06-23,83.39,70.50,32.41,1236286.40,0.013464,true
TREND0002335,Vietnam,CAT007,Kitchen Appliances,2026-06-24,82.26,69.24,31.50,1237235.20,-0.013618,true
TREND0002336,Vietnam,CAT007,Kitchen Appliances,2026-06-25,82.77,69.62,31.41,1238184.00,0.006232,true
TREND0002337,Vietnam,CAT007,Kitchen Appliances,2026-06-26,83.36,70.08,31.36,1239132.80,0.007104,true
TREND0002338,Vietnam,CAT007,Kitchen Appliances,2026-06-27,86.02,72.61,32.35,1240081.60,0.031969,true
TREND0002339,Vietnam,CAT007,Kitchen Appliances,2026-06-28,89.11,75.57,33.55,1241030.40,0.035927,true
TREND0002340,Vietnam,CAT007,Kitchen Appliances,2026-06-29,86.56,72.89,31.93,1241979.20,-0.028624,true
TREND0002341,Vietnam,CAT008,Baby Products,2026-05-01,79.21,83.21,84.00,723000.00,0.000000,true
TREND0002342,Vietnam,CAT008,Baby Products,2026-05-02,79.24,82.88,84.43,724443.59,0.000400,true
TREND0002343,Vietnam,CAT008,Baby Products,2026-05-03,80.59,83.89,84.85,725872.76,0.017030,true
TREND0002344,Vietnam,CAT008,Baby Products,2026-05-04,83.09,86.10,85.25,727273.22,0.031038,true
TREND0002345,Vietnam,CAT008,Baby Products,2026-05-05,80.71,83.50,85.62,728630.99,-0.028609,true
TREND0002346,Vietnam,CAT008,Baby Products,2026-05-06,84.48,87.13,85.97,729932.49,0.046644,true
TREND0002347,Vietnam,CAT008,Baby Products,2026-05-07,81.72,84.34,86.27,731164.73,-0.032601,true
TREND0002348,Vietnam,CAT008,Baby Products,2026-05-08,83.85,86.53,86.52,732315.39,0.026023,true
TREND0002349,Vietnam,CAT008,Baby Products,2026-05-09,85.54,88.41,86.73,733372.97,0.020209,true
TREND0002350,Vietnam,CAT008,Baby Products,2026-05-10,85.20,88.35,86.88,734326.91,-0.003953,true
TREND0002351,Vietnam,CAT008,Baby Products,2026-05-11,83.43,86.95,86.97,735167.67,-0.020822,true
TREND0002352,Vietnam,CAT008,Baby Products,2026-05-12,81.46,85.44,87.00,735886.86,-0.023565,true
TREND0002353,Vietnam,CAT008,Baby Products,2026-05-13,83.76,88.25,86.97,736477.29,0.028170,true
TREND0002354,Vietnam,CAT008,Baby Products,2026-05-14,79.25,84.29,86.88,736933.05,-0.053847,true
TREND0002355,Vietnam,CAT008,Baby Products,2026-05-15,80.30,85.90,86.73,737249.60,0.013194,true
TREND0002356,Vietnam,CAT008,Baby Products,2026-05-16,76.76,82.91,86.52,737423.78,-0.044000,true
TREND0002357,Vietnam,CAT008,Baby Products,2026-05-17,79.44,86.08,86.27,737453.83,0.034946,true
TREND0002358,Vietnam,CAT008,Baby Products,2026-05-18,77.74,84.79,85.96,737339.47,-0.021463,true
TREND0002359,Vietnam,CAT008,Baby Products,2026-05-19,75.16,82.52,85.62,737081.84,-0.033157,true
TREND0002360,Vietnam,CAT008,Baby Products,2026-05-20,72.58,80.13,85.24,736683.50,-0.034295,true
TREND0002361,Vietnam,CAT008,Baby Products,2026-05-21,72.28,79.87,84.84,736148.44,-0.004219,true
TREND0002362,Vietnam,CAT008,Baby Products,2026-05-22,70.56,78.03,84.42,735482.01,-0.023824,true
TREND0002363,Vietnam,CAT008,Baby Products,2026-05-23,70.12,77.32,84.00,734690.86,-0.006156,true
TREND0002364,Vietnam,CAT008,Baby Products,2026-05-24,72.30,79.08,83.57,733782.90,0.031118,true
TREND0002365,Vietnam,CAT008,Baby Products,2026-05-25,69.94,76.13,83.15,732767.20,-0.032720,true
TREND0002366,Vietnam,CAT008,Baby Products,2026-05-26,71.34,76.82,82.75,731653.91,0.020074,true
TREND0002367,Vietnam,CAT008,Baby Products,2026-05-27,72.48,77.13,82.37,730454.15,0.015889,true
TREND0002368,Vietnam,CAT008,Baby Products,2026-05-28,72.46,76.21,82.03,729179.91,-0.000197,true
TREND0002369,Vietnam,CAT008,Baby Products,2026-05-29,73.76,76.55,81.73,727843.93,0.017858,true
TREND0002370,Vietnam,CAT008,Baby Products,2026-05-30,76.61,78.43,81.47,726459.55,0.038690,true
TREND0002371,Vietnam,CAT008,Baby Products,2026-05-31,78.61,79.49,81.27,725040.60,0.026142,true
TREND0002372,Vietnam,CAT008,Baby Products,2026-06-01,77.76,77.76,81.12,723601.26,-0.010851,true
TREND0002373,Vietnam,CAT008,Baby Products,2026-06-02,76.94,76.18,81.03,722155.91,-0.010469,true
TREND0002374,Vietnam,CAT008,Baby Products,2026-06-03,77.50,76.10,81.00,720719.00,0.007198,true
TREND0002375,Vietnam,CAT008,Baby Products,2026-06-04,78.81,76.95,81.03,719304.88,0.016889,true
TREND0002376,Vietnam,CAT008,Baby Products,2026-06-05,80.51,78.40,81.12,717927.67,0.021659,true
TREND0002377,Vietnam,CAT008,Baby Products,2026-06-06,82.28,80.12,81.27,716601.15,0.021927,true
TREND0002378,Vietnam,CAT008,Baby Products,2026-06-07,82.20,80.23,81.48,715338.57,-0.000922,true
TREND0002379,Vietnam,CAT008,Baby Products,2026-06-08,84.32,82.76,81.74,714152.53,0.025685,true
TREND0002380,Vietnam,CAT008,Baby Products,2026-06-09,83.46,82.54,82.04,713054.90,-0.010138,true
TREND0002381,Vietnam,CAT008,Baby Products,2026-06-10,84.37,84.31,82.38,712056.64,0.010949,true
TREND0002382,Vietnam,CAT008,Baby Products,2026-06-11,84.38,85.35,82.76,711167.71,0.000128,true
TREND0002383,Vietnam,CAT008,Baby Products,2026-06-12,83.71,85.87,83.16,710397.01,-0.007998,true
TREND0002384,Vietnam,CAT008,Baby Products,2026-06-13,83.71,87.17,83.58,709752.24,0.000011,true
TREND0002385,Vietnam,CAT008,Baby Products,2026-06-14,81.59,86.41,84.01,709239.83,-0.025396,true
TREND0002386,Vietnam,CAT008,Baby Products,2026-06-15,78.02,84.24,84.43,708864.91,-0.043651,true
TREND0002387,Vietnam,CAT008,Baby Products,2026-06-16,81.07,88.64,84.85,708631.23,0.039027,true
TREND0002388,Vietnam,CAT008,Baby Products,2026-06-17,78.41,87.26,85.25,708541.11,-0.032777,true
TREND0002389,Vietnam,CAT008,Baby Products,2026-06-18,77.32,87.31,85.63,708595.46,-0.013944,true
TREND0002390,Vietnam,CAT008,Baby Products,2026-06-19,77.48,88.44,85.97,708793.74,0.002132,true
TREND0002391,Vietnam,CAT008,Baby Products,2026-06-20,72.96,84.66,86.27,709133.95,-0.058342,true
TREND0002392,Vietnam,CAT008,Baby Products,2026-06-21,74.25,86.44,86.53,709612.72,0.017600,true
TREND0002393,Vietnam,CAT008,Baby Products,2026-06-22,74.29,86.69,86.73,710225.25,0.000539,true
TREND0002394,Vietnam,CAT008,Baby Products,2026-06-23,71.60,83.93,86.88,710965.41,-0.036140,true
TREND0002395,Vietnam,CAT008,Baby Products,2026-06-24,73.80,85.75,86.97,711825.83,0.030757,true
TREND0002396,Vietnam,CAT008,Baby Products,2026-06-25,70.45,81.73,87.00,712797.89,-0.045395,true
TREND0002397,Vietnam,CAT008,Baby Products,2026-06-26,71.67,82.00,86.97,713871.88,0.017265,true
TREND0002398,Vietnam,CAT008,Baby Products,2026-06-27,73.61,82.75,86.88,715037.09,0.027054,true
TREND0002399,Vietnam,CAT008,Baby Products,2026-06-28,73.24,80.98,86.72,716281.85,-0.005016,true
TREND0002400,Vietnam,CAT008,Baby Products,2026-06-29,76.03,82.20,86.52,717593.74,0.038026,true
TREND0002401,Indonesia,CAT001,Consumer Electronics,2026-05-01,37.45,31.45,27.73,664000.00,0.000000,true
TREND0002402,Indonesia,CAT001,Consumer Electronics,2026-05-02,36.54,30.41,26.93,664531.20,-0.024310,true
TREND0002403,Indonesia,CAT001,Consumer Electronics,2026-05-03,41.87,35.61,29.24,665062.40,0.145729,true
TREND0002404,Indonesia,CAT001,Consumer Electronics,2026-05-04,41.77,35.38,28.85,665593.60,-0.002372,true
TREND0002405,Indonesia,CAT001,Consumer Electronics,2026-05-05,42.72,36.20,28.98,666124.80,0.022823,true
TREND0002406,Indonesia,CAT001,Consumer Electronics,2026-05-06,43.69,37.04,29.12,666656.00,0.022638,true
TREND0002407,Indonesia,CAT001,Consumer Electronics,2026-05-07,41.46,34.68,27.66,667187.20,-0.051066,true
TREND0002408,Indonesia,CAT001,Consumer Electronics,2026-05-08,44.35,37.44,28.76,667718.40,0.069611,true
TREND0002409,Indonesia,CAT001,Consumer Electronics,2026-05-09,43.07,36.03,27.77,668249.60,-0.028832,true
TREND0002410,Indonesia,CAT001,Consumer Electronics,2026-05-10,43.24,36.07,27.52,668780.80,0.004125,true
TREND0002411,Indonesia,CAT001,Consumer Electronics,2026-05-11,45.18,37.88,28.14,669312.00,0.044824,true
TREND0002412,Indonesia,CAT001,Consumer Electronics,2026-05-12,47.14,39.71,28.77,669843.20,0.043239,true
TREND0002413,Indonesia,CAT001,Consumer Electronics,2026-05-13,49.07,41.51,29.40,670374.40,0.041078,true
TREND0002414,Indonesia,CAT001,Consumer Electronics,2026-05-14,47.95,40.26,28.49,670905.60,-0.022785,true
TREND0002415,Indonesia,CAT001,Consumer Electronics,2026-05-15,47.68,39.86,28.01,671436.80,-0.005637,true
TREND0002416,Indonesia,CAT001,Consumer Electronics,2026-05-16,52.49,44.54,30.07,671968.00,0.100699,true
TREND0002417,Indonesia,CAT001,Consumer Electronics,2026-05-17,51.82,43.74,29.39,672499.20,-0.012737,true
TREND0002418,Indonesia,CAT001,Consumer Electronics,2026-05-18,50.10,41.89,28.19,673030.40,-0.033071,true
TREND0002419,Indonesia,CAT001,Consumer Electronics,2026-05-19,54.31,45.97,29.94,673561.60,0.083851,true
TREND0002420,Indonesia,CAT001,Consumer Electronics,2026-05-20,52.50,44.03,28.70,674092.80,-0.033231,true
TREND0002421,Indonesia,CAT001,Consumer Electronics,2026-05-21,55.71,47.11,29.96,674624.00,0.061152,true
TREND0002422,Indonesia,CAT001,Consumer Electronics,2026-05-22,56.88,48.15,30.20,675155.20,0.021032,true
TREND0002423,Indonesia,CAT001,Consumer Electronics,2026-05-23,56.07,47.21,29.45,675686.40,-0.014271,true
TREND0002424,Indonesia,CAT001,Consumer Electronics,2026-05-24,58.10,49.11,30.12,676217.60,0.036244,true
TREND0002425,Indonesia,CAT001,Consumer Electronics,2026-05-25,59.64,50.52,30.54,676748.80,0.026512,true
TREND0002426,Indonesia,CAT001,Consumer Electronics,2026-05-26,60.08,50.83,30.41,677280.00,0.007242,true
TREND0002427,Indonesia,CAT001,Consumer Electronics,2026-05-27,59.13,49.75,29.60,677811.20,-0.015662,true
TREND0002428,Indonesia,CAT001,Consumer Electronics,2026-05-28,58.69,49.18,29.03,678342.40,-0.007551,true
TREND0002429,Indonesia,CAT001,Consumer Electronics,2026-05-29,59.79,50.15,29.23,678873.60,0.018707,true
TREND0002430,Indonesia,CAT001,Consumer Electronics,2026-05-30,64.26,54.49,31.12,679404.80,0.074759,true
TREND0002431,Indonesia,CAT001,Consumer Electronics,2026-05-31,61.25,51.35,29.27,679936.00,-0.046832,true
TREND0002432,Indonesia,CAT001,Consumer Electronics,2026-06-01,65.24,55.21,30.92,680467.20,0.065122,true
TREND0002433,Indonesia,CAT001,Consumer Electronics,2026-06-02,64.60,54.44,30.26,680998.40,-0.009665,true
TREND0002434,Indonesia,CAT001,Consumer Electronics,2026-06-03,65.13,54.84,30.18,681529.60,0.008191,true
TREND0002435,Indonesia,CAT001,Consumer Electronics,2026-06-04,64.74,54.32,29.64,682060.80,-0.006062,true
TREND0002436,Indonesia,CAT001,Consumer Electronics,2026-06-05,65.88,55.33,29.87,682592.00,0.017672,true
TREND0002437,Indonesia,CAT001,Consumer Electronics,2026-06-06,70.36,59.68,31.76,683123.20,0.067980,true
TREND0002438,Indonesia,CAT001,Consumer Electronics,2026-06-07,70.30,59.49,31.39,683654.40,-0.000864,true
TREND0002439,Indonesia,CAT001,Consumer Electronics,2026-06-08,69.67,58.73,30.72,684185.60,-0.008989,true
TREND0002440,Indonesia,CAT001,Consumer Electronics,2026-06-09,70.69,59.62,30.89,684716.80,0.014633,true
TREND0002441,Indonesia,CAT001,Consumer Electronics,2026-06-10,70.93,59.73,30.67,685248.00,0.003420,true
TREND0002442,Indonesia,CAT001,Consumer Electronics,2026-06-11,74.44,63.11,32.07,685779.20,0.049479,true
TREND0002443,Indonesia,CAT001,Consumer Electronics,2026-06-12,76.13,64.67,32.57,686310.40,0.022691,true
TREND0002444,Indonesia,CAT001,Consumer Electronics,2026-06-13,76.99,65.40,32.66,686841.60,0.011352,true
TREND0002445,Indonesia,CAT001,Consumer Electronics,2026-06-14,73.05,61.33,30.34,687372.80,-0.051264,true
TREND0002446,Indonesia,CAT001,Consumer Electronics,2026-06-15,77.77,65.92,32.36,687904.00,0.064607,true
TREND0002447,Indonesia,CAT001,Consumer Electronics,2026-06-16,79.36,67.38,32.81,688435.20,0.020462,true
TREND0002448,Indonesia,CAT001,Consumer Electronics,2026-06-17,75.88,63.77,30.72,688966.40,-0.043812,true
TREND0002449,Indonesia,CAT001,Consumer Electronics,2026-06-18,79.22,66.98,32.05,689497.60,0.043979,true
TREND0002450,Indonesia,CAT001,Consumer Electronics,2026-06-19,77.51,65.14,30.85,690028.80,-0.021520,true
TREND0002451,Indonesia,CAT001,Consumer Electronics,2026-06-20,78.24,65.74,30.87,690560.00,0.009390,true
TREND0002452,Indonesia,CAT001,Consumer Electronics,2026-06-21,79.37,66.74,31.09,691091.20,0.014398,true
TREND0002453,Indonesia,CAT001,Consumer Electronics,2026-06-22,83.28,70.52,32.70,691622.40,0.049306,true
TREND0002454,Indonesia,CAT001,Consumer Electronics,2026-06-23,81.93,69.04,31.68,692153.60,-0.016156,true
TREND0002455,Indonesia,CAT001,Consumer Electronics,2026-06-24,81.76,68.74,31.25,692684.80,-0.002084,true
TREND0002456,Indonesia,CAT001,Consumer Electronics,2026-06-25,83.99,70.84,32.02,693216.00,0.027178,true
TREND0002457,Indonesia,CAT001,Consumer Electronics,2026-06-26,83.50,70.22,31.43,693747.20,-0.005753,true
TREND0002458,Indonesia,CAT001,Consumer Electronics,2026-06-27,85.23,71.82,31.95,694278.40,0.020730,true
TREND0002459,Indonesia,CAT001,Consumer Electronics,2026-06-28,89.40,75.86,33.69,694809.60,0.048920,true
TREND0002460,Indonesia,CAT001,Consumer Electronics,2026-06-29,90.65,76.98,33.97,695340.80,0.013903,true
TREND0002461,Indonesia,CAT002,Home & Living,2026-05-01,77.33,81.33,84.00,494000.00,0.000000,true
TREND0002462,Indonesia,CAT002,Home & Living,2026-05-02,79.72,83.36,84.43,494986.35,0.030854,true
TREND0002463,Indonesia,CAT002,Home & Living,2026-05-03,79.99,83.29,84.85,495962.85,0.003429,true
TREND0002464,Indonesia,CAT002,Home & Living,2026-05-04,81.99,85.00,85.25,496919.74,0.024999,true
TREND0002465,Indonesia,CAT002,Home & Living,2026-05-05,80.52,83.31,85.62,497847.45,-0.017913,true
TREND0002466,Indonesia,CAT002,Home & Living,2026-05-06,84.21,86.87,85.97,498736.72,0.045821,true
TREND0002467,Indonesia,CAT002,Home & Living,2026-05-07,86.01,88.63,86.27,499578.67,0.021371,true
TREND0002468,Indonesia,CAT002,Home & Living,2026-05-08,84.10,86.78,86.52,500364.87,-0.022255,true
TREND0002469,Indonesia,CAT002,Home & Living,2026-05-09,83.01,85.87,86.73,501087.48,-0.013009,true
TREND0002470,Indonesia,CAT002,Home & Living,2026-05-10,81.42,84.56,86.88,501739.27,-0.019138,true
TREND0002471,Indonesia,CAT002,Home & Living,2026-05-11,85.71,89.24,86.97,502313.73,0.052775,true
TREND0002472,Indonesia,CAT002,Home & Living,2026-05-12,84.94,88.92,87.00,502805.13,-0.009050,true
TREND0002473,Indonesia,CAT002,Home & Living,2026-05-13,84.32,88.81,86.97,503208.55,-0.007266,true
TREND0002474,Indonesia,CAT002,Home & Living,2026-05-14,80.44,85.48,86.88,503519.95,-0.046040,true
TREND0002475,Indonesia,CAT002,Home & Living,2026-05-15,79.48,85.08,86.73,503736.24,-0.011962,true
TREND0002476,Indonesia,CAT002,Home & Living,2026-05-16,81.02,87.17,86.52,503855.25,0.019473,true
TREND0002477,Indonesia,CAT002,Home & Living,2026-05-17,79.40,86.03,86.27,503875.79,-0.020078,true
TREND0002478,Indonesia,CAT002,Home & Living,2026-05-18,77.24,84.29,85.96,503797.65,-0.027153,true
TREND0002479,Indonesia,CAT002,Home & Living,2026-05-19,77.15,84.51,85.62,503621.61,-0.001138,true
TREND0002480,Indonesia,CAT002,Home & Living,2026-05-20,72.84,80.39,85.24,503349.44,-0.055907,true
TREND0002481,Indonesia,CAT002,Home & Living,2026-05-21,74.61,82.20,84.84,502983.86,0.024342,true
TREND0002482,Indonesia,CAT002,Home & Living,2026-05-22,70.37,77.84,84.42,502528.51,-0.056929,true
TREND0002483,Indonesia,CAT002,Home & Living,2026-05-23,72.45,79.65,84.00,501987.94,0.029592,true
TREND0002484,Indonesia,CAT002,Home & Living,2026-05-24,71.05,77.83,83.57,501367.57,-0.019228,true
TREND0002485,Indonesia,CAT002,Home & Living,2026-05-25,71.64,77.83,83.15,500673.58,0.008251,true
TREND0002486,Indonesia,CAT002,Home & Living,2026-05-26,73.07,78.55,82.75,499912.90,0.019945,true
TREND0002487,Indonesia,CAT002,Home & Living,2026-05-27,73.71,78.37,82.37,499093.15,0.008790,true
TREND0002488,Indonesia,CAT002,Home & Living,2026-05-28,74.43,78.18,82.03,498222.51,0.009797,true
TREND0002489,Indonesia,CAT002,Home & Living,2026-05-29,71.96,74.75,81.73,497309.68,-0.033295,true
TREND0002490,Indonesia,CAT002,Home & Living,2026-05-30,76.47,78.30,81.47,496363.78,0.062783,true
TREND0002491,Indonesia,CAT002,Home & Living,2026-05-31,77.42,78.30,81.27,495394.27,0.012384,true
TREND0002492,Indonesia,CAT002,Home & Living,2026-06-01,76.72,76.73,81.12,494410.82,-0.009021,true
TREND0002493,Indonesia,CAT002,Home & Living,2026-06-02,77.70,76.94,81.03,493423.26,0.012763,true
TREND0002494,Indonesia,CAT002,Home & Living,2026-06-03,77.81,76.41,81.00,492441.47,0.001355,true
TREND0002495,Indonesia,CAT002,Home & Living,2026-06-04,82.01,80.16,81.03,491475.25,0.054029,true
TREND0002496,Indonesia,CAT002,Home & Living,2026-06-05,80.84,78.72,81.12,490534.26,-0.014272,true
TREND0002497,Indonesia,CAT002,Home & Living,2026-06-06,80.42,78.26,81.27,489627.90,-0.005178,true
TREND0002498,Indonesia,CAT002,Home & Living,2026-06-07,85.56,83.58,81.48,488765.22,0.063855,true
TREND0002499,Indonesia,CAT002,Home & Living,2026-06-08,84.81,83.25,81.74,487954.84,-0.008782,true
TREND0002500,Indonesia,CAT002,Home & Living,2026-06-09,83.50,82.59,82.04,487204.87,-0.015359,true
TREND0002501,Indonesia,CAT002,Home & Living,2026-06-10,84.14,84.08,82.38,486522.79,0.007632,true
TREND0002502,Indonesia,CAT002,Home & Living,2026-06-11,81.49,82.46,82.76,485915.42,-0.031496,true
TREND0002503,Indonesia,CAT002,Home & Living,2026-06-12,81.93,84.09,83.16,485388.83,0.005377,true
TREND0002504,Indonesia,CAT002,Home & Living,2026-06-13,80.91,84.36,83.58,484948.28,-0.012493,true
TREND0002505,Indonesia,CAT002,Home & Living,2026-06-14,81.03,85.86,84.01,484598.17,0.001569,true
TREND0002506,Indonesia,CAT002,Home & Living,2026-06-15,81.01,87.23,84.43,484342.00,-0.000278,true
TREND0002507,Indonesia,CAT002,Home & Living,2026-06-16,81.52,89.10,84.85,484182.33,0.006319,true
TREND0002508,Indonesia,CAT002,Home & Living,2026-06-17,77.20,86.05,85.25,484120.76,-0.052996,true
TREND0002509,Indonesia,CAT002,Home & Living,2026-06-18,76.55,86.54,85.63,484157.89,-0.008450,true
TREND0002510,Indonesia,CAT002,Home & Living,2026-06-19,73.89,84.85,85.97,484293.37,-0.034742,true
TREND0002511,Indonesia,CAT002,Home & Living,2026-06-20,74.11,85.81,86.27,484525.83,0.002967,true
TREND0002512,Indonesia,CAT002,Home & Living,2026-06-21,71.91,84.10,86.53,484852.95,-0.029690,true
TREND0002513,Indonesia,CAT002,Home & Living,2026-06-22,74.81,87.21,86.73,485271.47,0.040293,true
TREND0002514,Indonesia,CAT002,Home & Living,2026-06-23,73.09,85.42,86.88,485777.20,-0.022887,true
TREND0002515,Indonesia,CAT002,Home & Living,2026-06-24,70.13,82.08,86.97,486365.09,-0.040509,true
TREND0002516,Indonesia,CAT002,Home & Living,2026-06-25,74.05,85.33,87.00,487029.26,0.055896,true
TREND0002517,Indonesia,CAT002,Home & Living,2026-06-26,69.87,80.20,86.97,487763.09,-0.056509,true
TREND0002518,Indonesia,CAT002,Home & Living,2026-06-27,72.27,81.41,86.88,488559.23,0.034412,true
TREND0002519,Indonesia,CAT002,Home & Living,2026-06-28,74.16,81.90,86.72,489409.73,0.026084,true
TREND0002520,Indonesia,CAT002,Home & Living,2026-06-29,75.70,81.87,86.52,490306.10,0.020782,true
TREND0002521,Indonesia,CAT003,Beauty & Personal Care,2026-05-01,86.90,80.90,55.45,864000.00,0.000000,true
TREND0002522,Indonesia,CAT003,Beauty & Personal Care,2026-05-02,86.88,80.95,55.70,863136.00,-0.000202,true
TREND0002523,Indonesia,CAT003,Beauty & Personal Care,2026-05-03,82.07,76.21,53.55,862272.00,-0.055348,true
TREND0002524,Indonesia,CAT003,Beauty & Personal Care,2026-05-04,82.74,76.95,54.13,861408.00,0.008131,true
TREND0002525,Indonesia,CAT003,Beauty & Personal Care,2026-05-05,83.07,77.35,54.55,860544.00,0.003971,true
TREND0002526,Indonesia,CAT003,Beauty & Personal Care,2026-05-06,81.54,75.89,54.04,859680.00,-0.018409,true
TREND0002527,Indonesia,CAT003,Beauty & Personal Care,2026-05-07,79.30,73.72,53.18,858816.00,-0.027511,true
TREND0002528,Indonesia,CAT003,Beauty & Personal Care,2026-05-08,79.39,73.88,53.48,857952.00,0.001232,true
TREND0002529,Indonesia,CAT003,Beauty & Personal Care,2026-05-09,79.43,73.99,53.75,857088.00,0.000453,true
TREND0002530,Indonesia,CAT003,Beauty & Personal Care,2026-05-10,80.14,74.77,54.37,856224.00,0.008980,true
TREND0002531,Indonesia,CAT003,Beauty & Personal Care,2026-05-11,79.26,73.96,54.18,855360.00,-0.011059,true
TREND0002532,Indonesia,CAT003,Beauty & Personal Care,2026-05-12,77.29,72.06,53.45,854496.00,-0.024758,true
TREND0002533,Indonesia,CAT003,Beauty & Personal Care,2026-05-13,75.93,70.77,53.03,853632.00,-0.017598,true
TREND0002534,Indonesia,CAT003,Beauty & Personal Care,2026-05-14,74.82,69.73,52.73,852768.00,-0.014623,true
TREND0002535,Indonesia,CAT003,Beauty & Personal Care,2026-05-15,74.95,69.93,53.04,851904.00,0.001685,true
TREND0002536,Indonesia,CAT003,Beauty & Personal Care,2026-05-16,73.07,68.12,52.36,851040.00,-0.025084,true
TREND0002537,Indonesia,CAT003,Beauty & Personal Care,2026-05-17,76.02,71.14,54.09,850176.00,0.040347,true
TREND0002538,Indonesia,CAT003,Beauty & Personal Care,2026-05-18,75.03,70.22,53.85,849312.00,-0.013033,true
TREND0002539,Indonesia,CAT003,Beauty & Personal Care,2026-05-19,71.74,67.00,52.46,848448.00,-0.043839,true
TREND0002540,Indonesia,CAT003,Beauty & Personal Care,2026-05-20,73.87,69.20,53.78,847584.00,0.029764,true
TREND0002541,Indonesia,CAT003,Beauty & Personal Care,2026-05-21,68.71,64.11,51.45,846720.00,-0.069913,true
TREND0002542,Indonesia,CAT003,Beauty & Personal Care,2026-05-22,69.10,64.57,51.90,845856.00,0.005705,true
TREND0002543,Indonesia,CAT003,Beauty & Personal Care,2026-05-23,70.13,65.67,52.67,844992.00,0.014836,true
TREND0002544,Indonesia,CAT003,Beauty & Personal Care,2026-05-24,66.30,61.91,51.02,844128.00,-0.054517,true
TREND0002545,Indonesia,CAT003,Beauty & Personal Care,2026-05-25,68.25,63.93,52.25,843264.00,0.029418,true
TREND0002546,Indonesia,CAT003,Beauty & Personal Care,2026-05-26,64.98,60.73,50.87,842400.00,-0.047935,true
TREND0002547,Indonesia,CAT003,Beauty & Personal Care,2026-05-27,64.67,60.49,50.97,841536.00,-0.004748,true
TREND0002548,Indonesia,CAT003,Beauty & Personal Care,2026-05-28,65.76,61.65,51.77,840672.00,0.016852,true
TREND0002549,Indonesia,CAT003,Beauty & Personal Care,2026-05-29,67.17,63.13,52.72,839808.00,0.021404,true
TREND0002550,Indonesia,CAT003,Beauty & Personal Care,2026-05-30,65.23,61.26,52.01,838944.00,-0.028936,true
TREND0002551,Indonesia,CAT003,Beauty & Personal Care,2026-05-31,62.15,58.25,50.72,838080.00,-0.047185,true
TREND0002552,Indonesia,CAT003,Beauty & Personal Care,2026-06-01,64.71,60.88,52.26,837216.00,0.041232,true
TREND0002553,Indonesia,CAT003,Beauty & Personal Care,2026-06-02,63.18,59.42,51.75,836352.00,-0.023660,true
TREND0002554,Indonesia,CAT003,Beauty & Personal Care,2026-06-03,60.81,57.12,50.82,835488.00,-0.037450,true
TREND0002555,Indonesia,CAT003,Beauty & Personal Care,2026-06-04,59.78,56.16,50.56,834624.00,-0.016984,true
TREND0002556,Indonesia,CAT003,Beauty & Personal Care,2026-06-05,61.78,58.23,51.81,833760.00,0.033408,true
TREND0002557,Indonesia,CAT003,Beauty & Personal Care,2026-06-06,56.57,53.09,49.46,832896.00,-0.084307,true
TREND0002558,Indonesia,CAT003,Beauty & Personal Care,2026-06-07,58.62,55.21,50.74,832032.00,0.036202,true
TREND0002559,Indonesia,CAT003,Beauty & Personal Care,2026-06-08,56.60,53.26,49.99,831168.00,-0.034450,true
TREND0002560,Indonesia,CAT003,Beauty & Personal Care,2026-06-09,54.91,51.64,49.40,830304.00,-0.029789,true
TREND0002561,Indonesia,CAT003,Beauty & Personal Care,2026-06-10,57.06,53.86,50.73,829440.00,0.039113,true
TREND0002562,Indonesia,CAT003,Beauty & Personal Care,2026-06-11,53.86,50.73,49.39,828576.00,-0.056057,true
TREND0002563,Indonesia,CAT003,Beauty & Personal Care,2026-06-12,53.20,50.14,49.31,827712.00,-0.012267,true
TREND0002564,Indonesia,CAT003,Beauty & Personal Care,2026-06-13,55.25,52.26,50.59,826848.00,0.038578,true
TREND0002565,Indonesia,CAT003,Beauty & Personal Care,2026-06-14,50.51,47.59,48.47,825984.00,-0.085875,true
TREND0002566,Indonesia,CAT003,Beauty & Personal Care,2026-06-15,51.77,48.92,49.36,825120.00,0.024958,true
TREND0002567,Indonesia,CAT003,Beauty & Personal Care,2026-06-16,52.74,49.96,50.10,824256.00,0.018816,true
TREND0002568,Indonesia,CAT003,Beauty & Personal Care,2026-06-17,52.18,49.47,50.08,823392.00,-0.010668,true
TREND0002569,Indonesia,CAT003,Beauty & Personal Care,2026-06-18,52.37,49.73,50.42,822528.00,0.003541,true
TREND0002570,Indonesia,CAT003,Beauty & Personal Care,2026-06-19,51.35,48.78,50.17,821664.00,-0.019359,true
TREND0002571,Indonesia,CAT003,Beauty & Personal Care,2026-06-20,50.23,47.73,49.86,820800.00,-0.021848,true
TREND0002572,Indonesia,CAT003,Beauty & Personal Care,2026-06-21,46.82,44.39,48.41,819936.00,-0.067966,true
TREND0002573,Indonesia,CAT003,Beauty & Personal Care,2026-06-22,46.04,43.68,48.28,819072.00,-0.016492,true
TREND0002574,Indonesia,CAT003,Beauty & Personal Care,2026-06-23,45.09,42.80,48.06,818208.00,-0.020701,true
TREND0002575,Indonesia,CAT003,Beauty & Personal Care,2026-06-24,43.62,41.40,47.58,817344.00,-0.032694,true
TREND0002576,Indonesia,CAT003,Beauty & Personal Care,2026-06-25,44.93,42.78,48.49,816480.00,0.030032,true
TREND0002577,Indonesia,CAT003,Beauty & Personal Care,2026-06-26,46.10,44.02,49.33,815616.00,0.026030,true
TREND0002578,Indonesia,CAT003,Beauty & Personal Care,2026-06-27,42.15,40.14,47.61,814752.00,-0.085539,true
TREND0002579,Indonesia,CAT003,Beauty & Personal Care,2026-06-28,44.26,42.32,48.92,813888.00,0.049934,true
TREND0002580,Indonesia,CAT003,Beauty & Personal Care,2026-06-29,41.41,39.54,47.75,813024.00,-0.064316,true
TREND0002581,Indonesia,CAT004,Fashion Accessories,2026-05-01,56.84,46.10,48.00,483000.00,0.000000,true
TREND0002582,Indonesia,CAT004,Fashion Accessories,2026-05-02,60.10,48.73,48.89,485107.63,0.057410,true
TREND0002583,Indonesia,CAT004,Fashion Accessories,2026-05-03,65.60,54.00,49.76,487182.36,0.091430,true
TREND0002584,Indonesia,CAT004,Fashion Accessories,2026-05-04,71.56,60.16,50.62,489191.84,0.090942,true
TREND0002585,Indonesia,CAT004,Fashion Accessories,2026-05-05,75.35,64.57,51.44,491104.69,0.053009,true
TREND0002586,Indonesia,CAT004,Fashion Accessories,2026-05-06,77.35,67.56,52.22,492891.07,0.026515,true
TREND0002587,Indonesia,CAT004,Fashion Accessories,2026-05-07,78.76,70.30,52.95,494523.10,0.018247,true
TREND0002588,Indonesia,CAT004,Fashion Accessories,2026-05-08,77.65,70.78,53.61,495975.32,-0.014131,true
TREND0002589,Indonesia,CAT004,Fashion Accessories,2026-05-09,78.67,73.59,54.21,497225.07,0.013154,true
TREND0002590,Indonesia,CAT004,Fashion Accessories,2026-05-10,75.11,71.92,54.73,498252.83,-0.045284,true
TREND0002591,Indonesia,CAT004,Fashion Accessories,2026-05-11,73.38,72.09,55.17,499042.58,-0.022987,true
TREND0002592,Indonesia,CAT004,Fashion Accessories,2026-05-12,68.73,69.26,55.52,499582.00,-0.063393,true
TREND0002593,Indonesia,CAT004,Fashion Accessories,2026-05-13,68.43,70.60,55.78,499862.65,-0.004375,true
TREND0002594,Indonesia,CAT004,Fashion Accessories,2026-05-14,63.41,66.97,55.94,499880.17,-0.073329,true
TREND0002595,Indonesia,CAT004,Fashion Accessories,2026-05-15,58.78,63.40,56.00,499634.28,-0.073127,true
TREND0002596,Indonesia,CAT004,Fashion Accessories,2026-05-16,51.90,57.22,55.96,499128.82,-0.116904,true
TREND0002597,Indonesia,CAT004,Fashion Accessories,2026-05-17,49.93,55.53,55.83,498371.67,-0.037988,true
TREND0002598,Indonesia,CAT004,Fashion Accessories,2026-05-18,45.92,51.38,55.60,497374.66,-0.080265,true
TREND0002599,Indonesia,CAT004,Fashion Accessories,2026-05-19,42.93,47.83,55.27,496153.33,-0.065122,true
TREND0002600,Indonesia,CAT004,Fashion Accessories,2026-05-20,38.85,42.80,54.86,494726.75,-0.095153,true
TREND0002601,Indonesia,CAT004,Fashion Accessories,2026-05-21,41.17,43.84,54.36,493117.17,0.059829,true
TREND0002602,Indonesia,CAT004,Fashion Accessories,2026-05-22,39.65,40.75,53.78,491349.72,-0.036979,true
TREND0002603,Indonesia,CAT004,Fashion Accessories,2026-05-23,38.83,38.16,53.14,489451.98,-0.020609,true
TREND0002604,Indonesia,CAT004,Fashion Accessories,2026-05-24,39.62,37.07,52.42,487453.55,0.020177,true
TREND0002605,Indonesia,CAT004,Fashion Accessories,2026-05-25,41.65,37.19,51.66,485385.63,0.051210,true
TREND0002606,Indonesia,CAT004,Fashion Accessories,2026-05-26,43.55,37.26,50.85,483280.49,0.045710,true
TREND0002607,Indonesia,CAT004,Fashion Accessories,2026-05-27,49.63,41.67,50.00,481170.96,0.139648,true
TREND0002608,Indonesia,CAT004,Fashion Accessories,2026-05-28,53.63,44.25,49.13,479089.98,0.080558,true
TREND0002609,Indonesia,CAT004,Fashion Accessories,2026-05-29,58.97,48.47,48.24,477070.01,0.099499,true
TREND0002610,Indonesia,CAT004,Fashion Accessories,2026-05-30,63.15,51.91,47.36,475142.58,0.070931,true
TREND0002611,Indonesia,CAT004,Fashion Accessories,2026-05-31,63.67,52.09,46.48,473337.76,0.008232,true
TREND0002612,Indonesia,CAT004,Fashion Accessories,2026-06-01,69.43,57.94,45.61,471683.71,0.090571,true
TREND0002613,Indonesia,CAT004,Fashion Accessories,2026-06-02,71.00,60.00,44.78,470206.25,0.022495,true
TREND0002614,Indonesia,CAT004,Fashion Accessories,2026-06-03,72.96,62.86,43.99,468928.44,0.027686,true
TREND0002615,Indonesia,CAT004,Fashion Accessories,2026-06-04,74.66,65.80,43.25,467870.20,0.023319,true
TREND0002616,Indonesia,CAT004,Fashion Accessories,2026-06-05,77.23,69.90,42.56,467048.07,0.034394,true
TREND0002617,Indonesia,CAT004,Fashion Accessories,2026-06-06,77.46,71.88,41.95,466474.85,0.002964,true
TREND0002618,Indonesia,CAT004,Fashion Accessories,2026-06-07,77.62,73.91,41.40,466159.51,0.002091,true
TREND0002619,Indonesia,CAT004,Fashion Accessories,2026-06-08,76.82,75.01,40.94,466106.96,-0.010368,true
TREND0002620,Indonesia,CAT004,Fashion Accessories,2026-06-09,72.59,72.63,40.57,466318.01,-0.054995,true
TREND0002621,Indonesia,CAT004,Fashion Accessories,2026-06-10,66.14,67.88,40.29,466789.39,-0.088943,true
TREND0002622,Indonesia,CAT004,Fashion Accessories,2026-06-11,63.36,66.56,40.10,467513.72,-0.041998,true
TREND0002623,Indonesia,CAT004,Fashion Accessories,2026-06-12,59.76,64.12,40.01,468479.71,-0.056862,true
TREND0002624,Indonesia,CAT004,Fashion Accessories,2026-06-13,53.40,58.56,40.02,469672.29,-0.106321,true
TREND0002625,Indonesia,CAT004,Fashion Accessories,2026-06-14,53.06,58.62,40.12,471072.84,-0.006443,true
TREND0002626,Indonesia,CAT004,Fashion Accessories,2026-06-15,45.07,50.61,40.33,472659.51,-0.150518,true
TREND0002627,Indonesia,CAT004,Fashion Accessories,2026-06-16,41.83,46.91,40.63,474407.54,-0.072033,true
TREND0002628,Indonesia,CAT004,Fashion Accessories,2026-06-17,40.86,45.11,41.02,476289.66,-0.023036,true
TREND0002629,Indonesia,CAT004,Fashion Accessories,2026-06-18,39.90,42.95,41.49,478276.48,-0.023555,true
TREND0002630,Indonesia,CAT004,Fashion Accessories,2026-06-19,39.39,40.94,42.05,480337.02,-0.012831,true
TREND0002631,Indonesia,CAT004,Fashion Accessories,2026-06-20,39.43,39.26,42.68,482439.11,0.000979,true
TREND0002632,Indonesia,CAT004,Fashion Accessories,2026-06-21,40.16,38.14,43.37,484549.95,0.018735,true
TREND0002633,Indonesia,CAT004,Fashion Accessories,2026-06-22,38.60,34.66,44.13,486636.60,-0.039018,true
TREND0002634,Indonesia,CAT004,Fashion Accessories,2026-06-23,45.57,39.78,44.93,488666.51,0.180677,true
TREND0002635,Indonesia,CAT004,Fashion Accessories,2026-06-24,45.02,37.51,45.76,490608.00,-0.011989,true
TREND0002636,Indonesia,CAT004,Fashion Accessories,2026-06-25,53.00,43.98,46.63,492430.76,0.177234,true
TREND0002637,Indonesia,CAT004,Fashion Accessories,2026-06-26,53.79,43.56,47.51,494106.36,0.014807,true
TREND0002638,Indonesia,CAT004,Fashion Accessories,2026-06-27,62.03,50.95,48.40,495608.65,0.153144,true
TREND0002639,Indonesia,CAT004,Fashion Accessories,2026-06-28,65.04,53.51,49.28,496914.18,0.048614,true
TREND0002640,Indonesia,CAT004,Fashion Accessories,2026-06-29,68.00,56.44,50.15,498002.59,0.045520,true
TREND0002641,Indonesia,CAT005,Sports & Outdoors,2026-05-01,69.49,73.49,61.74,443000.00,0.000000,true
TREND0002642,Indonesia,CAT005,Sports & Outdoors,2026-05-02,65.96,69.66,60.28,444772.00,-0.050768,true
TREND0002643,Indonesia,CAT005,Sports & Outdoors,2026-05-03,68.57,71.97,61.87,446544.00,0.039497,true
TREND0002644,Indonesia,CAT005,Sports & Outdoors,2026-05-04,67.67,70.77,61.72,448316.00,-0.013024,true
TREND0002645,Indonesia,CAT005,Sports & Outdoors,2026-05-05,66.93,69.73,61.65,450088.00,-0.010920,true
TREND0002646,Indonesia,CAT005,Sports & Outdoors,2026-05-06,68.75,71.25,62.85,451860.00,0.027090,true
TREND0002647,Indonesia,CAT005,Sports & Outdoors,2026-05-07,67.43,69.63,62.49,453632.00,-0.019096,true
TREND0002648,Indonesia,CAT005,Sports & Outdoors,2026-05-08,66.18,68.08,62.16,455404.00,-0.018555,true
TREND0002649,Indonesia,CAT005,Sports & Outdoors,2026-05-09,64.22,65.82,61.47,457176.00,-0.029702,true
TREND0002650,Indonesia,CAT005,Sports & Outdoors,2026-05-10,66.84,68.14,63.07,458948.00,0.040768,true
TREND0002651,Indonesia,CAT005,Sports & Outdoors,2026-05-11,62.57,63.57,61.24,460720.00,-0.063802,true
TREND0002652,Indonesia,CAT005,Sports & Outdoors,2026-05-12,63.68,64.38,62.09,462492.00,0.017771,true
TREND0002653,Indonesia,CAT005,Sports & Outdoors,2026-05-13,61.30,61.70,61.19,464264.00,-0.037385,true
TREND0002654,Indonesia,CAT005,Sports & Outdoors,2026-05-14,64.38,64.48,63.02,466036.00,0.050196,true
TREND0002655,Indonesia,CAT005,Sports & Outdoors,2026-05-15,60.74,60.54,61.50,467808.00,-0.056586,true
TREND0002656,Indonesia,CAT005,Sports & Outdoors,2026-05-16,62.11,61.61,62.48,469580.00,0.022560,true
TREND0002657,Indonesia,CAT005,Sports & Outdoors,2026-05-17,60.82,60.02,62.13,471352.00,-0.020685,true
TREND0002658,Indonesia,CAT005,Sports & Outdoors,2026-05-18,64.32,63.22,64.17,473124.00,0.057499,true
TREND0002659,Indonesia,CAT005,Sports & Outdoors,2026-05-19,61.39,59.99,63.00,474896.00,-0.045596,true
TREND0002660,Indonesia,CAT005,Sports & Outdoors,2026-05-20,63.08,61.38,64.15,476668.00,0.027598,true
TREND0002661,Indonesia,CAT005,Sports & Outdoors,2026-05-21,58.97,56.97,62.39,478440.00,-0.065122,true
TREND0002662,Indonesia,CAT005,Sports & Outdoors,2026-05-22,59.48,57.18,62.93,480212.00,0.008561,true
TREND0002663,Indonesia,CAT005,Sports & Outdoors,2026-05-23,59.30,56.70,63.14,481984.00,-0.002907,true
TREND0002664,Indonesia,CAT005,Sports & Outdoors,2026-05-24,59.83,56.93,63.70,483756.00,0.008819,true
TREND0002665,Indonesia,CAT005,Sports & Outdoors,2026-05-25,58.57,55.37,63.37,485528.00,-0.020953,true
TREND0002666,Indonesia,CAT005,Sports & Outdoors,2026-05-26,57.26,53.76,63.00,487300.00,-0.022445,true
TREND0002667,Indonesia,CAT005,Sports & Outdoors,2026-05-27,56.82,53.02,63.08,489072.00,-0.007595,true
TREND0002668,Indonesia,CAT005,Sports & Outdoors,2026-05-28,57.23,53.13,63.58,490844.00,0.007101,true
TREND0002669,Indonesia,CAT005,Sports & Outdoors,2026-05-29,58.50,54.10,64.51,492616.00,0.022186,true
TREND0002670,Indonesia,CAT005,Sports & Outdoors,2026-05-30,55.99,51.29,63.55,494388.00,-0.042902,true
TREND0002671,Indonesia,CAT005,Sports & Outdoors,2026-05-31,55.72,50.72,63.71,496160.00,-0.004743,true
TREND0002672,Indonesia,CAT005,Sports & Outdoors,2026-06-01,59.58,54.28,65.94,497932.00,0.069280,true
TREND0002673,Indonesia,CAT005,Sports & Outdoors,2026-06-02,58.19,52.59,65.54,499704.00,-0.023300,true
TREND0002674,Indonesia,CAT005,Sports & Outdoors,2026-06-03,58.55,52.65,66.01,501476.00,0.006106,true
TREND0002675,Indonesia,CAT005,Sports & Outdoors,2026-06-04,54.40,48.20,64.23,503248.00,-0.070907,true
TREND0002676,Indonesia,CAT005,Sports & Outdoors,2026-06-05,55.63,49.13,65.14,505020.00,0.022719,true
TREND0002677,Indonesia,CAT005,Sports & Outdoors,2026-06-06,57.55,50.75,66.40,506792.00,0.034479,true
TREND0002678,Indonesia,CAT005,Sports & Outdoors,2026-06-07,54.69,47.59,65.26,508564.00,-0.049688,true
TREND0002679,Indonesia,CAT005,Sports & Outdoors,2026-06-08,56.63,49.23,66.52,510336.00,0.035362,true
TREND0002680,Indonesia,CAT005,Sports & Outdoors,2026-06-09,52.18,44.48,64.59,512108.00,-0.078609,true
TREND0002681,Indonesia,CAT005,Sports & Outdoors,2026-06-10,52.73,44.73,65.16,513880.00,0.010553,true
TREND0002682,Indonesia,CAT005,Sports & Outdoors,2026-06-11,53.16,44.86,65.68,515652.00,0.008242,true
TREND0002683,Indonesia,CAT005,Sports & Outdoors,2026-06-12,50.88,42.28,64.83,517424.00,-0.042929,true
TREND0002684,Indonesia,CAT005,Sports & Outdoors,2026-06-13,54.18,45.28,66.78,519196.00,0.064956,true
TREND0002685,Indonesia,CAT005,Sports & Outdoors,2026-06-14,51.59,42.39,65.78,520968.00,-0.047861,true
TREND0002686,Indonesia,CAT005,Sports & Outdoors,2026-06-15,51.03,41.53,65.79,522740.00,-0.010794,true
TREND0002687,Indonesia,CAT005,Sports & Outdoors,2026-06-16,53.64,43.84,67.39,524512.00,0.050994,true
TREND0002688,Indonesia,CAT005,Sports & Outdoors,2026-06-17,49.15,39.05,65.44,526284.00,-0.083587,true
TREND0002689,Indonesia,CAT005,Sports & Outdoors,2026-06-18,48.93,38.53,65.63,528056.00,-0.004499,true
TREND0002690,Indonesia,CAT005,Sports & Outdoors,2026-06-19,50.18,39.48,66.54,529828.00,0.025516,true
TREND0002691,Indonesia,CAT005,Sports & Outdoors,2026-06-20,50.72,39.72,67.11,531600.00,0.010755,true
TREND0002692,Indonesia,CAT005,Sports & Outdoors,2026-06-21,50.10,38.80,67.10,533372.00,-0.012149,true
TREND0002693,Indonesia,CAT005,Sports & Outdoors,2026-06-22,48.84,37.24,66.76,535144.00,-0.025233,true
TREND0002694,Indonesia,CAT005,Sports & Outdoors,2026-06-23,47.98,36.08,66.63,536916.00,-0.017508,true
TREND0002695,Indonesia,CAT005,Sports & Outdoors,2026-06-24,49.42,37.22,67.64,538688.00,0.029894,true
TREND0002696,Indonesia,CAT005,Sports & Outdoors,2026-06-25,46.89,34.39,66.67,540460.00,-0.051174,true
TREND0002697,Indonesia,CAT005,Sports & Outdoors,2026-06-26,50.23,37.43,68.64,542232.00,0.071271,true
TREND0002698,Indonesia,CAT005,Sports & Outdoors,2026-06-27,47.91,34.81,67.77,544004.00,-0.046206,true
TREND0002699,Indonesia,CAT005,Sports & Outdoors,2026-06-28,45.98,32.58,67.10,545776.00,-0.040200,true
TREND0002700,Indonesia,CAT005,Sports & Outdoors,2026-06-29,49.08,35.38,68.95,547548.00,0.067421,true
TREND0002701,Indonesia,CAT006,Pet Supplies,2026-05-01,36.77,30.77,27.38,112000.00,0.000000,true
TREND0002702,Indonesia,CAT006,Pet Supplies,2026-05-02,39.44,33.31,28.38,112089.60,0.072740,true
TREND0002703,Indonesia,CAT006,Pet Supplies,2026-05-03,38.77,32.51,27.69,112179.20,-0.017095,true
TREND0002704,Indonesia,CAT006,Pet Supplies,2026-05-04,40.41,34.02,28.17,112268.80,0.042449,true
TREND0002705,Indonesia,CAT006,Pet Supplies,2026-05-05,43.10,36.58,29.17,112358.40,0.066374,true
TREND0002706,Indonesia,CAT006,Pet Supplies,2026-05-06,43.51,36.86,29.03,112448.00,0.009669,true
TREND0002707,Indonesia,CAT006,Pet Supplies,2026-05-07,44.33,37.55,29.10,112537.60,0.018862,true
TREND0002708,Indonesia,CAT006,Pet Supplies,2026-05-08,43.04,36.13,28.10,112627.20,-0.029194,true
TREND0002709,Indonesia,CAT006,Pet Supplies,2026-05-09,44.13,37.09,28.30,112716.80,0.025314,true
TREND0002710,Indonesia,CAT006,Pet Supplies,2026-05-10,43.27,36.10,27.53,112806.40,-0.019490,true
TREND0002711,Indonesia,CAT006,Pet Supplies,2026-05-11,44.08,36.78,27.59,112896.00,0.018747,true
TREND0002712,Indonesia,CAT006,Pet Supplies,2026-05-12,46.63,39.20,28.52,112985.60,0.057903,true
TREND0002713,Indonesia,CAT006,Pet Supplies,2026-05-13,46.50,38.94,28.11,113075.20,-0.002926,true
TREND0002714,Indonesia,CAT006,Pet Supplies,2026-05-14,47.46,39.77,28.24,113164.80,0.020747,true
TREND0002715,Indonesia,CAT006,Pet Supplies,2026-05-15,49.94,42.12,29.14,113254.40,0.052168,true
TREND0002716,Indonesia,CAT006,Pet Supplies,2026-05-16,51.37,43.42,29.51,113344.00,0.028687,true
TREND0002717,Indonesia,CAT006,Pet Supplies,2026-05-17,50.02,41.94,28.49,113433.60,-0.026242,true
TREND0002718,Indonesia,CAT006,Pet Supplies,2026-05-18,52.27,44.06,29.27,113523.20,0.044997,true
TREND0002719,Indonesia,CAT006,Pet Supplies,2026-05-19,53.09,44.75,29.33,113612.80,0.015622,true
TREND0002720,Indonesia,CAT006,Pet Supplies,2026-05-20,52.28,43.81,28.59,113702.40,-0.015211,true
TREND0002721,Indonesia,CAT006,Pet Supplies,2026-05-21,53.10,44.50,28.65,113792.00,0.015723,true
TREND0002722,Indonesia,CAT006,Pet Supplies,2026-05-22,57.76,49.03,30.63,113881.60,0.087714,true
TREND0002723,Indonesia,CAT006,Pet Supplies,2026-05-23,56.50,47.64,29.66,113971.20,-0.021739,true
TREND0002724,Indonesia,CAT006,Pet Supplies,2026-05-24,57.65,48.66,29.89,114060.80,0.020226,true
TREND0002725,Indonesia,CAT006,Pet Supplies,2026-05-25,56.77,47.65,29.10,114150.40,-0.015298,true
TREND0002726,Indonesia,CAT006,Pet Supplies,2026-05-26,59.66,50.41,30.21,114240.00,0.051010,true
TREND0002727,Indonesia,CAT006,Pet Supplies,2026-05-27,62.47,53.09,31.27,114329.60,0.047153,true
TREND0002728,Indonesia,CAT006,Pet Supplies,2026-05-28,60.04,50.53,29.70,114419.20,-0.038973,true
TREND0002729,Indonesia,CAT006,Pet Supplies,2026-05-29,59.89,50.25,29.28,114508.80,-0.002525,true
TREND0002730,Indonesia,CAT006,Pet Supplies,2026-05-30,63.99,54.22,30.99,114598.40,0.068487,true
TREND0002731,Indonesia,CAT006,Pet Supplies,2026-05-31,61.55,51.65,29.43,114688.00,-0.038072,true
TREND0002732,Indonesia,CAT006,Pet Supplies,2026-06-01,62.56,52.53,29.58,114777.60,0.016328,true
TREND0002733,Indonesia,CAT006,Pet Supplies,2026-06-02,67.15,56.99,31.53,114867.20,0.073385,true
TREND0002734,Indonesia,CAT006,Pet Supplies,2026-06-03,64.48,54.19,29.85,114956.80,-0.039808,true
TREND0002735,Indonesia,CAT006,Pet Supplies,2026-06-04,68.22,57.80,31.38,115046.40,0.058017,true
TREND0002736,Indonesia,CAT006,Pet Supplies,2026-06-05,68.77,58.22,31.31,115136.00,0.008059,true
TREND0002737,Indonesia,CAT006,Pet Supplies,2026-06-06,69.91,59.23,31.54,115225.60,0.016645,true
TREND0002738,Indonesia,CAT006,Pet Supplies,2026-06-07,67.33,56.52,29.90,115315.20,-0.036973,true
TREND0002739,Indonesia,CAT006,Pet Supplies,2026-06-08,69.90,58.96,30.84,115404.80,0.038177,true
TREND0002740,Indonesia,CAT006,Pet Supplies,2026-06-09,73.40,62.33,32.25,115494.40,0.050171,true
TREND0002741,Indonesia,CAT006,Pet Supplies,2026-06-10,73.07,61.87,31.73,115584.00,-0.004585,true
TREND0002742,Indonesia,CAT006,Pet Supplies,2026-06-11,74.37,63.04,32.04,115673.60,0.017884,true
TREND0002743,Indonesia,CAT006,Pet Supplies,2026-06-12,74.08,62.62,31.55,115763.20,-0.003901,true
TREND0002744,Indonesia,CAT006,Pet Supplies,2026-06-13,74.54,62.95,31.44,115852.80,0.006190,true
TREND0002745,Indonesia,CAT006,Pet Supplies,2026-06-14,77.60,65.88,32.62,115942.40,0.040973,true
TREND0002746,Indonesia,CAT006,Pet Supplies,2026-06-15,73.82,61.97,30.39,116032.00,-0.048614,true
TREND0002747,Indonesia,CAT006,Pet Supplies,2026-06-16,75.12,63.14,30.69,116121.60,0.017571,true
TREND0002748,Indonesia,CAT006,Pet Supplies,2026-06-17,76.47,64.36,31.02,116211.20,0.017916,true
TREND0002749,Indonesia,CAT006,Pet Supplies,2026-06-18,80.41,68.17,32.65,116300.80,0.051624,true
TREND0002750,Indonesia,CAT006,Pet Supplies,2026-06-19,78.01,65.64,31.10,116390.40,-0.029954,true
TREND0002751,Indonesia,CAT006,Pet Supplies,2026-06-20,78.97,66.47,31.23,116480.00,0.012341,true
TREND0002752,Indonesia,CAT006,Pet Supplies,2026-06-21,79.93,67.30,31.37,116569.60,0.012155,true
TREND0002753,Indonesia,CAT006,Pet Supplies,2026-06-22,80.59,67.83,31.36,116659.20,0.008290,true
TREND0002754,Indonesia,CAT006,Pet Supplies,2026-06-23,81.59,68.70,31.51,116748.80,0.012366,true
TREND0002755,Indonesia,CAT006,Pet Supplies,2026-06-24,81.95,68.93,31.34,116838.40,0.004443,true
TREND0002756,Indonesia,CAT006,Pet Supplies,2026-06-25,85.38,72.23,32.71,116928.00,0.041852,true
TREND0002757,Indonesia,CAT006,Pet Supplies,2026-06-26,85.50,72.22,32.43,117017.60,0.001462,true
TREND0002758,Indonesia,CAT006,Pet Supplies,2026-06-27,85.17,71.76,31.92,117107.20,-0.003908,true
TREND0002759,Indonesia,CAT006,Pet Supplies,2026-06-28,86.14,72.60,32.06,117196.80,0.011348,true
TREND0002760,Indonesia,CAT006,Pet Supplies,2026-06-29,88.91,75.24,33.10,117286.40,0.032255,true
TREND0002761,Indonesia,CAT007,Kitchen Appliances,2026-05-01,76.62,80.62,84.00,323000.00,0.000000,true
TREND0002762,Indonesia,CAT007,Kitchen Appliances,2026-05-02,81.44,85.07,84.43,323644.92,0.062837,true
TREND0002763,Indonesia,CAT007,Kitchen Appliances,2026-05-03,81.27,84.57,84.85,324283.40,-0.002054,true
TREND0002764,Indonesia,CAT007,Kitchen Appliances,2026-05-04,79.98,82.99,85.25,324909.06,-0.015916,true
TREND0002765,Indonesia,CAT007,Kitchen Appliances,2026-05-05,80.88,83.67,85.62,325515.64,0.011353,true
TREND0002766,Indonesia,CAT007,Kitchen Appliances,2026-05-06,85.09,87.75,85.97,326097.09,0.052033,true
TREND0002767,Indonesia,CAT007,Kitchen Appliances,2026-05-07,85.70,88.32,86.27,326647.59,0.007173,true
TREND0002768,Indonesia,CAT007,Kitchen Appliances,2026-05-08,84.89,87.57,86.52,327161.65,-0.009521,true
TREND0002769,Indonesia,CAT007,Kitchen Appliances,2026-05-09,84.32,87.18,86.73,327634.12,-0.006679,true
TREND0002770,Indonesia,CAT007,Kitchen Appliances,2026-05-10,85.32,88.47,86.88,328060.29,0.011905,true
TREND0002771,Indonesia,CAT007,Kitchen Appliances,2026-05-11,84.64,88.16,86.97,328435.90,-0.008024,true
TREND0002772,Indonesia,CAT007,Kitchen Appliances,2026-05-12,82.69,86.67,87.00,328757.20,-0.022990,true
TREND0002773,Indonesia,CAT007,Kitchen Appliances,2026-05-13,80.45,84.94,86.97,329020.97,-0.027123,true
TREND0002774,Indonesia,CAT007,Kitchen Appliances,2026-05-14,78.89,83.94,86.88,329224.59,-0.019376,true
TREND0002775,Indonesia,CAT007,Kitchen Appliances,2026-05-15,77.60,83.20,86.73,329366.01,-0.016394,true
TREND0002776,Indonesia,CAT007,Kitchen Appliances,2026-05-16,77.09,83.23,86.52,329443.82,-0.006620,true
TREND0002777,Indonesia,CAT007,Kitchen Appliances,2026-05-17,76.58,83.22,86.27,329457.25,-0.006571,true
TREND0002778,Indonesia,CAT007,Kitchen Appliances,2026-05-18,78.04,85.09,85.96,329406.15,0.019117,true
TREND0002779,Indonesia,CAT007,Kitchen Appliances,2026-05-19,76.51,83.87,85.62,329291.06,-0.019617,true
TREND0002780,Indonesia,CAT007,Kitchen Appliances,2026-05-20,73.87,81.42,85.24,329113.10,-0.034506,true
TREND0002781,Indonesia,CAT007,Kitchen Appliances,2026-05-21,71.70,79.29,84.84,328874.06,-0.029408,true
TREND0002782,Indonesia,CAT007,Kitchen Appliances,2026-05-22,73.07,80.54,84.42,328576.33,0.019054,true
TREND0002783,Indonesia,CAT007,Kitchen Appliances,2026-05-23,73.48,80.69,84.00,328222.89,0.005707,true
TREND0002784,Indonesia,CAT007,Kitchen Appliances,2026-05-24,69.89,76.66,83.57,327817.26,-0.048879,true
TREND0002785,Indonesia,CAT007,Kitchen Appliances,2026-05-25,71.79,77.98,83.15,327363.49,0.027119,true
TREND0002786,Indonesia,CAT007,Kitchen Appliances,2026-05-26,71.85,77.33,82.75,326866.13,0.000893,true
TREND0002787,Indonesia,CAT007,Kitchen Appliances,2026-05-27,70.99,75.65,82.37,326330.14,-0.011909,true
TREND0002788,Indonesia,CAT007,Kitchen Appliances,2026-05-28,71.08,74.83,82.03,325760.87,0.001159,true
TREND0002789,Indonesia,CAT007,Kitchen Appliances,2026-05-29,73.03,75.83,81.73,325164.02,0.027526,true
TREND0002790,Indonesia,CAT007,Kitchen Appliances,2026-05-30,73.46,75.28,81.47,324545.55,0.005829,true
TREND0002791,Indonesia,CAT007,Kitchen Appliances,2026-05-31,78.31,79.20,81.27,323911.64,0.066086,true
TREND0002792,Indonesia,CAT007,Kitchen Appliances,2026-06-01,77.73,77.73,81.12,323268.61,-0.007460,true
TREND0002793,Indonesia,CAT007,Kitchen Appliances,2026-06-02,80.69,79.93,81.03,322622.90,0.038111,true
TREND0002794,Indonesia,CAT007,Kitchen Appliances,2026-06-03,78.30,76.90,81.00,321980.96,-0.029635,true
TREND0002795,Indonesia,CAT007,Kitchen Appliances,2026-06-04,82.69,80.84,81.03,321349.20,0.056097,true
TREND0002796,Indonesia,CAT007,Kitchen Appliances,2026-06-05,83.16,81.05,81.12,320733.94,0.005672,true
TREND0002797,Indonesia,CAT007,Kitchen Appliances,2026-06-06,83.60,81.44,81.27,320141.32,0.005233,true
TREND0002798,Indonesia,CAT007,Kitchen Appliances,2026-06-07,84.34,82.36,81.48,319577.26,0.008842,true
TREND0002799,Indonesia,CAT007,Kitchen Appliances,2026-06-08,82.99,81.43,81.74,319047.40,-0.015979,true
TREND0002800,Indonesia,CAT007,Kitchen Appliances,2026-06-09,84.06,83.14,82.04,318557.03,0.012854,true
TREND0002801,Indonesia,CAT007,Kitchen Appliances,2026-06-10,85.95,85.88,82.38,318111.06,0.022485,true
TREND0002802,Indonesia,CAT007,Kitchen Appliances,2026-06-11,84.52,85.49,82.76,317713.93,-0.016626,true
TREND0002803,Indonesia,CAT007,Kitchen Appliances,2026-06-12,81.51,83.67,83.16,317369.62,-0.035532,true
TREND0002804,Indonesia,CAT007,Kitchen Appliances,2026-06-13,81.53,84.98,83.58,317081.57,0.000157,true
TREND0002805,Indonesia,CAT007,Kitchen Appliances,2026-06-14,83.01,87.84,84.01,316852.65,0.018242,true
TREND0002806,Indonesia,CAT007,Kitchen Appliances,2026-06-15,82.00,88.22,84.43,316685.16,-0.012197,true
TREND0002807,Indonesia,CAT007,Kitchen Appliances,2026-06-16,77.45,85.02,84.85,316580.76,-0.055508,true
TREND0002808,Indonesia,CAT007,Kitchen Appliances,2026-06-17,76.78,85.63,85.25,316540.50,-0.008616,true
TREND0002809,Indonesia,CAT007,Kitchen Appliances,2026-06-18,78.81,88.80,85.63,316564.78,0.026352,true
TREND0002810,Indonesia,CAT007,Kitchen Appliances,2026-06-19,74.13,85.08,85.97,316653.36,-0.059366,true
TREND0002811,Indonesia,CAT007,Kitchen Appliances,2026-06-20,73.84,85.55,86.27,316805.35,-0.003802,true
TREND0002812,Indonesia,CAT007,Kitchen Appliances,2026-06-21,72.40,84.59,86.53,317019.24,-0.019618,true
TREND0002813,Indonesia,CAT007,Kitchen Appliances,2026-06-22,74.49,86.89,86.73,317292.88,0.028903,true
TREND0002814,Indonesia,CAT007,Kitchen Appliances,2026-06-23,72.37,84.69,86.88,317623.55,-0.028496,true
TREND0002815,Indonesia,CAT007,Kitchen Appliances,2026-06-24,72.15,84.10,86.97,318007.94,-0.002917,true
TREND0002816,Indonesia,CAT007,Kitchen Appliances,2026-06-25,71.48,82.76,87.00,318442.21,-0.009292,true
TREND0002817,Indonesia,CAT007,Kitchen Appliances,2026-06-26,73.84,84.17,86.97,318922.02,0.032985,true
TREND0002818,Indonesia,CAT007,Kitchen Appliances,2026-06-27,73.30,82.44,86.88,319442.57,-0.007287,true
TREND0002819,Indonesia,CAT007,Kitchen Appliances,2026-06-28,74.62,82.36,86.72,319998.67,0.017935,true
TREND0002820,Indonesia,CAT007,Kitchen Appliances,2026-06-29,74.04,80.22,86.52,320584.76,-0.007727,true
TREND0002821,Indonesia,CAT008,Baby Products,2026-05-01,88.20,82.20,56.10,682000.00,0.000000,true
TREND0002822,Indonesia,CAT008,Baby Products,2026-05-02,87.45,81.52,55.98,681318.00,-0.008525,true
TREND0002823,Indonesia,CAT008,Baby Products,2026-05-03,82.56,76.70,53.79,680636.00,-0.055875,true
TREND0002824,Indonesia,CAT008,Baby Products,2026-05-04,83.85,78.06,54.69,679954.00,0.015550,true
TREND0002825,Indonesia,CAT008,Baby Products,2026-05-05,84.37,78.65,55.20,679272.00,0.006183,true
TREND0002826,Indonesia,CAT008,Baby Products,2026-05-06,80.96,75.31,53.75,678590.00,-0.040381,true
TREND0002827,Indonesia,CAT008,Baby Products,2026-05-07,79.14,73.56,53.10,677908.00,-0.022509,true
TREND0002828,Indonesia,CAT008,Baby Products,2026-05-08,82.55,77.04,55.06,677226.00,0.043084,true
TREND0002829,Indonesia,CAT008,Baby Products,2026-05-09,79.26,73.82,53.67,676544.00,-0.039869,true
TREND0002830,Indonesia,CAT008,Baby Products,2026-05-10,78.81,73.44,53.70,675862.00,-0.005592,true
TREND0002831,Indonesia,CAT008,Baby Products,2026-05-11,80.56,75.26,54.83,675180.00,0.022203,true
TREND0002832,Indonesia,CAT008,Baby Products,2026-05-12,78.73,73.50,54.17,674498.00,-0.022698,true
TREND0002833,Indonesia,CAT008,Baby Products,2026-05-13,76.37,71.21,53.25,673816.00,-0.030003,true
TREND0002834,Indonesia,CAT008,Baby Products,2026-05-14,78.44,73.35,54.54,673134.00,0.027108,true
TREND0002835,Indonesia,CAT008,Baby Products,2026-05-15,77.57,72.55,54.35,672452.00,-0.011140,true
TREND0002836,Indonesia,CAT008,Baby Products,2026-05-16,73.42,68.47,52.53,671770.00,-0.053529,true
TREND0002837,Indonesia,CAT008,Baby Products,2026-05-17,74.40,69.52,53.28,671088.00,0.013378,true
TREND0002838,Indonesia,CAT008,Baby Products,2026-05-18,72.08,67.27,52.38,670406.00,-0.031114,true
TREND0002839,Indonesia,CAT008,Baby Products,2026-05-19,72.64,67.90,52.91,669724.00,0.007669,true
TREND0002840,Indonesia,CAT008,Baby Products,2026-05-20,71.57,66.90,52.63,669042.00,-0.014677,true
TREND0002841,Indonesia,CAT008,Baby Products,2026-05-21,72.59,67.99,53.40,668360.00,0.014320,true
TREND0002842,Indonesia,CAT008,Baby Products,2026-05-22,68.23,63.70,51.47,667678.00,-0.060106,true
TREND0002843,Indonesia,CAT008,Baby Products,2026-05-23,71.45,66.99,53.33,666996.00,0.047170,true
TREND0002844,Indonesia,CAT008,Baby Products,2026-05-24,70.60,66.21,53.17,666314.00,-0.011849,true
TREND0002845,Indonesia,CAT008,Baby Products,2026-05-25,67.78,63.46,52.01,665632.00,-0.039998,true
TREND0002846,Indonesia,CAT008,Baby Products,2026-05-26,65.47,61.22,51.11,664950.00,-0.034133,true
TREND0002847,Indonesia,CAT008,Baby Products,2026-05-27,66.52,62.34,51.89,664268.00,0.016073,true
TREND0002848,Indonesia,CAT008,Baby Products,2026-05-28,65.09,60.98,51.43,663586.00,-0.021511,true
TREND0002849,Indonesia,CAT008,Baby Products,2026-05-29,63.59,59.55,50.93,662904.00,-0.023069,true
TREND0002850,Indonesia,CAT008,Baby Products,2026-05-30,65.41,61.44,52.10,662222.00,0.028718,true
TREND0002851,Indonesia,CAT008,Baby Products,2026-05-31,61.48,57.58,50.39,661540.00,-0.060102,true
TREND0002852,Indonesia,CAT008,Baby Products,2026-06-01,62.68,58.85,51.25,660858.00,0.019593,true
TREND0002853,Indonesia,CAT008,Baby Products,2026-06-02,61.62,57.86,50.97,660176.00,-0.016921,true
TREND0002854,Indonesia,CAT008,Baby Products,2026-06-03,62.76,59.07,51.79,659494.00,0.018405,true
TREND0002855,Indonesia,CAT008,Baby Products,2026-06-04,59.42,55.80,50.38,658812.00,-0.053170,true
TREND0002856,Indonesia,CAT008,Baby Products,2026-06-05,58.43,54.88,50.14,658130.00,-0.016603,true
TREND0002857,Indonesia,CAT008,Baby Products,2026-06-06,57.32,53.84,49.84,657448.00,-0.019027,true
TREND0002858,Indonesia,CAT008,Baby Products,2026-06-07,56.28,52.87,49.58,656766.00,-0.018138,true
TREND0002859,Indonesia,CAT008,Baby Products,2026-06-08,56.67,53.33,50.02,656084.00,0.006864,true
TREND0002860,Indonesia,CAT008,Baby Products,2026-06-09,55.66,52.39,49.77,655402.00,-0.017898,true
TREND0002861,Indonesia,CAT008,Baby Products,2026-06-10,58.20,55.00,51.30,654720.00,0.045655,true
TREND0002862,Indonesia,CAT008,Baby Products,2026-06-11,56.37,53.24,50.64,654038.00,-0.031414,true
TREND0002863,Indonesia,CAT008,Baby Products,2026-06-12,56.75,53.69,51.08,653356.00,0.006700,true
TREND0002864,Indonesia,CAT008,Baby Products,2026-06-13,51.44,48.45,48.68,652674.00,-0.093501,true
TREND0002865,Indonesia,CAT008,Baby Products,2026-06-14,52.74,49.82,49.59,651992.00,0.025251,true
TREND0002866,Indonesia,CAT008,Baby Products,2026-06-15,53.54,50.69,50.24,651310.00,0.015155,true
TREND0002867,Indonesia,CAT008,Baby Products,2026-06-16,53.57,50.79,50.51,650628.00,0.000511,true
TREND0002868,Indonesia,CAT008,Baby Products,2026-06-17,53.22,50.51,50.59,649946.00,-0.006499,true
TREND0002869,Indonesia,CAT008,Baby Products,2026-06-18,49.16,46.52,48.82,649264.00,-0.076202,true
TREND0002870,Indonesia,CAT008,Baby Products,2026-06-19,50.77,48.20,49.88,648582.00,0.032609,true
TREND0002871,Indonesia,CAT008,Baby Products,2026-06-20,46.02,43.52,47.76,647900.00,-0.093416,true
TREND0002872,Indonesia,CAT008,Baby Products,2026-06-21,45.49,43.06,47.75,647218.00,-0.011601,true
TREND0002873,Indonesia,CAT008,Baby Products,2026-06-22,47.15,44.79,48.83,646536.00,0.036424,true
TREND0002874,Indonesia,CAT008,Baby Products,2026-06-23,47.56,45.27,49.30,645854.00,0.008833,true
TREND0002875,Indonesia,CAT008,Baby Products,2026-06-24,44.80,42.58,48.17,645172.00,-0.058117,true
TREND0002876,Indonesia,CAT008,Baby Products,2026-06-25,46.95,44.80,49.50,644490.00,0.047978,true
TREND0002877,Indonesia,CAT008,Baby Products,2026-06-26,42.03,39.95,47.29,643808.00,-0.104756,true
TREND0002878,Indonesia,CAT008,Baby Products,2026-06-27,41.26,39.25,47.17,643126.00,-0.018287,true
TREND0002879,Indonesia,CAT008,Baby Products,2026-06-28,42.76,40.82,48.17,642444.00,0.036416,true
TREND0002880,Indonesia,CAT008,Baby Products,2026-06-29,43.31,41.44,48.70,641762.00,0.012854,true
