track_id,tracking_number,status,location,description,event_time,is_mock_data
TRACK0000001,TRK000000001,pending_pickup,Shenzhen Demo Warehouse,Shipment information received,2026-06-07T15:48:00+08:00,true
TRACK0000002,TRK000000001,picked_up,Shenzhen Sorting Center,Parcel picked up by carrier,2026-06-08T11:48:00+08:00,true
TRACK0000003,TRK000000001,in_transit,Regional Transit Hub,Parcel is moving to destination,2026-06-09T08:48:00+08:00,true
TRACK0000004,TRK000000001,delivered,Singapore,Parcel delivered to the simulated buyer,2026-06-09T15:48:00+08:00,true
TRACK0000005,TRK000000002,pending_pickup,Shenzhen Demo Warehouse,Shipment information received,2026-05-28T13:17:00+08:00,true
TRACK0000006,TRK000000002,picked_up,Shenzhen Sorting Center,Parcel picked up by carrier,2026-05-29T09:17:00+08:00,true
TRACK0000007,TRK000000002,in_transit,Regional Transit Hub,Parcel is moving to destination,2026-05-30T01:17:00+08:00,true
TRACK0000008,TRK000000002,out_for_delivery,Ho Chi Minh City Delivery Hub,Courier is delivering the parcel,2026-05-30T13:17:00+08:00,true
TRACK0000009,TRK000000002,delivered,Ho Chi Minh City,Parcel delivered to the simulated buyer,2026-05-30T20:17:00+08:00,true
TRACK0000010,TRK000000004,pending_pickup,Shenzhen Demo Warehouse,Shipment information received,2026-04-25T05:47:00+08:00,true
TRACK0000011,TRK000000004,picked_up,Shenzhen Sorting Center,Parcel picked up by carrier,2026-04-25T12:47:00+08:00,true
TRACK0000012,TRK000000004,in_transit,Regional Transit Hub,Parcel is moving to destination,2026-04-26T06:47:00+08:00,true
TRACK0000013,TRK000000004,customs_clearance,Jakarta Customs,Customs processing completed,2026-04-26T18:47:00+08:00,true
TRACK0000014,TRK000000004,delivered,Jakarta,Parcel delivered to the simulated buyer,2026-04-27T02:47:00+08:00,true
TRACK0000015,TRK000000005,pending_pickup,Shenzhen Demo Warehouse,Shipment information received,2026-01-22T15:57:00+08:00,true
TRACK0000016,TRK000000005,picked_up,Shenzhen Sorting Center,Parcel picked up by carrier,2026-01-23T11:57:00+08:00,true
TRACK0000017,TRK000000005,in_transit,Regional Transit Hub,Parcel is moving to destination,2026-01-23T18:57:00+08:00,true
TRACK0000018,TRK000000005,customs_clearance,Singapore Customs,Customs processing completed,2026-01-24T13:57:00+08:00,true
TRACK0000019,TRK000000005,out_for_delivery,Singapore Delivery Hub,Courier is delivering the parcel,2026-01-25T06:57:00+08:00,true
TRACK0000020,TRK000000005,delivered,Singapore,Parcel delivered to the simulated buyer,2026-01-26T02:57:00+08:00,true
TRACK0000021,TRK000000006,pending_pickup,Shenzhen Demo Warehouse,Shipment information received,2026-05-04T15:34:00+08:00,true
TRACK0000022,TRK000000006,picked_up,Shenzhen Sorting Center,Parcel picked up by carrier,2026-05-04T21:34:00+08:00,true
TRACK0000023,TRK000000006,customs_clearance,Ho Chi Minh City Customs,Customs processing completed,2026-05-05T13:34:00+08:00,true
TRACK0000024,TRK000000006,delivered,Ho Chi Minh City,Parcel delivered to the simulated buyer,2026-05-05T22:34:00+08:00,true
TRACK0000025,TRK000000007,pending_pickup,Shenzhen Demo Warehouse,Shipment information received,2026-04-29T20:41:00+08:00,true
TRACK0000026,TRK000000007,picked_up,Shenzhen Sorting Center,Parcel picked up by carrier,2026-04-30T01:41:00+08:00,true
TRACK0000027,TRK000000007,in_transit,Regional Transit Hub,Parcel is moving to destination,2026-04-30T13:41:00+08:00,true
TRACK0000028,TRK000000007,customs_clearance,Jakarta Customs,Customs processing completed,2026-04-30T18:41:00+08:00,true
TRACK0000029,TRK000000008,pending_pickup,Shenzhen Demo Warehouse,Shipment information received,2026-04-05T03:12:00+08:00,true
TRACK0000030,TRK000000008,picked_up,Shenzhen Sorting Center,Parcel picked up by carrier,2026-04-05T21:12:00+08:00,true
TRACK0000031,TRK000000008,in_transit,Regional Transit Hub,Parcel is moving to destination,2026-04-06T22:12:00+08:00,true
TRACK0000032,TRK000000008,out_for_delivery,Ho Chi Minh City Delivery Hub,Courier is delivering the parcel,2026-04-07T07:12:00+08:00,true
TRACK0000033,TRK000000008,delivered,Ho Chi Minh City,Parcel delivered to the simulated buyer,2026-04-07T21:12:00+08:00,true
TRACK0000034,TRK000000009,pending_pickup,Shenzhen Demo Warehouse,Shipment information received,2026-04-19T17:33:00+08:00,true
TRACK0000035,TRK000000009,picked_up,Shenzhen Sorting Center,Parcel picked up by carrier,2026-04-20T00:33:00+08:00,true
TRACK0000036,TRK000000009,out_for_delivery,Bangkok Delivery Hub,Courier is delivering the parcel,2026-04-20T20:33:00+08:00,true
TRACK0000037,TRK000000009,delivered,Bangkok,Parcel delivered to the simulated buyer,2026-04-21T14:33:00+08:00,true
TRACK0000038,TRK000000010,pending_pickup,Shenzhen Demo Warehouse,Shipment information received,2026-02-03T02:38:00+08:00,true
TRACK0000039,TRK000000010,out_for_delivery,Manila Delivery Hub,Courier is delivering the parcel,2026-02-03T13:38:00+08:00,true
TRACK0000040,TRK000000010,delivered,Manila,Parcel delivered to the simulated buyer,2026-02-04T09:38:00+08:00,true
TRACK0000041,TRK000000011,pending_pickup,Shenzhen Demo Warehouse,Shipment information received,2026-01-21T04:26:00+08:00,true
TRACK0000042,TRK000000011,picked_up,Shenzhen Sorting Center,Parcel picked up by carrier,2026-01-21T12:26:00+08:00,true
TRACK0000043,TRK000000011,in_transit,Regional Transit Hub,Parcel is moving to destination,2026-01-22T14:26:00+08:00,true
TRACK0000044,TRK000000011,out_for_delivery,Jakarta Delivery Hub,Courier is delivering the parcel,2026-01-23T15:26:00+08:00,true
TRACK0000045,TRK000000011,delivered,Jakarta,Parcel delivered to the simulated buyer,2026-01-24T18:26:00+08:00,true
TRACK0000046,TRK000000012,pending_pickup,Shenzhen Demo Warehouse,Shipment information received,2026-05-01T10:11:00+08:00,true
TRACK0000047,TRK000000012,delivered,Kuala Lumpur,Parcel delivered to the simulated buyer,2026-05-02T14:11:00+08:00,true
TRACK0000048,TRK000000013,pending_pickup,Shenzhen Demo Warehouse,Shipment label created,2026-06-19T07:19:00+08:00,true
TRACK0000049,TRK000000013,pending_pickup,Shenzhen Demo Warehouse,Parcel packed and awaiting carrier pickup,2026-06-19T13:19:00+08:00,true
TRACK0000050,TRK000000014,pending_pickup,Shenzhen Demo Warehouse,Shipment label created,2026-04-03T05:23:00+08:00,true
TRACK0000051,TRK000000014,pending_pickup,Shenzhen Demo Warehouse,Parcel packed and awaiting carrier pickup,2026-04-03T19:23:00+08:00,true
TRACK0000052,TRK000000015,pending_pickup,Shenzhen Demo Warehouse,Shipment information received,2026-01-29T14:53:00+08:00,true
TRACK0000053,TRK000000015,picked_up,Shenzhen Sorting Center,Parcel picked up by carrier,2026-01-29T19:53:00+08:00,true
TRACK0000054,TRK000000015,out_for_delivery,Kuala Lumpur Delivery Hub,Courier is delivering the parcel,2026-01-30T12:53:00+08:00,true
TRACK0000055,TRK000000015,delivered,Kuala Lumpur,Parcel delivered to the simulated buyer,2026-01-31T09:53:00+08:00,true
TRACK0000056,TRK000000016,pending_pickup,Shenzhen Demo Warehouse,Shipment information received,2026-02-01T09:41:00+08:00,true
TRACK0000057,TRK000000016,customs_clearance,Jakarta Customs,Customs processing completed,2026-02-02T04:41:00+08:00,true
TRACK0000058,TRK000000016,delivered,Jakarta,Parcel delivered to the simulated buyer,2026-02-02T16:41:00+08:00,true
TRACK0000059,TRK000000017,pending_pickup,Shenzhen Demo Warehouse,Shipment label created,2026-05-16T00:25:00+08:00,true
TRACK0000060,TRK000000017,pending_pickup,Shenzhen Demo Warehouse,Parcel packed and awaiting carrier pickup,2026-05-16T16:25:00+08:00,true
TRACK0000061,TRK000000018,pending_pickup,Shenzhen Demo Warehouse,Shipment label created,2026-05-13T10:06:00+08:00,true
TRACK0000062,TRK000000018,pending_pickup,Shenzhen Demo Warehouse,Parcel packed and awaiting carrier pickup,2026-05-13T16:06:00+08:00,true
TRACK0000063,TRK000000019,pending_pickup,Shenzhen Demo Warehouse,Shipment information received,2026-04-12T20:46:00+08:00,true
TRACK0000064,TRK000000019,in_transit,Regional Transit Hub,Parcel is moving to destination,2026-04-13T04:46:00+08:00,true
TRACK0000065,TRK000000019,customs_clearance,Kuala Lumpur Customs,Customs processing completed,2026-04-14T08:46:00+08:00,true
TRACK0000066,TRK000000019,out_for_delivery,Kuala Lumpur Delivery Hub,Courier is delivering the parcel,2026-04-14T14:46:00+08:00,true
TRACK0000067,TRK000000019,delivered,Kuala Lumpur,Parcel delivered to the simulated buyer,2026-04-15T07:46:00+08:00,true
TRACK0000068,TRK000000020,pending_pickup,Shenzhen Demo Warehouse,Shipment information received,2026-05-30T12:01:00+08:00,true
TRACK0000069,TRK000000020,picked_up,Shenzhen Sorting Center,Parcel picked up by carrier,2026-05-30T22:01:00+08:00,true
TRACK0000070,TRK000000020,customs_clearance,Jakarta Customs,Customs processing completed,2026-05-31T20:01:00+08:00,true
TRACK0000071,TRK000000020,out_for_delivery,Jakarta Delivery Hub,Courier is delivering the parcel,2026-06-01T11:01:00+08:00,true
TRACK0000072,TRK000000020,delivered,Jakarta,Parcel delivered to the simulated buyer,2026-06-02T01:01:00+08:00,true
TRACK0000073,TRK000000021,pending_pickup,Shenzhen Demo Warehouse,Shipment information received,2026-04-20T01:04:00+08:00,true
TRACK0000074,TRK000000021,picked_up,Shenzhen Sorting Center,Parcel picked up by carrier,2026-04-20T22:04:00+08:00,true
TRACK0000075,TRK000000021,in_transit,Regional Transit Hub,Parcel is moving to destination,2026-04-21T14:04:00+08:00,true
TRACK0000076,TRK000000022,pending_pickup,Shenzhen Demo Warehouse,Shipment information received,2026-02-06T08:44:00+08:00,true
TRACK0000077,TRK000000022,picked_up,Shenzhen Sorting Center,Parcel picked up by carrier,2026-02-07T05:44:00+08:00,true
TRACK0000078,TRK000000022,out_for_delivery,Singapore Delivery Hub,Courier is delivering the parcel,2026-02-08T08:44:00+08:00,true
TRACK0000079,TRK000000022,delivered,Singapore,Parcel delivered to the simulated buyer,2026-02-08T16:44:00+08:00,true
TRACK0000080,TRK000000024,pending_pickup,Shenzhen Demo Warehouse,Shipment information received,2026-04-01T01:37:00+08:00,true
TRACK0000081,TRK000000024,picked_up,Shenzhen Sorting Center,Parcel picked up by carrier,2026-04-01T16:37:00+08:00,true
TRACK0000082,TRK000000024,in_transit,Regional Transit Hub,Parcel is moving to destination,2026-04-02T15:37:00+08:00,true
TRACK0000083,TRK000000025,pending_pickup,Shenzhen Demo Warehouse,Shipment label created,2026-05-27T13:53:00+08:00,true
TRACK0000084,TRK000000025,pending_pickup,Shenzhen Demo Warehouse,Parcel packed and awaiting carrier pickup,2026-05-28T10:53:00+08:00,true
TRACK0000085,TRK000000026,pending_pickup,Shenzhen Demo Warehouse,Shipment information received,2026-02-03T09:39:00+08:00,true
TRACK0000086,TRK000000026,picked_up,Shenzhen Sorting Center,Parcel picked up by carrier,2026-02-03T16:39:00+08:00,true
TRACK0000087,TRK000000026,in_transit,Regional Transit Hub,Parcel is moving to destination,2026-02-04T13:39:00+08:00,true
TRACK0000088,TRK000000026,customs_clearance,Bangkok Customs,Customs processing completed,2026-02-04T23:39:00+08:00,true
TRACK0000089,TRK000000026,out_for_delivery,Bangkok Delivery Hub,Courier is delivering the parcel,2026-02-05T14:39:00+08:00,true
TRACK0000090,TRK000000026,delivered,Bangkok,Parcel delivered to the simulated buyer,2026-02-06T14:39:00+08:00,true
TRACK0000091,TRK000000027,pending_pickup,Shenzhen Demo Warehouse,Shipment information received,2026-05-08T08:39:00+08:00,true
TRACK0000092,TRK000000027,picked_up,Shenzhen Sorting Center,Parcel picked up by carrier,2026-05-08T18:39:00+08:00,true
TRACK0000093,TRK000000027,in_transit,Regional Transit Hub,Parcel is moving to destination,2026-05-09T04:39:00+08:00,true
TRACK0000094,TRK000000027,customs_clearance,Ho Chi Minh City Customs,Customs processing completed,2026-05-10T05:39:00+08:00,true
TRACK0000095,TRK000000027,delivered,Ho Chi Minh City,Parcel delivered to the simulated buyer,2026-05-11T07:39:00+08:00,true
TRACK0000096,TRK000000028,pending_pickup,Shenzhen Demo Warehouse,Shipment information received,2026-06-14T11:13:00+08:00,true
TRACK0000097,TRK000000028,picked_up,Shenzhen Sorting Center,Parcel picked up by carrier,2026-06-14T17:13:00+08:00,true
TRACK0000098,TRK000000028,out_for_delivery,Jakarta Delivery Hub,Courier is delivering the parcel,2026-06-15T01:13:00+08:00,true
TRACK0000099,TRK000000028,delivered,Jakarta,Parcel delivered to the simulated buyer,2026-06-15T17:13:00+08:00,true
TRACK0000100,TRK000000029,pending_pickup,Shenzhen Demo Warehouse,Shipment information received,2026-05-13T06:05:00+08:00,true
TRACK0000101,TRK000000029,picked_up,Shenzhen Sorting Center,Parcel picked up by carrier,2026-05-13T17:05:00+08:00,true
TRACK0000102,TRK000000029,in_transit,Regional Transit Hub,Parcel is moving to destination,2026-05-14T08:05:00+08:00,true
TRACK0000103,TRK000000029,delivered,Kuala Lumpur,Parcel delivered to the simulated buyer,2026-05-14T15:05:00+08:00,true
TRACK0000104,TRK000000030,pending_pickup,Shenzhen Demo Warehouse,Shipment information received,2026-05-29T08:03:00+08:00,true
TRACK0000105,TRK000000030,picked_up,Shenzhen Sorting Center,Parcel picked up by carrier,2026-05-29T13:03:00+08:00,true
TRACK0000106,TRK000000030,in_transit,Regional Transit Hub,Parcel is moving to destination,2026-05-30T16:03:00+08:00,true
TRACK0000107,TRK000000031,pending_pickup,Shenzhen Demo Warehouse,Shipment information received,2026-05-16T09:47:00+08:00,true
TRACK0000108,TRK000000031,picked_up,Shenzhen Sorting Center,Parcel picked up by carrier,2026-05-16T23:47:00+08:00,true
TRACK0000109,TRK000000031,out_for_delivery,Singapore Delivery Hub,Courier is delivering the parcel,2026-05-17T04:47:00+08:00,true
TRACK0000110,TRK000000031,delivered,Singapore,Parcel delivered to the simulated buyer,2026-05-18T08:47:00+08:00,true
TRACK0000111,TRK000000033,pending_pickup,Shenzhen Demo Warehouse,Shipment information received,2026-03-28T14:46:00+08:00,true
TRACK0000112,TRK000000033,picked_up,Shenzhen Sorting Center,Parcel picked up by carrier,2026-03-28T19:46:00+08:00,true
TRACK0000113,TRK000000034,pending_pickup,Shenzhen Demo Warehouse,Shipment information received,2026-06-05T17:48:00+08:00,true
TRACK0000114,TRK000000034,in_transit,Regional Transit Hub,Parcel is moving to destination,2026-06-06T07:48:00+08:00,true
TRACK0000115,TRK000000034,delivered,Manila,Parcel delivered to the simulated buyer,2026-06-06T14:48:00+08:00,true
TRACK0000116,TRK000000035,pending_pickup,Shenzhen Demo Warehouse,Shipment label created,2026-04-21T11:43:00+08:00,true
TRACK0000117,TRK000000035,pending_pickup,Shenzhen Demo Warehouse,Parcel packed and awaiting carrier pickup,2026-04-22T12:43:00+08:00,true
TRACK0000118,TRK000000036,pending_pickup,Shenzhen Demo Warehouse,Shipment information received,2026-05-07T14:33:00+08:00,true
TRACK0000119,TRK000000036,customs_clearance,Manila Customs,Customs processing completed,2026-05-08T15:33:00+08:00,true
TRACK0000120,TRK000000036,out_for_delivery,Manila Delivery Hub,Courier is delivering the parcel,2026-05-09T07:33:00+08:00,true
TRACK0000121,TRK000000036,delivered,Manila,Parcel delivered to the simulated buyer,2026-05-10T04:33:00+08:00,true
TRACK0000122,TRK000000037,pending_pickup,Shenzhen Demo Warehouse,Shipment information received,2026-06-18T10:36:00+08:00,true
TRACK0000123,TRK000000037,picked_up,Shenzhen Sorting Center,Parcel picked up by carrier,2026-06-18T16:36:00+08:00,true
TRACK0000124,TRK000000037,in_transit,Regional Transit Hub,Parcel is moving to destination,2026-06-19T08:36:00+08:00,true
TRACK0000125,TRK000000037,delivered,Manila,Parcel delivered to the simulated buyer,2026-06-19T13:36:00+08:00,true
TRACK0000126,TRK000000038,pending_pickup,Shenzhen Demo Warehouse,Shipment information received,2026-03-22T13:58:00+08:00,true
TRACK0000127,TRK000000038,in_transit,Regional Transit Hub,Parcel is moving to destination,2026-03-23T15:58:00+08:00,true
TRACK0000128,TRK000000038,out_for_delivery,Singapore Delivery Hub,Courier is delivering the parcel,2026-03-24T16:58:00+08:00,true
TRACK0000129,TRK000000038,delivered,Singapore,Parcel delivered to the simulated buyer,2026-03-25T09:58:00+08:00,true
TRACK0000130,TRK000000039,pending_pickup,Shenzhen Demo Warehouse,Shipment information received,2026-06-01T05:43:00+08:00,true
TRACK0000131,TRK000000039,in_transit,Regional Transit Hub,Parcel is moving to destination,2026-06-01T15:43:00+08:00,true
TRACK0000132,TRK000000039,customs_clearance,Jakarta Customs,Customs processing completed,2026-06-02T13:43:00+08:00,true
TRACK0000133,TRK000000039,out_for_delivery,Jakarta Delivery Hub,Courier is delivering the parcel,2026-06-03T12:43:00+08:00,true
TRACK0000134,TRK000000039,delivered,Jakarta,Parcel delivered to the simulated buyer,2026-06-03T23:43:00+08:00,true
TRACK0000135,TRK000000040,pending_pickup,Shenzhen Demo Warehouse,Shipment information received,2026-02-23T13:57:00+08:00,true
TRACK0000136,TRK000000040,picked_up,Shenzhen Sorting Center,Parcel picked up by carrier,2026-02-23T18:57:00+08:00,true
TRACK0000137,TRK000000040,out_for_delivery,Singapore Delivery Hub,Courier is delivering the parcel,2026-02-24T02:57:00+08:00,true
TRACK0000138,TRK000000040,delivered,Singapore,Parcel delivered to the simulated buyer,2026-02-24T07:57:00+08:00,true
TRACK0000139,TRK000000043,pending_pickup,Shenzhen Demo Warehouse,Shipment information received,2026-05-11T09:19:00+08:00,true
TRACK0000140,TRK000000043,in_transit,Regional Transit Hub,Parcel is moving to destination,2026-05-12T10:19:00+08:00,true
TRACK0000141,TRK000000043,customs_clearance,Singapore Customs,Customs processing completed,2026-05-13T02:19:00+08:00,true
TRACK0000142,TRK000000043,out_for_delivery,Singapore Delivery Hub,Courier is delivering the parcel,2026-05-13T17:19:00+08:00,true
TRACK0000143,TRK000000043,delivered,Singapore,Parcel delivered to the simulated buyer,2026-05-14T01:19:00+08:00,true
TRACK0000144,TRK000000044,pending_pickup,Shenzhen Demo Warehouse,Shipment information received,2026-05-21T10:37:00+08:00,true
TRACK0000145,TRK000000044,picked_up,Shenzhen Sorting Center,Parcel picked up by carrier,2026-05-21T19:37:00+08:00,true
TRACK0000146,TRK000000044,customs_clearance,Ho Chi Minh City Customs,Customs processing completed,2026-05-22T08:37:00+08:00,true
TRACK0000147,TRK000000045,pending_pickup,Shenzhen Demo Warehouse,Shipment information received,2026-05-28T06:31:00+08:00,true
TRACK0000148,TRK000000045,picked_up,Shenzhen Sorting Center,Parcel picked up by carrier,2026-05-28T17:31:00+08:00,true
TRACK0000149,TRK000000045,customs_clearance,Singapore Customs,Customs processing completed,2026-05-29T19:31:00+08:00,true
TRACK0000150,TRK000000045,out_for_delivery,Singapore Delivery Hub,Courier is delivering the parcel,2026-05-30T02:31:00+08:00,true
TRACK0000151,TRK000000045,delivered,Singapore,Parcel delivered to the simulated buyer,2026-05-30T13:31:00+08:00,true
TRACK0000152,TRK000000046,pending_pickup,Shenzhen Demo Warehouse,Shipment information received,2026-04-22T11:08:00+08:00,true
TRACK0000153,TRK000000046,picked_up,Shenzhen Sorting Center,Parcel picked up by carrier,2026-04-22T18:08:00+08:00,true
TRACK0000154,TRK000000046,customs_clearance,Manila Customs,Customs processing completed,2026-04-23T10:08:00+08:00,true
TRACK0000155,TRK000000046,delivered,Manila,Parcel delivered to the simulated buyer,2026-04-24T02:08:00+08:00,true
TRACK0000156,TRK000000047,pending_pickup,Shenzhen Demo Warehouse,Shipment information received,2026-04-11T09:22:00+08:00,true
TRACK0000157,TRK000000047,picked_up,Shenzhen Sorting Center,Parcel picked up by carrier,2026-04-11T17:22:00+08:00,true
TRACK0000158,TRK000000047,in_transit,Regional Transit Hub,Parcel is moving to destination,2026-04-12T03:22:00+08:00,true
TRACK0000159,TRK000000047,customs_clearance,Bangkok Customs,Customs processing completed,2026-04-13T03:22:00+08:00,true
TRACK0000160,TRK000000047,out_for_delivery,Bangkok Delivery Hub,Courier is delivering the parcel,2026-04-13T17:22:00+08:00,true
TRACK0000161,TRK000000047,delivered,Bangkok,Parcel delivered to the simulated buyer,2026-04-14T02:22:00+08:00,true
TRACK0000162,TRK000000048,pending_pickup,Shenzhen Demo Warehouse,Shipment information received,2026-04-12T07:51:00+08:00,true
TRACK0000163,TRK000000048,picked_up,Shenzhen Sorting Center,Parcel picked up by carrier,2026-04-13T05:51:00+08:00,true
TRACK0000164,TRK000000048,in_transit,Regional Transit Hub,Parcel is moving to destination,2026-04-13T21:51:00+08:00,true
TRACK0000165,TRK000000048,customs_clearance,Manila Customs,Customs processing completed,2026-04-14T02:51:00+08:00,true
TRACK0000166,TRK000000048,out_for_delivery,Manila Delivery Hub,Courier is delivering the parcel,2026-04-14T20:51:00+08:00,true
TRACK0000167,TRK000000048,delivered,Manila,Parcel delivered to the simulated buyer,2026-04-15T17:51:00+08:00,true
TRACK0000168,TRK000000049,pending_pickup,Shenzhen Demo Warehouse,Shipment information received,2026-01-23T02:39:00+08:00,true
TRACK0000169,TRK000000049,customs_clearance,Manila Customs,Customs processing completed,2026-01-23T07:39:00+08:00,true
TRACK0000170,TRK000000049,out_for_delivery,Manila Delivery Hub,Courier is delivering the parcel,2026-01-23T22:39:00+08:00,true
TRACK0000171,TRK000000049,delivered,Manila,Parcel delivered to the simulated buyer,2026-01-24T22:39:00+08:00,true
TRACK0000172,TRK000000050,pending_pickup,Shenzhen Demo Warehouse,Shipment information received,2026-06-11T20:27:00+08:00,true
TRACK0000173,TRK000000050,picked_up,Shenzhen Sorting Center,Parcel picked up by carrier,2026-06-12T12:27:00+08:00,true
TRACK0000174,TRK000000052,pending_pickup,Shenzhen Demo Warehouse,Shipment information received,2026-02-08T21:21:00+08:00,true
TRACK0000175,TRK000000052,picked_up,Shenzhen Sorting Center,Parcel picked up by carrier,2026-02-10T00:21:00+08:00,true
TRACK0000176,TRK000000052,in_transit,Regional Transit Hub,Parcel is moving to destination,2026-02-11T00:21:00+08:00,true
TRACK0000177,TRK000000052,delivered,Ho Chi Minh City,Parcel delivered to the simulated buyer,2026-02-12T02:21:00+08:00,true
TRACK0000178,TRK000000053,pending_pickup,Shenzhen Demo Warehouse,Shipment label created,2026-03-26T10:03:00+08:00,true
TRACK0000179,TRK000000053,pending_pickup,Shenzhen Demo Warehouse,Parcel packed and awaiting carrier pickup,2026-03-26T21:03:00+08:00,true
TRACK0000180,TRK000000054,pending_pickup,Shenzhen Demo Warehouse,Shipment information received,2026-05-04T15:29:00+08:00,true
TRACK0000181,TRK000000054,picked_up,Shenzhen Sorting Center,Parcel picked up by carrier,2026-05-05T05:29:00+08:00,true
TRACK0000182,TRK000000054,in_transit,Regional Transit Hub,Parcel is moving to destination,2026-05-05T20:29:00+08:00,true
TRACK0000183,TRK000000054,customs_clearance,Jakarta Customs,Customs processing completed,2026-05-06T11:29:00+08:00,true
TRACK0000184,TRK000000054,out_for_delivery,Jakarta Delivery Hub,Courier is delivering the parcel,2026-05-07T10:29:00+08:00,true
TRACK0000185,TRK000000054,delivered,Jakarta,Parcel delivered to the simulated buyer,2026-05-08T00:29:00+08:00,true
TRACK0000186,TRK000000055,pending_pickup,Shenzhen Demo Warehouse,Shipment information received,2026-02-01T20:37:00+08:00,true
TRACK0000187,TRK000000055,picked_up,Shenzhen Sorting Center,Parcel picked up by carrier,2026-02-02T01:37:00+08:00,true
TRACK0000188,TRK000000055,in_transit,Regional Transit Hub,Parcel is moving to destination,2026-02-02T19:37:00+08:00,true
TRACK0000189,TRK000000055,customs_clearance,Bangkok Customs,Customs processing completed,2026-02-03T05:37:00+08:00,true
TRACK0000190,TRK000000055,out_for_delivery,Bangkok Delivery Hub,Courier is delivering the parcel,2026-02-03T10:37:00+08:00,true
TRACK0000191,TRK000000055,delivered,Bangkok,Parcel delivered to the simulated buyer,2026-02-04T01:37:00+08:00,true
TRACK0000192,TRK000000056,pending_pickup,Shenzhen Demo Warehouse,Shipment information received,2026-05-24T23:37:00+08:00,true
TRACK0000193,TRK000000056,picked_up,Shenzhen Sorting Center,Parcel picked up by carrier,2026-05-25T13:37:00+08:00,true
TRACK0000194,TRK000000056,in_transit,Regional Transit Hub,Parcel is moving to destination,2026-05-26T04:37:00+08:00,true
TRACK0000195,TRK000000057,pending_pickup,Shenzhen Demo Warehouse,Shipment label created,2026-01-09T09:53:00+08:00,true
TRACK0000196,TRK000000057,pending_pickup,Shenzhen Demo Warehouse,Parcel packed and awaiting carrier pickup,2026-01-09T18:53:00+08:00,true
TRACK0000197,TRK000000058,pending_pickup,Shenzhen Demo Warehouse,Shipment label created,2026-05-18T04:30:00+08:00,true
TRACK0000198,TRK000000058,pending_pickup,Shenzhen Demo Warehouse,Parcel packed and awaiting carrier pickup,2026-05-18T13:30:00+08:00,true
TRACK0000199,TRK000000059,pending_pickup,Shenzhen Demo Warehouse,Shipment information received,2026-01-22T00:14:00+08:00,true
TRACK0000200,TRK000000059,picked_up,Shenzhen Sorting Center,Parcel picked up by carrier,2026-01-22T16:14:00+08:00,true
TRACK0000201,TRK000000059,customs_clearance,Bangkok Customs,Customs processing completed,2026-01-23T03:14:00+08:00,true
TRACK0000202,TRK000000059,delivered,Bangkok,Parcel delivered to the simulated buyer,2026-01-23T19:14:00+08:00,true
TRACK0000203,TRK000000060,pending_pickup,Shenzhen Demo Warehouse,Shipment label created,2026-02-16T12:40:00+08:00,true
TRACK0000204,TRK000000060,pending_pickup,Shenzhen Demo Warehouse,Parcel packed and awaiting carrier pickup,2026-02-16T19:40:00+08:00,true
TRACK0000205,TRK000000061,pending_pickup,Shenzhen Demo Warehouse,Shipment information received,2026-04-28T05:48:00+08:00,true
TRACK0000206,TRK000000061,in_transit,Regional Transit Hub,Parcel is moving to destination,2026-04-28T11:48:00+08:00,true
TRACK0000207,TRK000000061,out_for_delivery,Bangkok Delivery Hub,Courier is delivering the parcel,2026-04-28T19:48:00+08:00,true
TRACK0000208,TRK000000061,delivered,Bangkok,Parcel delivered to the simulated buyer,2026-04-29T11:48:00+08:00,true
TRACK0000209,TRK000000062,pending_pickup,Shenzhen Demo Warehouse,Shipment information received,2026-05-04T06:48:00+08:00,true
TRACK0000210,TRK000000062,picked_up,Shenzhen Sorting Center,Parcel picked up by carrier,2026-05-05T07:48:00+08:00,true
TRACK0000211,TRK000000062,customs_clearance,Bangkok Customs,Customs processing completed,2026-05-05T22:48:00+08:00,true
TRACK0000212,TRK000000062,delivered,Bangkok,Parcel delivered to the simulated buyer,2026-05-06T11:48:00+08:00,true
TRACK0000213,TRK000000063,pending_pickup,Shenzhen Demo Warehouse,Shipment information received,2026-04-09T08:52:00+08:00,true
TRACK0000214,TRK000000063,customs_clearance,Manila Customs,Customs processing completed,2026-04-10T05:52:00+08:00,true
TRACK0000215,TRK000000063,delivered,Manila,Parcel delivered to the simulated buyer,2026-04-11T00:52:00+08:00,true
TRACK0000216,TRK000000064,pending_pickup,Shenzhen Demo Warehouse,Shipment information received,2026-02-13T11:08:00+08:00,true
TRACK0000217,TRK000000064,in_transit,Regional Transit Hub,Parcel is moving to destination,2026-02-13T23:08:00+08:00,true
TRACK0000218,TRK000000064,customs_clearance,Bangkok Customs,Customs processing completed,2026-02-15T01:08:00+08:00,true
TRACK0000219,TRK000000064,out_for_delivery,Bangkok Delivery Hub,Courier is delivering the parcel,2026-02-15T13:08:00+08:00,true
TRACK0000220,TRK000000064,delivered,Bangkok,Parcel delivered to the simulated buyer,2026-02-16T03:08:00+08:00,true
TRACK0000221,TRK000000065,pending_pickup,Shenzhen Demo Warehouse,Shipment label created,2026-04-29T01:06:00+08:00,true
TRACK0000222,TRK000000065,pending_pickup,Shenzhen Demo Warehouse,Parcel packed and awaiting carrier pickup,2026-04-29T12:06:00+08:00,true
TRACK0000223,TRK000000066,pending_pickup,Shenzhen Demo Warehouse,Shipment information received,2026-03-10T11:48:00+08:00,true
TRACK0000224,TRK000000066,picked_up,Shenzhen Sorting Center,Parcel picked up by carrier,2026-03-11T10:48:00+08:00,true
TRACK0000225,TRK000000066,in_transit,Regional Transit Hub,Parcel is moving to destination,2026-03-12T09:48:00+08:00,true
TRACK0000226,TRK000000066,customs_clearance,Kuala Lumpur Customs,Customs processing completed,2026-03-12T21:48:00+08:00,true
TRACK0000227,TRK000000066,out_for_delivery,Kuala Lumpur Delivery Hub,Courier is delivering the parcel,2026-03-13T09:48:00+08:00,true
TRACK0000228,TRK000000066,delivered,Kuala Lumpur,Parcel delivered to the simulated buyer,2026-03-14T08:48:00+08:00,true
TRACK0000229,TRK000000067,pending_pickup,Shenzhen Demo Warehouse,Shipment information received,2026-01-14T00:00:00+08:00,true
TRACK0000230,TRK000000067,picked_up,Shenzhen Sorting Center,Parcel picked up by carrier,2026-01-14T22:00:00+08:00,true
TRACK0000231,TRK000000067,in_transit,Regional Transit Hub,Parcel is moving to destination,2026-01-15T18:00:00+08:00,true
TRACK0000232,TRK000000067,customs_clearance,Jakarta Customs,Customs processing completed,2026-01-16T01:00:00+08:00,true
TRACK0000233,TRK000000067,out_for_delivery,Jakarta Delivery Hub,Courier is delivering the parcel,2026-01-17T05:00:00+08:00,true
TRACK0000234,TRK000000067,delivered,Jakarta,Parcel delivered to the simulated buyer,2026-01-18T06:00:00+08:00,true
TRACK0000235,TRK000000068,pending_pickup,Shenzhen Demo Warehouse,Shipment information received,2026-05-31T21:20:00+08:00,true
TRACK0000236,TRK000000068,picked_up,Shenzhen Sorting Center,Parcel picked up by carrier,2026-06-01T02:20:00+08:00,true
TRACK0000237,TRK000000068,in_transit,Regional Transit Hub,Parcel is moving to destination,2026-06-02T05:20:00+08:00,true
TRACK0000238,TRK000000068,customs_clearance,Manila Customs,Customs processing completed,2026-06-02T12:20:00+08:00,true
TRACK0000239,TRK000000068,out_for_delivery,Manila Delivery Hub,Courier is delivering the parcel,2026-06-03T14:20:00+08:00,true
TRACK0000240,TRK000000068,delivered,Manila,Parcel delivered to the simulated buyer,2026-06-04T06:20:00+08:00,true
TRACK0000241,TRK000000069,pending_pickup,Shenzhen Demo Warehouse,Shipment information received,2026-05-04T08:04:00+08:00,true
TRACK0000242,TRK000000069,picked_up,Shenzhen Sorting Center,Parcel picked up by carrier,2026-05-05T00:04:00+08:00,true
TRACK0000243,TRK000000069,in_transit,Regional Transit Hub,Parcel is moving to destination,2026-05-05T11:04:00+08:00,true
TRACK0000244,TRK000000070,pending_pickup,Shenzhen Demo Warehouse,Shipment label created,2026-06-27T21:43:00+08:00,true
TRACK0000245,TRK000000070,pending_pickup,Shenzhen Demo Warehouse,Parcel packed and awaiting carrier pickup,2026-06-28T04:43:00+08:00,true
TRACK0000246,TRK000000071,pending_pickup,Shenzhen Demo Warehouse,Shipment information received,2026-03-07T07:21:00+08:00,true
TRACK0000247,TRK000000071,picked_up,Shenzhen Sorting Center,Parcel picked up by carrier,2026-03-08T08:21:00+08:00,true
TRACK0000248,TRK000000071,out_for_delivery,Bangkok Delivery Hub,Courier is delivering the parcel,2026-03-08T21:21:00+08:00,true
TRACK0000249,TRK000000071,delivered,Bangkok,Parcel delivered to the simulated buyer,2026-03-09T23:21:00+08:00,true
TRACK0000250,TRK000000072,pending_pickup,Shenzhen Demo Warehouse,Shipment information received,2026-04-01T10:20:00+08:00,true
TRACK0000251,TRK000000072,picked_up,Shenzhen Sorting Center,Parcel picked up by carrier,2026-04-01T19:20:00+08:00,true
TRACK0000252,TRK000000072,in_transit,Regional Transit Hub,Parcel is moving to destination,2026-04-02T17:20:00+08:00,true
TRACK0000253,TRK000000072,customs_clearance,Ho Chi Minh City Customs,Customs processing completed,2026-04-03T08:20:00+08:00,true
TRACK0000254,TRK000000072,out_for_delivery,Ho Chi Minh City Delivery Hub,Courier is delivering the parcel,2026-04-03T15:20:00+08:00,true
TRACK0000255,TRK000000072,delivered,Ho Chi Minh City,Parcel delivered to the simulated buyer,2026-04-04T06:20:00+08:00,true
TRACK0000256,TRK000000073,pending_pickup,Shenzhen Demo Warehouse,Shipment information received,2026-02-23T13:01:00+08:00,true
TRACK0000257,TRK000000073,picked_up,Shenzhen Sorting Center,Parcel picked up by carrier,2026-02-24T15:01:00+08:00,true
TRACK0000258,TRK000000073,in_transit,Regional Transit Hub,Parcel is moving to destination,2026-02-25T02:01:00+08:00,true
TRACK0000259,TRK000000073,customs_clearance,Bangkok Customs,Customs processing completed,2026-02-26T05:01:00+08:00,true
TRACK0000260,TRK000000073,out_for_delivery,Bangkok Delivery Hub,Courier is delivering the parcel,2026-02-26T21:01:00+08:00,true
TRACK0000261,TRK000000073,delivered,Bangkok,Parcel delivered to the simulated buyer,2026-02-27T17:01:00+08:00,true
TRACK0000262,TRK000000074,pending_pickup,Shenzhen Demo Warehouse,Shipment information received,2026-03-15T08:04:00+08:00,true
TRACK0000263,TRK000000074,picked_up,Shenzhen Sorting Center,Parcel picked up by carrier,2026-03-16T05:04:00+08:00,true
TRACK0000264,TRK000000074,in_transit,Regional Transit Hub,Parcel is moving to destination,2026-03-17T09:04:00+08:00,true
TRACK0000265,TRK000000074,customs_clearance,Ho Chi Minh City Customs,Customs processing completed,2026-03-17T18:04:00+08:00,true
TRACK0000266,TRK000000074,delivered,Ho Chi Minh City,Parcel delivered to the simulated buyer,2026-03-18T10:04:00+08:00,true
TRACK0000267,TRK000000075,pending_pickup,Shenzhen Demo Warehouse,Shipment information received,2026-01-17T15:07:00+08:00,true
TRACK0000268,TRK000000075,picked_up,Shenzhen Sorting Center,Parcel picked up by carrier,2026-01-18T17:07:00+08:00,true
TRACK0000269,TRK000000075,in_transit,Regional Transit Hub,Parcel is moving to destination,2026-01-19T05:07:00+08:00,true
TRACK0000270,TRK000000075,customs_clearance,Singapore Customs,Customs processing completed,2026-01-19T19:07:00+08:00,true
TRACK0000271,TRK000000075,out_for_delivery,Singapore Delivery Hub,Courier is delivering the parcel,2026-01-20T11:07:00+08:00,true
TRACK0000272,TRK000000075,delivered,Singapore,Parcel delivered to the simulated buyer,2026-01-20T17:07:00+08:00,true
TRACK0000273,TRK000000076,pending_pickup,Shenzhen Demo Warehouse,Shipment information received,2026-03-30T13:34:00+08:00,true
TRACK0000274,TRK000000076,picked_up,Shenzhen Sorting Center,Parcel picked up by carrier,2026-03-31T10:34:00+08:00,true
TRACK0000275,TRK000000077,pending_pickup,Shenzhen Demo Warehouse,Shipment information received,2026-03-22T19:39:00+08:00,true
TRACK0000276,TRK000000077,in_transit,Regional Transit Hub,Parcel is moving to destination,2026-03-23T03:39:00+08:00,true
TRACK0000277,TRK000000077,out_for_delivery,Ho Chi Minh City Delivery Hub,Courier is delivering the parcel,2026-03-23T16:39:00+08:00,true
TRACK0000278,TRK000000077,delivered,Ho Chi Minh City,Parcel delivered to the simulated buyer,2026-03-24T03:39:00+08:00,true
TRACK0000279,TRK000000078,pending_pickup,Shenzhen Demo Warehouse,Shipment information received,2026-02-27T01:47:00+08:00,true
TRACK0000280,TRK000000078,picked_up,Shenzhen Sorting Center,Parcel picked up by carrier,2026-02-27T16:47:00+08:00,true
TRACK0000281,TRK000000078,in_transit,Regional Transit Hub,Parcel is moving to destination,2026-02-28T10:47:00+08:00,true
TRACK0000282,TRK000000078,delivered,Singapore,Parcel delivered to the simulated buyer,2026-02-28T15:47:00+08:00,true
TRACK0000283,TRK000000079,pending_pickup,Shenzhen Demo Warehouse,Shipment information received,2026-06-17T11:08:00+08:00,true
TRACK0000284,TRK000000079,picked_up,Shenzhen Sorting Center,Parcel picked up by carrier,2026-06-18T15:08:00+08:00,true
TRACK0000285,TRK000000079,in_transit,Regional Transit Hub,Parcel is moving to destination,2026-06-18T21:08:00+08:00,true
TRACK0000286,TRK000000082,pending_pickup,Shenzhen Demo Warehouse,Shipment information received,2026-03-21T01:56:00+08:00,true
TRACK0000287,TRK000000082,picked_up,Shenzhen Sorting Center,Parcel picked up by carrier,2026-03-21T14:56:00+08:00,true
TRACK0000288,TRK000000082,in_transit,Regional Transit Hub,Parcel is moving to destination,2026-03-22T00:56:00+08:00,true
TRACK0000289,TRK000000082,delivered,Kuala Lumpur,Parcel delivered to the simulated buyer,2026-03-22T06:56:00+08:00,true
TRACK0000290,TRK000000083,pending_pickup,Shenzhen Demo Warehouse,Shipment information received,2026-03-10T22:34:00+08:00,true
TRACK0000291,TRK000000083,picked_up,Shenzhen Sorting Center,Parcel picked up by carrier,2026-03-11T15:34:00+08:00,true
TRACK0000292,TRK000000083,in_transit,Regional Transit Hub,Parcel is moving to destination,2026-03-12T13:34:00+08:00,true
TRACK0000293,TRK000000083,customs_clearance,Kuala Lumpur Customs,Customs processing completed,2026-03-13T06:34:00+08:00,true
TRACK0000294,TRK000000083,delivered,Kuala Lumpur,Parcel delivered to the simulated buyer,2026-03-13T12:34:00+08:00,true
TRACK0000295,TRK000000084,pending_pickup,Shenzhen Demo Warehouse,Shipment information received,2026-04-02T15:05:00+08:00,true
TRACK0000296,TRK000000084,in_transit,Regional Transit Hub,Parcel is moving to destination,2026-04-03T06:05:00+08:00,true
TRACK0000297,TRK000000084,delivered,Ho Chi Minh City,Parcel delivered to the simulated buyer,2026-04-04T00:05:00+08:00,true
TRACK0000298,TRK000000085,pending_pickup,Shenzhen Demo Warehouse,Shipment information received,2026-06-27T22:14:00+08:00,true
TRACK0000299,TRK000000085,picked_up,Shenzhen Sorting Center,Parcel picked up by carrier,2026-06-29T02:14:00+08:00,true
TRACK0000300,TRK000000085,in_transit,Regional Transit Hub,Parcel is moving to destination,2026-06-29T12:14:00+08:00,true
TRACK0000301,TRK000000085,customs_clearance,Kuala Lumpur Customs,Customs processing completed,2026-06-29T19:14:00+08:00,true
TRACK0000302,TRK000000085,out_for_delivery,Kuala Lumpur Delivery Hub,Courier is delivering the parcel,2026-06-30T16:14:00+08:00,true
TRACK0000303,TRK000000085,delivered,Kuala Lumpur,Parcel delivered to the simulated buyer,2026-07-01T07:14:00+08:00,true
TRACK0000304,TRK000000086,pending_pickup,Shenzhen Demo Warehouse,Shipment information received,2026-06-20T13:15:00+08:00,true
TRACK0000305,TRK000000086,picked_up,Shenzhen Sorting Center,Parcel picked up by carrier,2026-06-20T19:15:00+08:00,true
TRACK0000306,TRK000000086,in_transit,Regional Transit Hub,Parcel is moving to destination,2026-06-21T02:15:00+08:00,true
TRACK0000307,TRK000000086,out_for_delivery,Bangkok Delivery Hub,Courier is delivering the parcel,2026-06-22T02:15:00+08:00,true
TRACK0000308,TRK000000086,delivered,Bangkok,Parcel delivered to the simulated buyer,2026-06-22T15:15:00+08:00,true
TRACK0000309,TRK000000087,pending_pickup,Shenzhen Demo Warehouse,Shipment information received,2026-06-04T00:33:00+08:00,true
TRACK0000310,TRK000000087,picked_up,Shenzhen Sorting Center,Parcel picked up by carrier,2026-06-04T08:33:00+08:00,true
TRACK0000311,TRK000000087,in_transit,Regional Transit Hub,Parcel is moving to destination,2026-06-04T19:33:00+08:00,true
TRACK0000312,TRK000000088,pending_pickup,Shenzhen Demo Warehouse,Shipment label created,2026-03-09T05:06:00+08:00,true
TRACK0000313,TRK000000088,pending_pickup,Shenzhen Demo Warehouse,Parcel packed and awaiting carrier pickup,2026-03-10T03:06:00+08:00,true
TRACK0000314,TRK000000089,pending_pickup,Shenzhen Demo Warehouse,Shipment information received,2026-03-20T02:08:00+08:00,true
TRACK0000315,TRK000000089,picked_up,Shenzhen Sorting Center,Parcel picked up by carrier,2026-03-20T07:08:00+08:00,true
TRACK0000316,TRK000000089,in_transit,Regional Transit Hub,Parcel is moving to destination,2026-03-20T22:08:00+08:00,true
TRACK0000317,TRK000000089,delivered,Bangkok,Parcel delivered to the simulated buyer,2026-03-21T03:08:00+08:00,true
TRACK0000318,TRK000000090,pending_pickup,Shenzhen Demo Warehouse,Shipment information received,2026-01-10T10:56:00+08:00,true
TRACK0000319,TRK000000090,picked_up,Shenzhen Sorting Center,Parcel picked up by carrier,2026-01-10T15:56:00+08:00,true
TRACK0000320,TRK000000090,in_transit,Regional Transit Hub,Parcel is moving to destination,2026-01-11T14:56:00+08:00,true
TRACK0000321,TRK000000090,customs_clearance,Jakarta Customs,Customs processing completed,2026-01-12T14:56:00+08:00,true
TRACK0000322,TRK000000090,out_for_delivery,Jakarta Delivery Hub,Courier is delivering the parcel,2026-01-12T21:56:00+08:00,true
TRACK0000323,TRK000000090,delivered,Jakarta,Parcel delivered to the simulated buyer,2026-01-13T11:56:00+08:00,true
TRACK0000324,TRK000000091,pending_pickup,Shenzhen Demo Warehouse,Shipment label created,2026-01-18T04:24:00+08:00,true
TRACK0000325,TRK000000091,pending_pickup,Shenzhen Demo Warehouse,Parcel packed and awaiting carrier pickup,2026-01-18T15:24:00+08:00,true
TRACK0000326,TRK000000092,pending_pickup,Shenzhen Demo Warehouse,Shipment information received,2026-06-04T05:30:00+08:00,true
TRACK0000327,TRK000000092,picked_up,Shenzhen Sorting Center,Parcel picked up by carrier,2026-06-04T20:30:00+08:00,true
TRACK0000328,TRK000000092,in_transit,Regional Transit Hub,Parcel is moving to destination,2026-06-06T00:30:00+08:00,true
TRACK0000329,TRK000000092,out_for_delivery,Jakarta Delivery Hub,Courier is delivering the parcel,2026-06-06T06:30:00+08:00,true
TRACK0000330,TRK000000092,delivered,Jakarta,Parcel delivered to the simulated buyer,2026-06-07T08:30:00+08:00,true
TRACK0000331,TRK000000093,pending_pickup,Shenzhen Demo Warehouse,Shipment information received,2026-01-18T13:14:00+08:00,true
TRACK0000332,TRK000000093,picked_up,Shenzhen Sorting Center,Parcel picked up by carrier,2026-01-19T11:14:00+08:00,true
TRACK0000333,TRK000000093,customs_clearance,Singapore Customs,Customs processing completed,2026-01-20T09:14:00+08:00,true
TRACK0000334,TRK000000093,out_for_delivery,Singapore Delivery Hub,Courier is delivering the parcel,2026-01-21T08:14:00+08:00,true
TRACK0000335,TRK000000093,delivered,Singapore,Parcel delivered to the simulated buyer,2026-01-21T18:14:00+08:00,true
TRACK0000336,TRK000000094,pending_pickup,Shenzhen Demo Warehouse,Shipment information received,2026-04-26T21:21:00+08:00,true
TRACK0000337,TRK000000094,in_transit,Regional Transit Hub,Parcel is moving to destination,2026-04-27T17:21:00+08:00,true
TRACK0000338,TRK000000094,delivered,Kuala Lumpur,Parcel delivered to the simulated buyer,2026-04-28T15:21:00+08:00,true
TRACK0000339,TRK000000095,pending_pickup,Shenzhen Demo Warehouse,Shipment label created,2026-06-12T16:07:00+08:00,true
TRACK0000340,TRK000000095,pending_pickup,Shenzhen Demo Warehouse,Parcel packed and awaiting carrier pickup,2026-06-13T03:07:00+08:00,true
TRACK0000341,TRK000000096,pending_pickup,Shenzhen Demo Warehouse,Shipment information received,2026-03-13T00:31:00+08:00,true
TRACK0000342,TRK000000096,picked_up,Shenzhen Sorting Center,Parcel picked up by carrier,2026-03-14T02:31:00+08:00,true
TRACK0000343,TRK000000096,in_transit,Regional Transit Hub,Parcel is moving to destination,2026-03-14T20:31:00+08:00,true
TRACK0000344,TRK000000096,delivered,Manila,Parcel delivered to the simulated buyer,2026-03-15T11:31:00+08:00,true
TRACK0000345,TRK000000097,pending_pickup,Shenzhen Demo Warehouse,Shipment information received,2026-05-27T02:20:00+08:00,true
TRACK0000346,TRK000000097,customs_clearance,Singapore Customs,Customs processing completed,2026-05-27T13:20:00+08:00,true
TRACK0000347,TRK000000097,delivered,Singapore,Parcel delivered to the simulated buyer,2026-05-28T00:20:00+08:00,true
TRACK0000348,TRK000000098,pending_pickup,Shenzhen Demo Warehouse,Shipment information received,2026-01-18T21:29:00+08:00,true
TRACK0000349,TRK000000098,picked_up,Shenzhen Sorting Center,Parcel picked up by carrier,2026-01-20T00:29:00+08:00,true
TRACK0000350,TRK000000098,in_transit,Regional Transit Hub,Parcel is moving to destination,2026-01-20T12:29:00+08:00,true
TRACK0000351,TRK000000098,customs_clearance,Kuala Lumpur Customs,Customs processing completed,2026-01-20T22:29:00+08:00,true
TRACK0000352,TRK000000098,out_for_delivery,Kuala Lumpur Delivery Hub,Courier is delivering the parcel,2026-01-21T10:29:00+08:00,true
TRACK0000353,TRK000000098,delivered,Kuala Lumpur,Parcel delivered to the simulated buyer,2026-01-21T22:29:00+08:00,true
TRACK0000354,TRK000000099,pending_pickup,Shenzhen Demo Warehouse,Shipment information received,2026-04-09T00:22:00+08:00,true
TRACK0000355,TRK000000099,customs_clearance,Jakarta Customs,Customs processing completed,2026-04-09T10:22:00+08:00,true
TRACK0000356,TRK000000099,delivered,Jakarta,Parcel delivered to the simulated buyer,2026-04-10T07:22:00+08:00,true
TRACK0000357,TRK000000100,pending_pickup,Shenzhen Demo Warehouse,Shipment information received,2026-05-16T06:21:00+08:00,true
TRACK0000358,TRK000000100,in_transit,Regional Transit Hub,Parcel is moving to destination,2026-05-17T05:21:00+08:00,true
TRACK0000359,TRK000000100,customs_clearance,Bangkok Customs,Customs processing completed,2026-05-18T05:21:00+08:00,true
TRACK0000360,TRK000000101,pending_pickup,Shenzhen Demo Warehouse,Shipment information received,2026-04-20T00:29:00+08:00,true
TRACK0000361,TRK000000101,in_transit,Regional Transit Hub,Parcel is moving to destination,2026-04-20T13:29:00+08:00,true
TRACK0000362,TRK000000101,delivered,Bangkok,Parcel delivered to the simulated buyer,2026-04-21T02:29:00+08:00,true
TRACK0000363,TRK000000102,pending_pickup,Shenzhen Demo Warehouse,Shipment information received,2026-05-11T05:21:00+08:00,true
TRACK0000364,TRK000000102,in_transit,Regional Transit Hub,Parcel is moving to destination,2026-05-12T00:21:00+08:00,true
TRACK0000365,TRK000000102,customs_clearance,Ho Chi Minh City Customs,Customs processing completed,2026-05-13T03:21:00+08:00,true
TRACK0000366,TRK000000102,out_for_delivery,Ho Chi Minh City Delivery Hub,Courier is delivering the parcel,2026-05-13T21:21:00+08:00,true
TRACK0000367,TRK000000102,delivered,Ho Chi Minh City,Parcel delivered to the simulated buyer,2026-05-14T15:21:00+08:00,true
TRACK0000368,TRK000000103,pending_pickup,Shenzhen Demo Warehouse,Shipment information received,2026-02-20T21:01:00+08:00,true
TRACK0000369,TRK000000103,picked_up,Shenzhen Sorting Center,Parcel picked up by carrier,2026-02-21T21:01:00+08:00,true
TRACK0000370,TRK000000103,delivered,Ho Chi Minh City,Parcel delivered to the simulated buyer,2026-02-22T04:01:00+08:00,true
TRACK0000371,TRK000000104,pending_pickup,Shenzhen Demo Warehouse,Shipment information received,2026-02-08T00:15:00+08:00,true
TRACK0000372,TRK000000104,picked_up,Shenzhen Sorting Center,Parcel picked up by carrier,2026-02-08T13:15:00+08:00,true
TRACK0000373,TRK000000104,customs_clearance,Kuala Lumpur Customs,Customs processing completed,2026-02-09T08:15:00+08:00,true
TRACK0000374,TRK000000104,delivered,Kuala Lumpur,Parcel delivered to the simulated buyer,2026-02-10T05:15:00+08:00,true
TRACK0000375,TRK000000105,pending_pickup,Shenzhen Demo Warehouse,Shipment information received,2026-05-05T05:54:00+08:00,true
TRACK0000376,TRK000000105,picked_up,Shenzhen Sorting Center,Parcel picked up by carrier,2026-05-06T05:54:00+08:00,true
TRACK0000377,TRK000000105,in_transit,Regional Transit Hub,Parcel is moving to destination,2026-05-06T13:54:00+08:00,true
TRACK0000378,TRK000000105,customs_clearance,Kuala Lumpur Customs,Customs processing completed,2026-05-07T00:54:00+08:00,true
TRACK0000379,TRK000000105,delivered,Kuala Lumpur,Parcel delivered to the simulated buyer,2026-05-08T04:54:00+08:00,true
TRACK0000380,TRK000000106,pending_pickup,Shenzhen Demo Warehouse,Shipment information received,2026-04-07T11:33:00+08:00,true
TRACK0000381,TRK000000106,picked_up,Shenzhen Sorting Center,Parcel picked up by carrier,2026-04-08T08:33:00+08:00,true
TRACK0000382,TRK000000106,in_transit,Regional Transit Hub,Parcel is moving to destination,2026-04-09T06:33:00+08:00,true
TRACK0000383,TRK000000106,customs_clearance,Manila Customs,Customs processing completed,2026-04-10T04:33:00+08:00,true
TRACK0000384,TRK000000106,out_for_delivery,Manila Delivery Hub,Courier is delivering the parcel,2026-04-10T12:33:00+08:00,true
TRACK0000385,TRK000000106,delivered,Manila,Parcel delivered to the simulated buyer,2026-04-10T18:33:00+08:00,true
TRACK0000386,TRK000000107,pending_pickup,Shenzhen Demo Warehouse,Shipment information received,2026-01-20T23:31:00+08:00,true
TRACK0000387,TRK000000107,picked_up,Shenzhen Sorting Center,Parcel picked up by carrier,2026-01-21T04:31:00+08:00,true
TRACK0000388,TRK000000107,in_transit,Regional Transit Hub,Parcel is moving to destination,2026-01-21T09:31:00+08:00,true
TRACK0000389,TRK000000107,customs_clearance,Bangkok Customs,Customs processing completed,2026-01-21T19:31:00+08:00,true
TRACK0000390,TRK000000107,out_for_delivery,Bangkok Delivery Hub,Courier is delivering the parcel,2026-01-22T08:31:00+08:00,true
TRACK0000391,TRK000000107,delivered,Bangkok,Parcel delivered to the simulated buyer,2026-01-23T06:31:00+08:00,true
TRACK0000392,TRK000000109,pending_pickup,Shenzhen Demo Warehouse,Shipment information received,2026-06-28T11:05:00+08:00,true
TRACK0000393,TRK000000109,picked_up,Shenzhen Sorting Center,Parcel picked up by carrier,2026-06-29T12:05:00+08:00,true
TRACK0000394,TRK000000109,in_transit,Regional Transit Hub,Parcel is moving to destination,2026-06-29T23:05:00+08:00,true
TRACK0000395,TRK000000109,exception,Regional Transit Hub,Temporary routing exception; manual review required,2026-06-30T17:05:00+08:00,true
TRACK0000396,TRK000000110,pending_pickup,Shenzhen Demo Warehouse,Shipment label created,2026-06-29T16:05:00+08:00,true
TRACK0000397,TRK000000110,pending_pickup,Shenzhen Demo Warehouse,Parcel packed and awaiting carrier pickup,2026-06-30T14:05:00+08:00,true
TRACK0000398,TRK000000111,pending_pickup,Shenzhen Demo Warehouse,Shipment information received,2026-02-04T10:07:00+08:00,true
TRACK0000399,TRK000000111,picked_up,Shenzhen Sorting Center,Parcel picked up by carrier,2026-02-05T08:07:00+08:00,true
TRACK0000400,TRK000000111,in_transit,Regional Transit Hub,Parcel is moving to destination,2026-02-05T19:07:00+08:00,true
TRACK0000401,TRK000000111,customs_clearance,Kuala Lumpur Customs,Customs processing completed,2026-02-06T16:07:00+08:00,true
TRACK0000402,TRK000000112,pending_pickup,Shenzhen Demo Warehouse,Shipment information received,2026-04-13T20:33:00+08:00,true
TRACK0000403,TRK000000112,picked_up,Shenzhen Sorting Center,Parcel picked up by carrier,2026-04-14T21:33:00+08:00,true
TRACK0000404,TRK000000112,in_transit,Regional Transit Hub,Parcel is moving to destination,2026-04-15T19:33:00+08:00,true
TRACK0000405,TRK000000112,customs_clearance,Bangkok Customs,Customs processing completed,2026-04-16T11:33:00+08:00,true
TRACK0000406,TRK000000112,out_for_delivery,Bangkok Delivery Hub,Courier is delivering the parcel,2026-04-17T07:33:00+08:00,true
TRACK0000407,TRK000000112,delivered,Bangkok,Parcel delivered to the simulated buyer,2026-04-18T08:33:00+08:00,true
TRACK0000408,TRK000000113,pending_pickup,Shenzhen Demo Warehouse,Shipment information received,2026-03-30T14:44:00+08:00,true
TRACK0000409,TRK000000113,picked_up,Shenzhen Sorting Center,Parcel picked up by carrier,2026-03-30T20:44:00+08:00,true
TRACK0000410,TRK000000113,in_transit,Regional Transit Hub,Parcel is moving to destination,2026-03-31T03:44:00+08:00,true
TRACK0000411,TRK000000113,customs_clearance,Kuala Lumpur Customs,Customs processing completed,2026-03-31T12:44:00+08:00,true
TRACK0000412,TRK000000113,delivered,Kuala Lumpur,Parcel delivered to the simulated buyer,2026-04-01T02:44:00+08:00,true
TRACK0000413,TRK000000114,pending_pickup,Shenzhen Demo Warehouse,Shipment information received,2026-04-05T16:17:00+08:00,true
TRACK0000414,TRK000000114,picked_up,Shenzhen Sorting Center,Parcel picked up by carrier,2026-04-06T03:17:00+08:00,true
TRACK0000415,TRK000000114,in_transit,Regional Transit Hub,Parcel is moving to destination,2026-04-06T20:17:00+08:00,true
TRACK0000416,TRK000000114,out_for_delivery,Manila Delivery Hub,Courier is delivering the parcel,2026-04-07T10:17:00+08:00,true
TRACK0000417,TRK000000114,delivered,Manila,Parcel delivered to the simulated buyer,2026-04-08T06:17:00+08:00,true
TRACK0000418,TRK000000115,pending_pickup,Shenzhen Demo Warehouse,Shipment information received,2026-04-27T23:38:00+08:00,true
TRACK0000419,TRK000000115,picked_up,Shenzhen Sorting Center,Parcel picked up by carrier,2026-04-28T13:38:00+08:00,true
TRACK0000420,TRK000000115,in_transit,Regional Transit Hub,Parcel is moving to destination,2026-04-29T02:38:00+08:00,true
TRACK0000421,TRK000000116,pending_pickup,Shenzhen Demo Warehouse,Shipment information received,2026-05-06T16:24:00+08:00,true
TRACK0000422,TRK000000116,picked_up,Shenzhen Sorting Center,Parcel picked up by carrier,2026-05-07T10:24:00+08:00,true
TRACK0000423,TRK000000116,in_transit,Regional Transit Hub,Parcel is moving to destination,2026-05-08T14:24:00+08:00,true
TRACK0000424,TRK000000116,customs_clearance,Jakarta Customs,Customs processing completed,2026-05-09T04:24:00+08:00,true
TRACK0000425,TRK000000116,delivered,Jakarta,Parcel delivered to the simulated buyer,2026-05-09T22:24:00+08:00,true
TRACK0000426,TRK000000117,pending_pickup,Shenzhen Demo Warehouse,Shipment label created,2026-02-22T22:37:00+08:00,true
TRACK0000427,TRK000000117,pending_pickup,Shenzhen Demo Warehouse,Parcel packed and awaiting carrier pickup,2026-02-23T10:37:00+08:00,true
TRACK0000428,TRK000000118,pending_pickup,Shenzhen Demo Warehouse,Shipment information received,2026-02-24T16:02:00+08:00,true
TRACK0000429,TRK000000118,picked_up,Shenzhen Sorting Center,Parcel picked up by carrier,2026-02-25T16:02:00+08:00,true
TRACK0000430,TRK000000118,in_transit,Regional Transit Hub,Parcel is moving to destination,2026-02-26T10:02:00+08:00,true
TRACK0000431,TRK000000118,customs_clearance,Manila Customs,Customs processing completed,2026-02-27T12:02:00+08:00,true
TRACK0000432,TRK000000118,delivered,Manila,Parcel delivered to the simulated buyer,2026-02-28T13:02:00+08:00,true
TRACK0000433,TRK000000119,pending_pickup,Shenzhen Demo Warehouse,Shipment information received,2026-05-26T20:03:00+08:00,true
TRACK0000434,TRK000000119,in_transit,Regional Transit Hub,Parcel is moving to destination,2026-05-27T23:03:00+08:00,true
TRACK0000435,TRK000000119,customs_clearance,Jakarta Customs,Customs processing completed,2026-05-28T07:03:00+08:00,true
TRACK0000436,TRK000000119,out_for_delivery,Jakarta Delivery Hub,Courier is delivering the parcel,2026-05-28T12:03:00+08:00,true
TRACK0000437,TRK000000119,delivered,Jakarta,Parcel delivered to the simulated buyer,2026-05-28T22:03:00+08:00,true
TRACK0000438,TRK000000120,pending_pickup,Shenzhen Demo Warehouse,Shipment label created,2026-03-16T06:39:00+08:00,true
TRACK0000439,TRK000000120,pending_pickup,Shenzhen Demo Warehouse,Parcel packed and awaiting carrier pickup,2026-03-16T19:39:00+08:00,true
TRACK0000440,TRK000000121,pending_pickup,Shenzhen Demo Warehouse,Shipment label created,2026-05-10T22:39:00+08:00,true
TRACK0000441,TRK000000121,pending_pickup,Shenzhen Demo Warehouse,Parcel packed and awaiting carrier pickup,2026-05-11T04:39:00+08:00,true
TRACK0000442,TRK000000122,pending_pickup,Shenzhen Demo Warehouse,Shipment information received,2026-03-12T06:19:00+08:00,true
TRACK0000443,TRK000000122,picked_up,Shenzhen Sorting Center,Parcel picked up by carrier,2026-03-12T23:19:00+08:00,true
TRACK0000444,TRK000000122,in_transit,Regional Transit Hub,Parcel is moving to destination,2026-03-13T07:19:00+08:00,true
TRACK0000445,TRK000000122,customs_clearance,Bangkok Customs,Customs processing completed,2026-03-14T07:19:00+08:00,true
TRACK0000446,TRK000000122,delivered,Bangkok,Parcel delivered to the simulated buyer,2026-03-14T15:19:00+08:00,true
TRACK0000447,TRK000000123,pending_pickup,Shenzhen Demo Warehouse,Shipment information received,2026-05-19T21:49:00+08:00,true
TRACK0000448,TRK000000123,in_transit,Regional Transit Hub,Parcel is moving to destination,2026-05-20T10:49:00+08:00,true
TRACK0000449,TRK000000124,pending_pickup,Shenzhen Demo Warehouse,Shipment information received,2026-02-11T13:58:00+08:00,true
TRACK0000450,TRK000000124,picked_up,Shenzhen Sorting Center,Parcel picked up by carrier,2026-02-11T18:58:00+08:00,true
TRACK0000451,TRK000000125,pending_pickup,Shenzhen Demo Warehouse,Shipment information received,2026-06-07T18:59:00+08:00,true
TRACK0000452,TRK000000125,picked_up,Shenzhen Sorting Center,Parcel picked up by carrier,2026-06-08T02:59:00+08:00,true
TRACK0000453,TRK000000125,customs_clearance,Kuala Lumpur Customs,Customs processing completed,2026-06-08T17:59:00+08:00,true
TRACK0000454,TRK000000125,out_for_delivery,Kuala Lumpur Delivery Hub,Courier is delivering the parcel,2026-06-09T15:59:00+08:00,true
TRACK0000455,TRK000000125,delivered,Kuala Lumpur,Parcel delivered to the simulated buyer,2026-06-10T05:59:00+08:00,true
TRACK0000456,TRK000000126,pending_pickup,Shenzhen Demo Warehouse,Shipment information received,2026-02-04T16:59:00+08:00,true
TRACK0000457,TRK000000126,picked_up,Shenzhen Sorting Center,Parcel picked up by carrier,2026-02-05T03:59:00+08:00,true
TRACK0000458,TRK000000126,in_transit,Regional Transit Hub,Parcel is moving to destination,2026-02-06T00:59:00+08:00,true
TRACK0000459,TRK000000126,customs_clearance,Singapore Customs,Customs processing completed,2026-02-07T02:59:00+08:00,true
TRACK0000460,TRK000000126,delivered,Singapore,Parcel delivered to the simulated buyer,2026-02-08T00:59:00+08:00,true
TRACK0000461,TRK000000128,pending_pickup,Shenzhen Demo Warehouse,Shipment information received,2026-01-25T00:51:00+08:00,true
TRACK0000462,TRK000000128,picked_up,Shenzhen Sorting Center,Parcel picked up by carrier,2026-01-25T22:51:00+08:00,true
TRACK0000463,TRK000000128,in_transit,Regional Transit Hub,Parcel is moving to destination,2026-01-26T17:51:00+08:00,true
TRACK0000464,TRK000000128,out_for_delivery,Manila Delivery Hub,Courier is delivering the parcel,2026-01-27T19:51:00+08:00,true
TRACK0000465,TRK000000128,delivered,Manila,Parcel delivered to the simulated buyer,2026-01-28T17:51:00+08:00,true
TRACK0000466,TRK000000129,pending_pickup,Shenzhen Demo Warehouse,Shipment information received,2026-05-10T21:15:00+08:00,true
TRACK0000467,TRK000000129,delivered,Manila,Parcel delivered to the simulated buyer,2026-05-11T09:15:00+08:00,true
TRACK0000468,TRK000000130,pending_pickup,Shenzhen Demo Warehouse,Shipment information received,2026-06-04T09:35:00+08:00,true
TRACK0000469,TRK000000130,picked_up,Shenzhen Sorting Center,Parcel picked up by carrier,2026-06-04T15:35:00+08:00,true
TRACK0000470,TRK000000130,customs_clearance,Bangkok Customs,Customs processing completed,2026-06-05T16:35:00+08:00,true
TRACK0000471,TRK000000130,delivered,Bangkok,Parcel delivered to the simulated buyer,2026-06-06T11:35:00+08:00,true
TRACK0000472,TRK000000131,pending_pickup,Shenzhen Demo Warehouse,Shipment information received,2026-06-09T07:48:00+08:00,true
TRACK0000473,TRK000000131,picked_up,Shenzhen Sorting Center,Parcel picked up by carrier,2026-06-10T05:48:00+08:00,true
TRACK0000474,TRK000000131,in_transit,Regional Transit Hub,Parcel is moving to destination,2026-06-10T23:48:00+08:00,true
TRACK0000475,TRK000000132,pending_pickup,Shenzhen Demo Warehouse,Shipment information received,2026-01-24T17:27:00+08:00,true
TRACK0000476,TRK000000132,picked_up,Shenzhen Sorting Center,Parcel picked up by carrier,2026-01-25T12:27:00+08:00,true
TRACK0000477,TRK000000132,customs_clearance,Manila Customs,Customs processing completed,2026-01-26T11:27:00+08:00,true
TRACK0000478,TRK000000132,out_for_delivery,Manila Delivery Hub,Courier is delivering the parcel,2026-01-27T09:27:00+08:00,true
TRACK0000479,TRK000000132,delivered,Manila,Parcel delivered to the simulated buyer,2026-01-27T22:27:00+08:00,true
TRACK0000480,TRK000000133,pending_pickup,Shenzhen Demo Warehouse,Shipment information received,2026-04-11T06:26:00+08:00,true
TRACK0000481,TRK000000133,in_transit,Regional Transit Hub,Parcel is moving to destination,2026-04-11T21:26:00+08:00,true
TRACK0000482,TRK000000133,customs_clearance,Bangkok Customs,Customs processing completed,2026-04-12T18:26:00+08:00,true
TRACK0000483,TRK000000133,delivered,Bangkok,Parcel delivered to the simulated buyer,2026-04-13T22:26:00+08:00,true
TRACK0000484,TRK000000134,pending_pickup,Shenzhen Demo Warehouse,Shipment information received,2026-05-19T16:11:00+08:00,true
TRACK0000485,TRK000000134,in_transit,Regional Transit Hub,Parcel is moving to destination,2026-05-20T04:11:00+08:00,true
TRACK0000486,TRK000000134,customs_clearance,Singapore Customs,Customs processing completed,2026-05-20T11:11:00+08:00,true
TRACK0000487,TRK000000134,out_for_delivery,Singapore Delivery Hub,Courier is delivering the parcel,2026-05-21T06:11:00+08:00,true
TRACK0000488,TRK000000134,delivered,Singapore,Parcel delivered to the simulated buyer,2026-05-21T22:11:00+08:00,true
TRACK0000489,TRK000000135,pending_pickup,Shenzhen Demo Warehouse,Shipment information received,2026-05-05T05:29:00+08:00,true
TRACK0000490,TRK000000135,picked_up,Shenzhen Sorting Center,Parcel picked up by carrier,2026-05-05T21:29:00+08:00,true
TRACK0000491,TRK000000135,out_for_delivery,Kuala Lumpur Delivery Hub,Courier is delivering the parcel,2026-05-06T04:29:00+08:00,true
TRACK0000492,TRK000000135,delivered,Kuala Lumpur,Parcel delivered to the simulated buyer,2026-05-07T06:29:00+08:00,true
TRACK0000493,TRK000000136,pending_pickup,Shenzhen Demo Warehouse,Shipment information received,2026-03-16T00:35:00+08:00,true
TRACK0000494,TRK000000136,picked_up,Shenzhen Sorting Center,Parcel picked up by carrier,2026-03-16T06:35:00+08:00,true
TRACK0000495,TRK000000136,customs_clearance,Singapore Customs,Customs processing completed,2026-03-16T21:35:00+08:00,true
TRACK0000496,TRK000000136,out_for_delivery,Singapore Delivery Hub,Courier is delivering the parcel,2026-03-17T22:35:00+08:00,true
TRACK0000497,TRK000000136,delivered,Singapore,Parcel delivered to the simulated buyer,2026-03-18T03:35:00+08:00,true
TRACK0000498,TRK000000137,pending_pickup,Shenzhen Demo Warehouse,Shipment information received,2026-03-10T12:11:00+08:00,true
TRACK0000499,TRK000000137,picked_up,Shenzhen Sorting Center,Parcel picked up by carrier,2026-03-11T03:11:00+08:00,true
TRACK0000500,TRK000000137,delivered,Manila,Parcel delivered to the simulated buyer,2026-03-11T11:11:00+08:00,true
TRACK0000501,TRK000000138,pending_pickup,Shenzhen Demo Warehouse,Shipment information received,2026-05-31T02:31:00+08:00,true
TRACK0000502,TRK000000138,in_transit,Regional Transit Hub,Parcel is moving to destination,2026-05-31T19:31:00+08:00,true
TRACK0000503,TRK000000138,customs_clearance,Jakarta Customs,Customs processing completed,2026-06-01T11:31:00+08:00,true
TRACK0000504,TRK000000138,out_for_delivery,Jakarta Delivery Hub,Courier is delivering the parcel,2026-06-02T02:31:00+08:00,true
TRACK0000505,TRK000000138,delivered,Jakarta,Parcel delivered to the simulated buyer,2026-06-02T08:31:00+08:00,true
TRACK0000506,TRK000000139,pending_pickup,Shenzhen Demo Warehouse,Shipment label created,2026-03-13T05:24:00+08:00,true
TRACK0000507,TRK000000139,pending_pickup,Shenzhen Demo Warehouse,Parcel packed and awaiting carrier pickup,2026-03-13T20:24:00+08:00,true
TRACK0000508,TRK000000140,pending_pickup,Shenzhen Demo Warehouse,Shipment information received,2026-01-27T19:13:00+08:00,true
TRACK0000509,TRK000000140,in_transit,Regional Transit Hub,Parcel is moving to destination,2026-01-28T12:13:00+08:00,true
TRACK0000510,TRK000000140,customs_clearance,Jakarta Customs,Customs processing completed,2026-01-28T19:13:00+08:00,true
TRACK0000511,TRK000000140,delivered,Jakarta,Parcel delivered to the simulated buyer,2026-01-29T10:13:00+08:00,true
TRACK0000512,TRK000000141,pending_pickup,Shenzhen Demo Warehouse,Shipment information received,2026-01-11T23:42:00+08:00,true
TRACK0000513,TRK000000141,in_transit,Regional Transit Hub,Parcel is moving to destination,2026-01-12T07:42:00+08:00,true
TRACK0000514,TRK000000141,delivered,Singapore,Parcel delivered to the simulated buyer,2026-01-12T17:42:00+08:00,true
TRACK0000515,TRK000000142,pending_pickup,Shenzhen Demo Warehouse,Shipment information received,2026-03-16T16:18:00+08:00,true
TRACK0000516,TRK000000142,picked_up,Shenzhen Sorting Center,Parcel picked up by carrier,2026-03-17T03:18:00+08:00,true
TRACK0000517,TRK000000142,in_transit,Regional Transit Hub,Parcel is moving to destination,2026-03-17T23:18:00+08:00,true
TRACK0000518,TRK000000142,exception,Regional Transit Hub,Temporary routing exception; manual review required,2026-03-18T19:18:00+08:00,true
TRACK0000519,TRK000000143,pending_pickup,Shenzhen Demo Warehouse,Shipment label created,2026-04-20T00:32:00+08:00,true
TRACK0000520,TRK000000143,pending_pickup,Shenzhen Demo Warehouse,Parcel packed and awaiting carrier pickup,2026-04-20T18:32:00+08:00,true
TRACK0000521,TRK000000144,pending_pickup,Shenzhen Demo Warehouse,Shipment label created,2026-03-30T17:32:00+08:00,true
TRACK0000522,TRK000000144,pending_pickup,Shenzhen Demo Warehouse,Parcel packed and awaiting carrier pickup,2026-03-31T05:32:00+08:00,true
TRACK0000523,TRK000000145,pending_pickup,Shenzhen Demo Warehouse,Shipment information received,2026-06-01T17:47:00+08:00,true
TRACK0000524,TRK000000145,picked_up,Shenzhen Sorting Center,Parcel picked up by carrier,2026-06-01T22:47:00+08:00,true
TRACK0000525,TRK000000145,in_transit,Regional Transit Hub,Parcel is moving to destination,2026-06-02T16:47:00+08:00,true
TRACK0000526,TRK000000145,customs_clearance,Jakarta Customs,Customs processing completed,2026-06-03T13:47:00+08:00,true
TRACK0000527,TRK000000146,pending_pickup,Shenzhen Demo Warehouse,Shipment information received,2026-02-11T09:21:00+08:00,true
TRACK0000528,TRK000000146,picked_up,Shenzhen Sorting Center,Parcel picked up by carrier,2026-02-11T19:21:00+08:00,true
TRACK0000529,TRK000000146,delivered,Singapore,Parcel delivered to the simulated buyer,2026-02-12T14:21:00+08:00,true
TRACK0000530,TRK000000148,pending_pickup,Shenzhen Demo Warehouse,Shipment information received,2026-03-03T15:40:00+08:00,true
TRACK0000531,TRK000000148,in_transit,Regional Transit Hub,Parcel is moving to destination,2026-03-03T21:40:00+08:00,true
TRACK0000532,TRK000000148,delivered,Kuala Lumpur,Parcel delivered to the simulated buyer,2026-03-04T14:40:00+08:00,true
TRACK0000533,TRK000000150,pending_pickup,Shenzhen Demo Warehouse,Shipment information received,2026-01-12T14:18:00+08:00,true
TRACK0000534,TRK000000150,picked_up,Shenzhen Sorting Center,Parcel picked up by carrier,2026-01-12T21:18:00+08:00,true
TRACK0000535,TRK000000150,in_transit,Regional Transit Hub,Parcel is moving to destination,2026-01-13T23:18:00+08:00,true
TRACK0000536,TRK000000150,customs_clearance,Manila Customs,Customs processing completed,2026-01-15T01:18:00+08:00,true
TRACK0000537,TRK000000150,out_for_delivery,Manila Delivery Hub,Courier is delivering the parcel,2026-01-15T10:18:00+08:00,true
TRACK0000538,TRK000000150,delivered,Manila,Parcel delivered to the simulated buyer,2026-01-16T06:18:00+08:00,true
TRACK0000539,TRK000000151,pending_pickup,Shenzhen Demo Warehouse,Shipment information received,2026-02-11T17:42:00+08:00,true
TRACK0000540,TRK000000151,picked_up,Shenzhen Sorting Center,Parcel picked up by carrier,2026-02-12T10:42:00+08:00,true
TRACK0000541,TRK000000151,in_transit,Regional Transit Hub,Parcel is moving to destination,2026-02-13T09:42:00+08:00,true
TRACK0000542,TRK000000151,customs_clearance,Kuala Lumpur Customs,Customs processing completed,2026-02-14T13:42:00+08:00,true
TRACK0000543,TRK000000151,out_for_delivery,Kuala Lumpur Delivery Hub,Courier is delivering the parcel,2026-02-15T14:42:00+08:00,true
TRACK0000544,TRK000000151,delivered,Kuala Lumpur,Parcel delivered to the simulated buyer,2026-02-16T07:42:00+08:00,true
TRACK0000545,TRK000000152,pending_pickup,Shenzhen Demo Warehouse,Shipment information received,2026-02-01T21:41:00+08:00,true
TRACK0000546,TRK000000152,picked_up,Shenzhen Sorting Center,Parcel picked up by carrier,2026-02-02T15:41:00+08:00,true
TRACK0000547,TRK000000152,in_transit,Regional Transit Hub,Parcel is moving to destination,2026-02-03T18:41:00+08:00,true
TRACK0000548,TRK000000152,customs_clearance,Singapore Customs,Customs processing completed,2026-02-04T09:41:00+08:00,true
TRACK0000549,TRK000000152,out_for_delivery,Singapore Delivery Hub,Courier is delivering the parcel,2026-02-04T22:41:00+08:00,true
TRACK0000550,TRK000000152,delivered,Singapore,Parcel delivered to the simulated buyer,2026-02-05T18:41:00+08:00,true
TRACK0000551,TRK000000153,pending_pickup,Shenzhen Demo Warehouse,Shipment label created,2026-03-19T13:41:00+08:00,true
TRACK0000552,TRK000000153,pending_pickup,Shenzhen Demo Warehouse,Parcel packed and awaiting carrier pickup,2026-03-19T22:41:00+08:00,true
TRACK0000553,TRK000000154,pending_pickup,Shenzhen Demo Warehouse,Shipment information received,2026-05-27T01:10:00+08:00,true
TRACK0000554,TRK000000154,picked_up,Shenzhen Sorting Center,Parcel picked up by carrier,2026-05-27T19:10:00+08:00,true
TRACK0000555,TRK000000154,in_transit,Regional Transit Hub,Parcel is moving to destination,2026-05-28T16:10:00+08:00,true
TRACK0000556,TRK000000154,customs_clearance,Ho Chi Minh City Customs,Customs processing completed,2026-05-29T10:10:00+08:00,true
TRACK0000557,TRK000000154,out_for_delivery,Ho Chi Minh City Delivery Hub,Courier is delivering the parcel,2026-05-30T14:10:00+08:00,true
TRACK0000558,TRK000000154,delivered,Ho Chi Minh City,Parcel delivered to the simulated buyer,2026-05-30T21:10:00+08:00,true
TRACK0000559,TRK000000155,pending_pickup,Shenzhen Demo Warehouse,Shipment information received,2026-06-29T22:58:00+08:00,true
TRACK0000560,TRK000000155,customs_clearance,Jakarta Customs,Customs processing completed,2026-06-30T20:58:00+08:00,true
TRACK0000561,TRK000000155,out_for_delivery,Jakarta Delivery Hub,Courier is delivering the parcel,2026-07-01T15:58:00+08:00,true
TRACK0000562,TRK000000155,delivered,Jakarta,Parcel delivered to the simulated buyer,2026-07-02T12:58:00+08:00,true
TRACK0000563,TRK000000156,pending_pickup,Shenzhen Demo Warehouse,Shipment information received,2026-05-16T00:55:00+08:00,true
TRACK0000564,TRK000000156,picked_up,Shenzhen Sorting Center,Parcel picked up by carrier,2026-05-16T10:55:00+08:00,true
TRACK0000565,TRK000000156,in_transit,Regional Transit Hub,Parcel is moving to destination,2026-05-16T18:55:00+08:00,true
TRACK0000566,TRK000000156,customs_clearance,Singapore Customs,Customs processing completed,2026-05-17T07:55:00+08:00,true
TRACK0000567,TRK000000156,out_for_delivery,Singapore Delivery Hub,Courier is delivering the parcel,2026-05-17T16:55:00+08:00,true
TRACK0000568,TRK000000156,delivered,Singapore,Parcel delivered to the simulated buyer,2026-05-18T18:55:00+08:00,true
TRACK0000569,TRK000000157,pending_pickup,Shenzhen Demo Warehouse,Shipment information received,2026-04-18T10:30:00+08:00,true
TRACK0000570,TRK000000157,picked_up,Shenzhen Sorting Center,Parcel picked up by carrier,2026-04-18T22:30:00+08:00,true
TRACK0000571,TRK000000157,in_transit,Regional Transit Hub,Parcel is moving to destination,2026-04-19T13:30:00+08:00,true
TRACK0000572,TRK000000157,customs_clearance,Ho Chi Minh City Customs,Customs processing completed,2026-04-20T07:30:00+08:00,true
TRACK0000573,TRK000000157,out_for_delivery,Ho Chi Minh City Delivery Hub,Courier is delivering the parcel,2026-04-21T11:30:00+08:00,true
TRACK0000574,TRK000000157,delivered,Ho Chi Minh City,Parcel delivered to the simulated buyer,2026-04-22T08:30:00+08:00,true
TRACK0000575,TRK000000158,pending_pickup,Shenzhen Demo Warehouse,Shipment information received,2026-06-27T06:06:00+08:00,true
TRACK0000576,TRK000000158,out_for_delivery,Ho Chi Minh City Delivery Hub,Courier is delivering the parcel,2026-06-28T07:06:00+08:00,true
TRACK0000577,TRK000000158,delivered,Ho Chi Minh City,Parcel delivered to the simulated buyer,2026-06-29T05:06:00+08:00,true
TRACK0000578,TRK000000159,pending_pickup,Shenzhen Demo Warehouse,Shipment information received,2026-05-07T16:13:00+08:00,true
TRACK0000579,TRK000000159,picked_up,Shenzhen Sorting Center,Parcel picked up by carrier,2026-05-07T23:13:00+08:00,true
TRACK0000580,TRK000000159,in_transit,Regional Transit Hub,Parcel is moving to destination,2026-05-08T11:13:00+08:00,true
TRACK0000581,TRK000000159,customs_clearance,Jakarta Customs,Customs processing completed,2026-05-09T01:13:00+08:00,true
TRACK0000582,TRK000000159,out_for_delivery,Jakarta Delivery Hub,Courier is delivering the parcel,2026-05-09T21:13:00+08:00,true
TRACK0000583,TRK000000159,delivered,Jakarta,Parcel delivered to the simulated buyer,2026-05-10T16:13:00+08:00,true
TRACK0000584,TRK000000160,pending_pickup,Shenzhen Demo Warehouse,Shipment information received,2026-03-14T04:45:00+08:00,true
TRACK0000585,TRK000000160,customs_clearance,Ho Chi Minh City Customs,Customs processing completed,2026-03-14T11:45:00+08:00,true
TRACK0000586,TRK000000160,delivered,Ho Chi Minh City,Parcel delivered to the simulated buyer,2026-03-15T10:45:00+08:00,true
TRACK0000587,TRK000000161,pending_pickup,Shenzhen Demo Warehouse,Shipment information received,2026-01-12T01:10:00+08:00,true
TRACK0000588,TRK000000161,picked_up,Shenzhen Sorting Center,Parcel picked up by carrier,2026-01-13T03:10:00+08:00,true
TRACK0000589,TRK000000161,in_transit,Regional Transit Hub,Parcel is moving to destination,2026-01-14T07:10:00+08:00,true
TRACK0000590,TRK000000161,out_for_delivery,Kuala Lumpur Delivery Hub,Courier is delivering the parcel,2026-01-15T11:10:00+08:00,true
TRACK0000591,TRK000000161,delivered,Kuala Lumpur,Parcel delivered to the simulated buyer,2026-01-15T20:10:00+08:00,true
TRACK0000592,TRK000000162,pending_pickup,Shenzhen Demo Warehouse,Shipment information received,2026-03-19T04:41:00+08:00,true
TRACK0000593,TRK000000162,picked_up,Shenzhen Sorting Center,Parcel picked up by carrier,2026-03-20T07:41:00+08:00,true
TRACK0000594,TRK000000162,in_transit,Regional Transit Hub,Parcel is moving to destination,2026-03-20T15:41:00+08:00,true
TRACK0000595,TRK000000163,pending_pickup,Shenzhen Demo Warehouse,Shipment information received,2026-06-25T23:16:00+08:00,true
TRACK0000596,TRK000000163,picked_up,Shenzhen Sorting Center,Parcel picked up by carrier,2026-06-26T13:16:00+08:00,true
TRACK0000597,TRK000000163,out_for_delivery,Ho Chi Minh City Delivery Hub,Courier is delivering the parcel,2026-06-27T15:16:00+08:00,true
TRACK0000598,TRK000000163,delivered,Ho Chi Minh City,Parcel delivered to the simulated buyer,2026-06-28T07:16:00+08:00,true
TRACK0000599,TRK000000164,pending_pickup,Shenzhen Demo Warehouse,Shipment information received,2026-01-07T05:00:00+08:00,true
TRACK0000600,TRK000000164,picked_up,Shenzhen Sorting Center,Parcel picked up by carrier,2026-01-07T11:00:00+08:00,true
TRACK0000601,TRK000000164,in_transit,Regional Transit Hub,Parcel is moving to destination,2026-01-08T11:00:00+08:00,true
TRACK0000602,TRK000000165,pending_pickup,Shenzhen Demo Warehouse,Shipment information received,2026-04-11T22:42:00+08:00,true
TRACK0000603,TRK000000165,picked_up,Shenzhen Sorting Center,Parcel picked up by carrier,2026-04-12T08:42:00+08:00,true
TRACK0000604,TRK000000165,in_transit,Regional Transit Hub,Parcel is moving to destination,2026-04-12T15:42:00+08:00,true
TRACK0000605,TRK000000165,customs_clearance,Ho Chi Minh City Customs,Customs processing completed,2026-04-13T13:42:00+08:00,true
TRACK0000606,TRK000000165,out_for_delivery,Ho Chi Minh City Delivery Hub,Courier is delivering the parcel,2026-04-14T02:42:00+08:00,true
TRACK0000607,TRK000000165,delivered,Ho Chi Minh City,Parcel delivered to the simulated buyer,2026-04-14T16:42:00+08:00,true
TRACK0000608,TRK000000166,pending_pickup,Shenzhen Demo Warehouse,Shipment information received,2026-01-15T21:19:00+08:00,true
TRACK0000609,TRK000000166,in_transit,Regional Transit Hub,Parcel is moving to destination,2026-01-16T16:19:00+08:00,true
TRACK0000610,TRK000000166,delivered,Singapore,Parcel delivered to the simulated buyer,2026-01-17T20:19:00+08:00,true
TRACK0000611,TRK000000167,pending_pickup,Shenzhen Demo Warehouse,Shipment information received,2026-04-22T22:06:00+08:00,true
TRACK0000612,TRK000000167,picked_up,Shenzhen Sorting Center,Parcel picked up by carrier,2026-04-23T14:06:00+08:00,true
TRACK0000613,TRK000000167,in_transit,Regional Transit Hub,Parcel is moving to destination,2026-04-24T03:06:00+08:00,true
TRACK0000614,TRK000000168,pending_pickup,Shenzhen Demo Warehouse,Shipment label created,2026-06-27T02:05:00+08:00,true
TRACK0000615,TRK000000168,pending_pickup,Shenzhen Demo Warehouse,Parcel packed and awaiting carrier pickup,2026-06-28T01:05:00+08:00,true
TRACK0000616,TRK000000169,pending_pickup,Shenzhen Demo Warehouse,Shipment information received,2026-04-22T19:52:00+08:00,true
TRACK0000617,TRK000000169,picked_up,Shenzhen Sorting Center,Parcel picked up by carrier,2026-04-23T15:52:00+08:00,true
TRACK0000618,TRK000000169,in_transit,Regional Transit Hub,Parcel is moving to destination,2026-04-24T18:52:00+08:00,true
TRACK0000619,TRK000000169,customs_clearance,Singapore Customs,Customs processing completed,2026-04-25T18:52:00+08:00,true
TRACK0000620,TRK000000169,out_for_delivery,Singapore Delivery Hub,Courier is delivering the parcel,2026-04-26T12:52:00+08:00,true
TRACK0000621,TRK000000169,delivered,Singapore,Parcel delivered to the simulated buyer,2026-04-26T20:52:00+08:00,true
TRACK0000622,TRK000000170,pending_pickup,Shenzhen Demo Warehouse,Shipment information received,2026-03-16T13:04:00+08:00,true
TRACK0000623,TRK000000170,picked_up,Shenzhen Sorting Center,Parcel picked up by carrier,2026-03-17T13:04:00+08:00,true
TRACK0000624,TRK000000170,customs_clearance,Singapore Customs,Customs processing completed,2026-03-18T03:04:00+08:00,true
TRACK0000625,TRK000000170,out_for_delivery,Singapore Delivery Hub,Courier is delivering the parcel,2026-03-18T11:04:00+08:00,true
TRACK0000626,TRK000000170,delivered,Singapore,Parcel delivered to the simulated buyer,2026-03-19T03:04:00+08:00,true
TRACK0000627,TRK000000171,pending_pickup,Shenzhen Demo Warehouse,Shipment information received,2026-03-29T02:45:00+08:00,true
TRACK0000628,TRK000000171,picked_up,Shenzhen Sorting Center,Parcel picked up by carrier,2026-03-30T03:45:00+08:00,true
TRACK0000629,TRK000000171,in_transit,Regional Transit Hub,Parcel is moving to destination,2026-03-30T10:45:00+08:00,true
TRACK0000630,TRK000000171,customs_clearance,Manila Customs,Customs processing completed,2026-03-31T06:45:00+08:00,true
TRACK0000631,TRK000000171,out_for_delivery,Manila Delivery Hub,Courier is delivering the parcel,2026-04-01T08:45:00+08:00,true
TRACK0000632,TRK000000171,delivered,Manila,Parcel delivered to the simulated buyer,2026-04-02T04:45:00+08:00,true
TRACK0000633,TRK000000172,pending_pickup,Shenzhen Demo Warehouse,Shipment information received,2026-01-25T07:20:00+08:00,true
TRACK0000634,TRK000000172,picked_up,Shenzhen Sorting Center,Parcel picked up by carrier,2026-01-25T16:20:00+08:00,true
TRACK0000635,TRK000000172,customs_clearance,Jakarta Customs,Customs processing completed,2026-01-26T16:20:00+08:00,true
TRACK0000636,TRK000000172,out_for_delivery,Jakarta Delivery Hub,Courier is delivering the parcel,2026-01-27T18:20:00+08:00,true
TRACK0000637,TRK000000172,delivered,Jakarta,Parcel delivered to the simulated buyer,2026-01-28T16:20:00+08:00,true
TRACK0000638,TRK000000173,pending_pickup,Shenzhen Demo Warehouse,Shipment label created,2026-02-04T05:22:00+08:00,true
TRACK0000639,TRK000000173,pending_pickup,Shenzhen Demo Warehouse,Parcel packed and awaiting carrier pickup,2026-02-04T22:22:00+08:00,true
TRACK0000640,TRK000000174,pending_pickup,Shenzhen Demo Warehouse,Shipment label created,2026-05-12T23:27:00+08:00,true
TRACK0000641,TRK000000174,pending_pickup,Shenzhen Demo Warehouse,Parcel packed and awaiting carrier pickup,2026-05-13T16:27:00+08:00,true
TRACK0000642,TRK000000175,pending_pickup,Shenzhen Demo Warehouse,Shipment information received,2026-04-17T10:43:00+08:00,true
TRACK0000643,TRK000000175,picked_up,Shenzhen Sorting Center,Parcel picked up by carrier,2026-04-18T13:43:00+08:00,true
TRACK0000644,TRK000000175,customs_clearance,Kuala Lumpur Customs,Customs processing completed,2026-04-19T05:43:00+08:00,true
TRACK0000645,TRK000000175,out_for_delivery,Kuala Lumpur Delivery Hub,Courier is delivering the parcel,2026-04-19T23:43:00+08:00,true
TRACK0000646,TRK000000175,delivered,Kuala Lumpur,Parcel delivered to the simulated buyer,2026-04-20T13:43:00+08:00,true
TRACK0000647,TRK000000176,pending_pickup,Shenzhen Demo Warehouse,Shipment information received,2026-05-16T19:06:00+08:00,true
TRACK0000648,TRK000000176,picked_up,Shenzhen Sorting Center,Parcel picked up by carrier,2026-05-17T00:06:00+08:00,true
TRACK0000649,TRK000000176,in_transit,Regional Transit Hub,Parcel is moving to destination,2026-05-17T10:06:00+08:00,true
TRACK0000650,TRK000000176,customs_clearance,Ho Chi Minh City Customs,Customs processing completed,2026-05-17T20:06:00+08:00,true
TRACK0000651,TRK000000176,out_for_delivery,Ho Chi Minh City Delivery Hub,Courier is delivering the parcel,2026-05-18T08:06:00+08:00,true
TRACK0000652,TRK000000176,delivered,Ho Chi Minh City,Parcel delivered to the simulated buyer,2026-05-19T03:06:00+08:00,true
TRACK0000653,TRK000000177,pending_pickup,Shenzhen Demo Warehouse,Shipment information received,2026-04-29T15:48:00+08:00,true
TRACK0000654,TRK000000177,in_transit,Regional Transit Hub,Parcel is moving to destination,2026-04-30T10:48:00+08:00,true
TRACK0000655,TRK000000177,delivered,Singapore,Parcel delivered to the simulated buyer,2026-05-01T07:48:00+08:00,true
TRACK0000656,TRK000000178,pending_pickup,Shenzhen Demo Warehouse,Shipment information received,2026-02-26T05:29:00+08:00,true
TRACK0000657,TRK000000178,out_for_delivery,Manila Delivery Hub,Courier is delivering the parcel,2026-02-26T12:29:00+08:00,true
TRACK0000658,TRK000000178,delivered,Manila,Parcel delivered to the simulated buyer,2026-02-26T19:29:00+08:00,true
TRACK0000659,TRK000000179,pending_pickup,Shenzhen Demo Warehouse,Shipment label created,2026-04-01T12:11:00+08:00,true
TRACK0000660,TRK000000179,pending_pickup,Shenzhen Demo Warehouse,Parcel packed and awaiting carrier pickup,2026-04-01T17:11:00+08:00,true
TRACK0000661,TRK000000181,pending_pickup,Shenzhen Demo Warehouse,Shipment information received,2026-01-21T12:27:00+08:00,true
TRACK0000662,TRK000000181,picked_up,Shenzhen Sorting Center,Parcel picked up by carrier,2026-01-22T09:27:00+08:00,true
TRACK0000663,TRK000000181,in_transit,Regional Transit Hub,Parcel is moving to destination,2026-01-22T23:27:00+08:00,true
TRACK0000664,TRK000000181,customs_clearance,Manila Customs,Customs processing completed,2026-01-23T20:27:00+08:00,true
TRACK0000665,TRK000000181,out_for_delivery,Manila Delivery Hub,Courier is delivering the parcel,2026-01-24T07:27:00+08:00,true
TRACK0000666,TRK000000181,delivered,Manila,Parcel delivered to the simulated buyer,2026-01-25T02:27:00+08:00,true
TRACK0000667,TRK000000182,pending_pickup,Shenzhen Demo Warehouse,Shipment information received,2026-02-28T09:03:00+08:00,true
TRACK0000668,TRK000000182,in_transit,Regional Transit Hub,Parcel is moving to destination,2026-03-01T03:03:00+08:00,true
TRACK0000669,TRK000000182,out_for_delivery,Singapore Delivery Hub,Courier is delivering the parcel,2026-03-01T15:03:00+08:00,true
TRACK0000670,TRK000000182,delivered,Singapore,Parcel delivered to the simulated buyer,2026-03-02T15:03:00+08:00,true
TRACK0000671,TRK000000183,pending_pickup,Shenzhen Demo Warehouse,Shipment label created,2026-05-19T03:18:00+08:00,true
TRACK0000672,TRK000000183,pending_pickup,Shenzhen Demo Warehouse,Parcel packed and awaiting carrier pickup,2026-05-19T12:18:00+08:00,true
TRACK0000673,TRK000000184,pending_pickup,Shenzhen Demo Warehouse,Shipment information received,2026-06-12T18:37:00+08:00,true
TRACK0000674,TRK000000184,picked_up,Shenzhen Sorting Center,Parcel picked up by carrier,2026-06-13T22:37:00+08:00,true
TRACK0000675,TRK000000184,in_transit,Regional Transit Hub,Parcel is moving to destination,2026-06-14T14:37:00+08:00,true
TRACK0000676,TRK000000185,pending_pickup,Shenzhen Demo Warehouse,Shipment information received,2026-02-07T00:01:00+08:00,true
TRACK0000677,TRK000000185,picked_up,Shenzhen Sorting Center,Parcel picked up by carrier,2026-02-07T09:01:00+08:00,true
TRACK0000678,TRK000000185,customs_clearance,Singapore Customs,Customs processing completed,2026-02-08T03:01:00+08:00,true
TRACK0000679,TRK000000187,pending_pickup,Shenzhen Demo Warehouse,Shipment label created,2026-05-06T17:26:00+08:00,true
TRACK0000680,TRK000000187,pending_pickup,Shenzhen Demo Warehouse,Parcel packed and awaiting carrier pickup,2026-05-07T05:26:00+08:00,true
TRACK0000681,TRK000000189,pending_pickup,Shenzhen Demo Warehouse,Shipment information received,2026-01-22T07:36:00+08:00,true
TRACK0000682,TRK000000189,picked_up,Shenzhen Sorting Center,Parcel picked up by carrier,2026-01-23T02:36:00+08:00,true
TRACK0000683,TRK000000189,in_transit,Regional Transit Hub,Parcel is moving to destination,2026-01-23T15:36:00+08:00,true
TRACK0000684,TRK000000190,pending_pickup,Shenzhen Demo Warehouse,Shipment information received,2026-01-10T21:32:00+08:00,true
TRACK0000685,TRK000000190,picked_up,Shenzhen Sorting Center,Parcel picked up by carrier,2026-01-12T00:32:00+08:00,true
TRACK0000686,TRK000000190,in_transit,Regional Transit Hub,Parcel is moving to destination,2026-01-12T12:32:00+08:00,true
TRACK0000687,TRK000000190,exception,Regional Transit Hub,Temporary routing exception; manual review required,2026-01-13T05:32:00+08:00,true
TRACK0000688,TRK000000191,pending_pickup,Shenzhen Demo Warehouse,Shipment information received,2026-06-25T05:32:00+08:00,true
TRACK0000689,TRK000000191,picked_up,Shenzhen Sorting Center,Parcel picked up by carrier,2026-06-26T03:32:00+08:00,true
TRACK0000690,TRK000000191,out_for_delivery,Manila Delivery Hub,Courier is delivering the parcel,2026-06-27T01:32:00+08:00,true
TRACK0000691,TRK000000191,delivered,Manila,Parcel delivered to the simulated buyer,2026-06-27T14:32:00+08:00,true
TRACK0000692,TRK000000192,pending_pickup,Shenzhen Demo Warehouse,Shipment information received,2026-02-02T01:26:00+08:00,true
TRACK0000693,TRK000000192,picked_up,Shenzhen Sorting Center,Parcel picked up by carrier,2026-02-02T21:26:00+08:00,true
TRACK0000694,TRK000000192,in_transit,Regional Transit Hub,Parcel is moving to destination,2026-02-03T15:26:00+08:00,true
TRACK0000695,TRK000000193,pending_pickup,Shenzhen Demo Warehouse,Shipment information received,2026-05-14T08:00:00+08:00,true
TRACK0000696,TRK000000193,picked_up,Shenzhen Sorting Center,Parcel picked up by carrier,2026-05-15T02:00:00+08:00,true
TRACK0000697,TRK000000193,delivered,Manila,Parcel delivered to the simulated buyer,2026-05-15T16:00:00+08:00,true
TRACK0000698,TRK000000194,pending_pickup,Shenzhen Demo Warehouse,Shipment label created,2026-03-31T18:17:00+08:00,true
TRACK0000699,TRK000000194,pending_pickup,Shenzhen Demo Warehouse,Parcel packed and awaiting carrier pickup,2026-04-01T22:17:00+08:00,true
TRACK0000700,TRK000000196,pending_pickup,Shenzhen Demo Warehouse,Shipment information received,2026-04-30T10:37:00+08:00,true
TRACK0000701,TRK000000196,picked_up,Shenzhen Sorting Center,Parcel picked up by carrier,2026-04-30T17:37:00+08:00,true
TRACK0000702,TRK000000196,in_transit,Regional Transit Hub,Parcel is moving to destination,2026-05-01T08:37:00+08:00,true
TRACK0000703,TRK000000196,customs_clearance,Kuala Lumpur Customs,Customs processing completed,2026-05-01T15:37:00+08:00,true
TRACK0000704,TRK000000196,delivered,Kuala Lumpur,Parcel delivered to the simulated buyer,2026-05-02T15:37:00+08:00,true
TRACK0000705,TRK000000197,pending_pickup,Shenzhen Demo Warehouse,Shipment information received,2026-06-06T23:09:00+08:00,true
TRACK0000706,TRK000000197,picked_up,Shenzhen Sorting Center,Parcel picked up by carrier,2026-06-07T12:09:00+08:00,true
TRACK0000707,TRK000000197,in_transit,Regional Transit Hub,Parcel is moving to destination,2026-06-07T22:09:00+08:00,true
TRACK0000708,TRK000000199,pending_pickup,Shenzhen Demo Warehouse,Shipment information received,2026-01-05T23:58:00+08:00,true
TRACK0000709,TRK000000199,picked_up,Shenzhen Sorting Center,Parcel picked up by carrier,2026-01-06T17:58:00+08:00,true
TRACK0000710,TRK000000199,in_transit,Regional Transit Hub,Parcel is moving to destination,2026-01-07T02:58:00+08:00,true
TRACK0000711,TRK000000199,customs_clearance,Ho Chi Minh City Customs,Customs processing completed,2026-01-08T06:58:00+08:00,true
TRACK0000712,TRK000000199,delivered,Ho Chi Minh City,Parcel delivered to the simulated buyer,2026-01-08T22:58:00+08:00,true
TRACK0000713,TRK000000200,pending_pickup,Shenzhen Demo Warehouse,Shipment information received,2026-05-13T11:19:00+08:00,true
TRACK0000714,TRK000000200,picked_up,Shenzhen Sorting Center,Parcel picked up by carrier,2026-05-13T21:19:00+08:00,true
TRACK0000715,TRK000000200,in_transit,Regional Transit Hub,Parcel is moving to destination,2026-05-14T21:19:00+08:00,true
TRACK0000716,TRK000000200,customs_clearance,Jakarta Customs,Customs processing completed,2026-05-15T09:19:00+08:00,true
TRACK0000717,TRK000000200,out_for_delivery,Jakarta Delivery Hub,Courier is delivering the parcel,2026-05-15T18:19:00+08:00,true
TRACK0000718,TRK000000200,delivered,Jakarta,Parcel delivered to the simulated buyer,2026-05-16T10:19:00+08:00,true
TRACK0000719,TRK000000202,pending_pickup,Shenzhen Demo Warehouse,Shipment label created,2026-04-04T07:33:00+08:00,true
TRACK0000720,TRK000000202,pending_pickup,Shenzhen Demo Warehouse,Parcel packed and awaiting carrier pickup,2026-04-05T05:33:00+08:00,true
TRACK0000721,TRK000000205,pending_pickup,Shenzhen Demo Warehouse,Shipment information received,2026-01-29T08:09:00+08:00,true
TRACK0000722,TRK000000205,picked_up,Shenzhen Sorting Center,Parcel picked up by carrier,2026-01-29T18:09:00+08:00,true
TRACK0000723,TRK000000205,in_transit,Regional Transit Hub,Parcel is moving to destination,2026-01-30T06:09:00+08:00,true
TRACK0000724,TRK000000205,customs_clearance,Kuala Lumpur Customs,Customs processing completed,2026-01-31T10:09:00+08:00,true
TRACK0000725,TRK000000205,out_for_delivery,Kuala Lumpur Delivery Hub,Courier is delivering the parcel,2026-01-31T20:09:00+08:00,true
TRACK0000726,TRK000000205,delivered,Kuala Lumpur,Parcel delivered to the simulated buyer,2026-02-01T04:09:00+08:00,true
TRACK0000727,TRK000000206,pending_pickup,Shenzhen Demo Warehouse,Shipment label created,2026-05-22T08:17:00+08:00,true
TRACK0000728,TRK000000206,pending_pickup,Shenzhen Demo Warehouse,Parcel packed and awaiting carrier pickup,2026-05-23T05:17:00+08:00,true
TRACK0000729,TRK000000207,pending_pickup,Shenzhen Demo Warehouse,Shipment information received,2026-05-14T04:26:00+08:00,true
TRACK0000730,TRK000000207,picked_up,Shenzhen Sorting Center,Parcel picked up by carrier,2026-05-15T05:26:00+08:00,true
TRACK0000731,TRK000000207,customs_clearance,Ho Chi Minh City Customs,Customs processing completed,2026-05-15T12:26:00+08:00,true
TRACK0000732,TRK000000207,out_for_delivery,Ho Chi Minh City Delivery Hub,Courier is delivering the parcel,2026-05-16T14:26:00+08:00,true
TRACK0000733,TRK000000207,delivered,Ho Chi Minh City,Parcel delivered to the simulated buyer,2026-05-17T18:26:00+08:00,true
TRACK0000734,TRK000000208,pending_pickup,Shenzhen Demo Warehouse,Shipment information received,2026-05-02T00:20:00+08:00,true
TRACK0000735,TRK000000208,picked_up,Shenzhen Sorting Center,Parcel picked up by carrier,2026-05-02T23:20:00+08:00,true
TRACK0000736,TRK000000208,in_transit,Regional Transit Hub,Parcel is moving to destination,2026-05-03T12:20:00+08:00,true
TRACK0000737,TRK000000208,customs_clearance,Jakarta Customs,Customs processing completed,2026-05-04T00:20:00+08:00,true
TRACK0000738,TRK000000208,delivered,Jakarta,Parcel delivered to the simulated buyer,2026-05-04T09:20:00+08:00,true
TRACK0000739,TRK000000209,pending_pickup,Shenzhen Demo Warehouse,Shipment label created,2026-04-18T12:59:00+08:00,true
TRACK0000740,TRK000000209,pending_pickup,Shenzhen Demo Warehouse,Parcel packed and awaiting carrier pickup,2026-04-18T20:59:00+08:00,true
TRACK0000741,TRK000000210,pending_pickup,Shenzhen Demo Warehouse,Shipment information received,2026-01-28T08:42:00+08:00,true
TRACK0000742,TRK000000210,in_transit,Regional Transit Hub,Parcel is moving to destination,2026-01-29T03:42:00+08:00,true
TRACK0000743,TRK000000210,out_for_delivery,Kuala Lumpur Delivery Hub,Courier is delivering the parcel,2026-01-29T12:42:00+08:00,true
TRACK0000744,TRK000000210,delivered,Kuala Lumpur,Parcel delivered to the simulated buyer,2026-01-30T07:42:00+08:00,true
TRACK0000745,TRK000000211,pending_pickup,Shenzhen Demo Warehouse,Shipment information received,2026-05-17T00:40:00+08:00,true
TRACK0000746,TRK000000211,picked_up,Shenzhen Sorting Center,Parcel picked up by carrier,2026-05-17T10:40:00+08:00,true
TRACK0000747,TRK000000211,delivered,Manila,Parcel delivered to the simulated buyer,2026-05-17T21:40:00+08:00,true
TRACK0000748,TRK000000212,pending_pickup,Shenzhen Demo Warehouse,Shipment label created,2026-05-04T20:24:00+08:00,true
TRACK0000749,TRK000000212,pending_pickup,Shenzhen Demo Warehouse,Parcel packed and awaiting carrier pickup,2026-05-05T14:24:00+08:00,true
TRACK0000750,TRK000000213,pending_pickup,Shenzhen Demo Warehouse,Shipment label created,2026-03-10T09:36:00+08:00,true
TRACK0000751,TRK000000213,pending_pickup,Shenzhen Demo Warehouse,Parcel packed and awaiting carrier pickup,2026-03-11T02:36:00+08:00,true
TRACK0000752,TRK000000214,pending_pickup,Shenzhen Demo Warehouse,Shipment information received,2026-04-19T02:35:00+08:00,true
TRACK0000753,TRK000000214,picked_up,Shenzhen Sorting Center,Parcel picked up by carrier,2026-04-19T18:35:00+08:00,true
TRACK0000754,TRK000000214,in_transit,Regional Transit Hub,Parcel is moving to destination,2026-04-20T04:35:00+08:00,true
TRACK0000755,TRK000000214,customs_clearance,Jakarta Customs,Customs processing completed,2026-04-20T18:35:00+08:00,true
TRACK0000756,TRK000000214,out_for_delivery,Jakarta Delivery Hub,Courier is delivering the parcel,2026-04-21T08:35:00+08:00,true
TRACK0000757,TRK000000214,delivered,Jakarta,Parcel delivered to the simulated buyer,2026-04-21T16:35:00+08:00,true
TRACK0000758,TRK000000215,pending_pickup,Shenzhen Demo Warehouse,Shipment information received,2026-06-03T07:54:00+08:00,true
TRACK0000759,TRK000000215,in_transit,Regional Transit Hub,Parcel is moving to destination,2026-06-03T18:54:00+08:00,true
TRACK0000760,TRK000000215,delivered,Jakarta,Parcel delivered to the simulated buyer,2026-06-04T00:54:00+08:00,true
TRACK0000761,TRK000000216,pending_pickup,Shenzhen Demo Warehouse,Shipment information received,2026-02-10T20:38:00+08:00,true
TRACK0000762,TRK000000216,in_transit,Regional Transit Hub,Parcel is moving to destination,2026-02-11T13:38:00+08:00,true
TRACK0000763,TRK000000216,delivered,Manila,Parcel delivered to the simulated buyer,2026-02-12T09:38:00+08:00,true
TRACK0000764,TRK000000217,pending_pickup,Shenzhen Demo Warehouse,Shipment information received,2026-05-11T09:55:00+08:00,true
TRACK0000765,TRK000000217,in_transit,Regional Transit Hub,Parcel is moving to destination,2026-05-11T14:55:00+08:00,true
TRACK0000766,TRK000000217,customs_clearance,Ho Chi Minh City Customs,Customs processing completed,2026-05-11T22:55:00+08:00,true
TRACK0000767,TRK000000217,out_for_delivery,Ho Chi Minh City Delivery Hub,Courier is delivering the parcel,2026-05-13T01:55:00+08:00,true
TRACK0000768,TRK000000217,delivered,Ho Chi Minh City,Parcel delivered to the simulated buyer,2026-05-14T01:55:00+08:00,true
TRACK0000769,TRK000000218,pending_pickup,Shenzhen Demo Warehouse,Shipment label created,2026-04-08T17:07:00+08:00,true
TRACK0000770,TRK000000218,pending_pickup,Shenzhen Demo Warehouse,Parcel packed and awaiting carrier pickup,2026-04-09T17:07:00+08:00,true
TRACK0000771,TRK000000220,pending_pickup,Shenzhen Demo Warehouse,Shipment information received,2026-02-12T17:12:00+08:00,true
TRACK0000772,TRK000000220,picked_up,Shenzhen Sorting Center,Parcel picked up by carrier,2026-02-13T06:12:00+08:00,true
TRACK0000773,TRK000000220,in_transit,Regional Transit Hub,Parcel is moving to destination,2026-02-13T19:12:00+08:00,true
TRACK0000774,TRK000000220,delivered,Kuala Lumpur,Parcel delivered to the simulated buyer,2026-02-14T14:12:00+08:00,true
TRACK0000775,TRK000000221,pending_pickup,Shenzhen Demo Warehouse,Shipment information received,2026-06-21T18:23:00+08:00,true
TRACK0000776,TRK000000221,picked_up,Shenzhen Sorting Center,Parcel picked up by carrier,2026-06-22T20:23:00+08:00,true
TRACK0000777,TRK000000221,in_transit,Regional Transit Hub,Parcel is moving to destination,2026-06-23T03:23:00+08:00,true
TRACK0000778,TRK000000221,delivered,Singapore,Parcel delivered to the simulated buyer,2026-06-23T14:23:00+08:00,true
TRACK0000779,TRK000000222,pending_pickup,Shenzhen Demo Warehouse,Shipment information received,2026-01-26T07:22:00+08:00,true
TRACK0000780,TRK000000222,picked_up,Shenzhen Sorting Center,Parcel picked up by carrier,2026-01-26T22:22:00+08:00,true
TRACK0000781,TRK000000222,customs_clearance,Ho Chi Minh City Customs,Customs processing completed,2026-01-27T18:22:00+08:00,true
TRACK0000782,TRK000000222,out_for_delivery,Ho Chi Minh City Delivery Hub,Courier is delivering the parcel,2026-01-28T17:22:00+08:00,true
TRACK0000783,TRK000000222,delivered,Ho Chi Minh City,Parcel delivered to the simulated buyer,2026-01-29T05:22:00+08:00,true
TRACK0000784,TRK000000223,pending_pickup,Shenzhen Demo Warehouse,Shipment information received,2026-03-31T12:48:00+08:00,true
TRACK0000785,TRK000000223,customs_clearance,Manila Customs,Customs processing completed,2026-04-01T16:48:00+08:00,true
TRACK0000786,TRK000000223,out_for_delivery,Manila Delivery Hub,Courier is delivering the parcel,2026-04-02T16:48:00+08:00,true
TRACK0000787,TRK000000223,delivered,Manila,Parcel delivered to the simulated buyer,2026-04-03T06:48:00+08:00,true
TRACK0000788,TRK000000224,pending_pickup,Shenzhen Demo Warehouse,Shipment information received,2026-05-25T05:59:00+08:00,true
TRACK0000789,TRK000000224,picked_up,Shenzhen Sorting Center,Parcel picked up by carrier,2026-05-26T06:59:00+08:00,true
TRACK0000790,TRK000000224,in_transit,Regional Transit Hub,Parcel is moving to destination,2026-05-27T10:59:00+08:00,true
TRACK0000791,TRK000000225,pending_pickup,Shenzhen Demo Warehouse,Shipment information received,2026-06-20T04:48:00+08:00,true
TRACK0000792,TRK000000225,picked_up,Shenzhen Sorting Center,Parcel picked up by carrier,2026-06-21T06:48:00+08:00,true
TRACK0000793,TRK000000225,in_transit,Regional Transit Hub,Parcel is moving to destination,2026-06-21T13:48:00+08:00,true
TRACK0000794,TRK000000226,pending_pickup,Shenzhen Demo Warehouse,Shipment information received,2026-01-30T17:36:00+08:00,true
TRACK0000795,TRK000000226,picked_up,Shenzhen Sorting Center,Parcel picked up by carrier,2026-01-31T05:36:00+08:00,true
TRACK0000796,TRK000000227,pending_pickup,Shenzhen Demo Warehouse,Shipment information received,2026-04-23T06:13:00+08:00,true
TRACK0000797,TRK000000227,picked_up,Shenzhen Sorting Center,Parcel picked up by carrier,2026-04-24T01:13:00+08:00,true
TRACK0000798,TRK000000227,in_transit,Regional Transit Hub,Parcel is moving to destination,2026-04-24T19:13:00+08:00,true
TRACK0000799,TRK000000228,pending_pickup,Shenzhen Demo Warehouse,Shipment label created,2026-05-26T06:20:00+08:00,true
TRACK0000800,TRK000000228,pending_pickup,Shenzhen Demo Warehouse,Parcel packed and awaiting carrier pickup,2026-05-27T06:20:00+08:00,true
TRACK0000801,TRK000000229,pending_pickup,Shenzhen Demo Warehouse,Shipment information received,2026-03-21T06:31:00+08:00,true
TRACK0000802,TRK000000229,picked_up,Shenzhen Sorting Center,Parcel picked up by carrier,2026-03-21T12:31:00+08:00,true
TRACK0000803,TRK000000229,in_transit,Regional Transit Hub,Parcel is moving to destination,2026-03-22T14:31:00+08:00,true
TRACK0000804,TRK000000229,exception,Regional Transit Hub,Temporary routing exception; manual review required,2026-03-23T16:31:00+08:00,true
TRACK0000805,TRK000000231,pending_pickup,Shenzhen Demo Warehouse,Shipment label created,2026-02-08T06:48:00+08:00,true
TRACK0000806,TRK000000231,pending_pickup,Shenzhen Demo Warehouse,Parcel packed and awaiting carrier pickup,2026-02-09T02:48:00+08:00,true
TRACK0000807,TRK000000233,pending_pickup,Shenzhen Demo Warehouse,Shipment information received,2026-04-05T05:15:00+08:00,true
TRACK0000808,TRK000000233,picked_up,Shenzhen Sorting Center,Parcel picked up by carrier,2026-04-06T00:15:00+08:00,true
TRACK0000809,TRK000000233,in_transit,Regional Transit Hub,Parcel is moving to destination,2026-04-06T22:15:00+08:00,true
TRACK0000810,TRK000000233,delivered,Ho Chi Minh City,Parcel delivered to the simulated buyer,2026-04-07T19:15:00+08:00,true
TRACK0000811,TRK000000234,pending_pickup,Shenzhen Demo Warehouse,Shipment information received,2026-06-03T14:25:00+08:00,true
TRACK0000812,TRK000000234,in_transit,Regional Transit Hub,Parcel is moving to destination,2026-06-04T14:25:00+08:00,true
TRACK0000813,TRK000000234,delivered,Bangkok,Parcel delivered to the simulated buyer,2026-06-05T10:25:00+08:00,true
TRACK0000814,TRK000000235,pending_pickup,Shenzhen Demo Warehouse,Shipment information received,2026-01-28T09:24:00+08:00,true
TRACK0000815,TRK000000235,in_transit,Regional Transit Hub,Parcel is moving to destination,2026-01-29T01:24:00+08:00,true
TRACK0000816,TRK000000235,customs_clearance,Jakarta Customs,Customs processing completed,2026-01-30T03:24:00+08:00,true
TRACK0000817,TRK000000236,pending_pickup,Shenzhen Demo Warehouse,Shipment information received,2026-02-19T23:01:00+08:00,true
TRACK0000818,TRK000000236,picked_up,Shenzhen Sorting Center,Parcel picked up by carrier,2026-02-20T04:01:00+08:00,true
TRACK0000819,TRK000000237,pending_pickup,Shenzhen Demo Warehouse,Shipment information received,2026-05-14T00:58:00+08:00,true
TRACK0000820,TRK000000237,picked_up,Shenzhen Sorting Center,Parcel picked up by carrier,2026-05-14T07:58:00+08:00,true
TRACK0000821,TRK000000237,in_transit,Regional Transit Hub,Parcel is moving to destination,2026-05-15T09:58:00+08:00,true
TRACK0000822,TRK000000237,customs_clearance,Singapore Customs,Customs processing completed,2026-05-16T11:58:00+08:00,true
TRACK0000823,TRK000000237,out_for_delivery,Singapore Delivery Hub,Courier is delivering the parcel,2026-05-16T16:58:00+08:00,true
TRACK0000824,TRK000000237,delivered,Singapore,Parcel delivered to the simulated buyer,2026-05-17T09:58:00+08:00,true
TRACK0000825,TRK000000238,pending_pickup,Shenzhen Demo Warehouse,Shipment information received,2026-02-27T11:18:00+08:00,true
TRACK0000826,TRK000000238,customs_clearance,Ho Chi Minh City Customs,Customs processing completed,2026-02-28T03:18:00+08:00,true
TRACK0000827,TRK000000238,delivered,Ho Chi Minh City,Parcel delivered to the simulated buyer,2026-02-28T23:18:00+08:00,true
TRACK0000828,TRK000000240,pending_pickup,Shenzhen Demo Warehouse,Shipment information received,2026-04-17T08:34:00+08:00,true
TRACK0000829,TRK000000240,picked_up,Shenzhen Sorting Center,Parcel picked up by carrier,2026-04-18T02:34:00+08:00,true
TRACK0000830,TRK000000240,delivered,Jakarta,Parcel delivered to the simulated buyer,2026-04-18T17:34:00+08:00,true
TRACK0000831,TRK000000241,pending_pickup,Shenzhen Demo Warehouse,Shipment label created,2026-03-09T00:56:00+08:00,true
TRACK0000832,TRK000000241,pending_pickup,Shenzhen Demo Warehouse,Parcel packed and awaiting carrier pickup,2026-03-09T16:56:00+08:00,true
TRACK0000833,TRK000000243,pending_pickup,Shenzhen Demo Warehouse,Shipment information received,2026-01-26T17:02:00+08:00,true
TRACK0000834,TRK000000243,in_transit,Regional Transit Hub,Parcel is moving to destination,2026-01-27T14:02:00+08:00,true
TRACK0000835,TRK000000243,delivered,Singapore,Parcel delivered to the simulated buyer,2026-01-27T23:02:00+08:00,true
TRACK0000836,TRK000000244,pending_pickup,Shenzhen Demo Warehouse,Shipment label created,2026-04-07T21:17:00+08:00,true
TRACK0000837,TRK000000244,pending_pickup,Shenzhen Demo Warehouse,Parcel packed and awaiting carrier pickup,2026-04-08T18:17:00+08:00,true
TRACK0000838,TRK000000245,pending_pickup,Shenzhen Demo Warehouse,Shipment information received,2026-02-26T19:27:00+08:00,true
TRACK0000839,TRK000000245,picked_up,Shenzhen Sorting Center,Parcel picked up by carrier,2026-02-27T23:27:00+08:00,true
TRACK0000840,TRK000000245,in_transit,Regional Transit Hub,Parcel is moving to destination,2026-02-28T17:27:00+08:00,true
TRACK0000841,TRK000000245,customs_clearance,Jakarta Customs,Customs processing completed,2026-03-01T03:27:00+08:00,true
TRACK0000842,TRK000000245,out_for_delivery,Jakarta Delivery Hub,Courier is delivering the parcel,2026-03-01T14:27:00+08:00,true
TRACK0000843,TRK000000245,delivered,Jakarta,Parcel delivered to the simulated buyer,2026-03-01T23:27:00+08:00,true
TRACK0000844,TRK000000246,pending_pickup,Shenzhen Demo Warehouse,Shipment information received,2026-06-02T09:48:00+08:00,true
TRACK0000845,TRK000000246,customs_clearance,Ho Chi Minh City Customs,Customs processing completed,2026-06-02T19:48:00+08:00,true
TRACK0000846,TRK000000246,out_for_delivery,Ho Chi Minh City Delivery Hub,Courier is delivering the parcel,2026-06-03T08:48:00+08:00,true
TRACK0000847,TRK000000246,delivered,Ho Chi Minh City,Parcel delivered to the simulated buyer,2026-06-03T21:48:00+08:00,true
TRACK0000848,TRK000000247,pending_pickup,Shenzhen Demo Warehouse,Shipment information received,2026-03-13T06:26:00+08:00,true
TRACK0000849,TRK000000247,picked_up,Shenzhen Sorting Center,Parcel picked up by carrier,2026-03-14T08:26:00+08:00,true
TRACK0000850,TRK000000247,in_transit,Regional Transit Hub,Parcel is moving to destination,2026-03-15T08:26:00+08:00,true
TRACK0000851,TRK000000247,customs_clearance,Bangkok Customs,Customs processing completed,2026-03-16T11:26:00+08:00,true
TRACK0000852,TRK000000247,out_for_delivery,Bangkok Delivery Hub,Courier is delivering the parcel,2026-03-16T21:26:00+08:00,true
TRACK0000853,TRK000000247,delivered,Bangkok,Parcel delivered to the simulated buyer,2026-03-17T07:26:00+08:00,true
TRACK0000854,TRK000000248,pending_pickup,Shenzhen Demo Warehouse,Shipment information received,2026-03-27T01:07:00+08:00,true
TRACK0000855,TRK000000248,picked_up,Shenzhen Sorting Center,Parcel picked up by carrier,2026-03-27T23:07:00+08:00,true
TRACK0000856,TRK000000248,customs_clearance,Singapore Customs,Customs processing completed,2026-03-28T07:07:00+08:00,true
TRACK0000857,TRK000000248,delivered,Singapore,Parcel delivered to the simulated buyer,2026-03-29T02:07:00+08:00,true
TRACK0000858,TRK000000249,pending_pickup,Shenzhen Demo Warehouse,Shipment information received,2026-03-30T13:46:00+08:00,true
TRACK0000859,TRK000000249,picked_up,Shenzhen Sorting Center,Parcel picked up by carrier,2026-03-31T17:46:00+08:00,true
TRACK0000860,TRK000000249,in_transit,Regional Transit Hub,Parcel is moving to destination,2026-04-01T20:46:00+08:00,true
TRACK0000861,TRK000000249,customs_clearance,Ho Chi Minh City Customs,Customs processing completed,2026-04-02T19:46:00+08:00,true
TRACK0000862,TRK000000249,out_for_delivery,Ho Chi Minh City Delivery Hub,Courier is delivering the parcel,2026-04-03T13:46:00+08:00,true
TRACK0000863,TRK000000249,delivered,Ho Chi Minh City,Parcel delivered to the simulated buyer,2026-04-04T02:46:00+08:00,true
TRACK0000864,TRK000000250,pending_pickup,Shenzhen Demo Warehouse,Shipment information received,2026-02-07T11:41:00+08:00,true
TRACK0000865,TRK000000250,customs_clearance,Ho Chi Minh City Customs,Customs processing completed,2026-02-07T22:41:00+08:00,true
TRACK0000866,TRK000000250,delivered,Ho Chi Minh City,Parcel delivered to the simulated buyer,2026-02-08T04:41:00+08:00,true
TRACK0000867,TRK000000251,pending_pickup,Shenzhen Demo Warehouse,Shipment information received,2026-05-05T02:46:00+08:00,true
TRACK0000868,TRK000000251,picked_up,Shenzhen Sorting Center,Parcel picked up by carrier,2026-05-05T23:46:00+08:00,true
TRACK0000869,TRK000000251,customs_clearance,Manila Customs,Customs processing completed,2026-05-06T10:46:00+08:00,true
TRACK0000870,TRK000000251,out_for_delivery,Manila Delivery Hub,Courier is delivering the parcel,2026-05-07T04:46:00+08:00,true
TRACK0000871,TRK000000251,delivered,Manila,Parcel delivered to the simulated buyer,2026-05-07T15:46:00+08:00,true
TRACK0000872,TRK000000252,pending_pickup,Shenzhen Demo Warehouse,Shipment information received,2026-06-04T12:31:00+08:00,true
TRACK0000873,TRK000000252,picked_up,Shenzhen Sorting Center,Parcel picked up by carrier,2026-06-05T03:31:00+08:00,true
TRACK0000874,TRK000000252,customs_clearance,Kuala Lumpur Customs,Customs processing completed,2026-06-06T07:31:00+08:00,true
TRACK0000875,TRK000000252,out_for_delivery,Kuala Lumpur Delivery Hub,Courier is delivering the parcel,2026-06-06T19:31:00+08:00,true
TRACK0000876,TRK000000252,delivered,Kuala Lumpur,Parcel delivered to the simulated buyer,2026-06-07T01:31:00+08:00,true
TRACK0000877,TRK000000253,pending_pickup,Shenzhen Demo Warehouse,Shipment information received,2026-06-20T22:53:00+08:00,true
TRACK0000878,TRK000000253,picked_up,Shenzhen Sorting Center,Parcel picked up by carrier,2026-06-21T23:53:00+08:00,true
TRACK0000879,TRK000000254,pending_pickup,Shenzhen Demo Warehouse,Shipment information received,2026-02-05T14:19:00+08:00,true
TRACK0000880,TRK000000254,picked_up,Shenzhen Sorting Center,Parcel picked up by carrier,2026-02-05T23:19:00+08:00,true
TRACK0000881,TRK000000254,in_transit,Regional Transit Hub,Parcel is moving to destination,2026-02-06T20:19:00+08:00,true
TRACK0000882,TRK000000255,pending_pickup,Shenzhen Demo Warehouse,Shipment information received,2026-04-22T08:16:00+08:00,true
TRACK0000883,TRK000000255,customs_clearance,Kuala Lumpur Customs,Customs processing completed,2026-04-22T14:16:00+08:00,true
TRACK0000884,TRK000000255,out_for_delivery,Kuala Lumpur Delivery Hub,Courier is delivering the parcel,2026-04-22T23:16:00+08:00,true
TRACK0000885,TRK000000255,delivered,Kuala Lumpur,Parcel delivered to the simulated buyer,2026-04-23T12:16:00+08:00,true
TRACK0000886,TRK000000256,pending_pickup,Shenzhen Demo Warehouse,Shipment information received,2026-06-06T07:50:00+08:00,true
TRACK0000887,TRK000000256,picked_up,Shenzhen Sorting Center,Parcel picked up by carrier,2026-06-06T16:50:00+08:00,true
TRACK0000888,TRK000000256,in_transit,Regional Transit Hub,Parcel is moving to destination,2026-06-07T06:50:00+08:00,true
TRACK0000889,TRK000000257,pending_pickup,Shenzhen Demo Warehouse,Shipment information received,2026-06-25T02:45:00+08:00,true
TRACK0000890,TRK000000257,picked_up,Shenzhen Sorting Center,Parcel picked up by carrier,2026-06-26T00:45:00+08:00,true
TRACK0000891,TRK000000257,out_for_delivery,Bangkok Delivery Hub,Courier is delivering the parcel,2026-06-26T11:45:00+08:00,true
TRACK0000892,TRK000000257,delivered,Bangkok,Parcel delivered to the simulated buyer,2026-06-27T08:45:00+08:00,true
TRACK0000893,TRK000000258,pending_pickup,Shenzhen Demo Warehouse,Shipment information received,2026-06-22T21:13:00+08:00,true
TRACK0000894,TRK000000258,picked_up,Shenzhen Sorting Center,Parcel picked up by carrier,2026-06-24T00:13:00+08:00,true
TRACK0000895,TRK000000258,in_transit,Regional Transit Hub,Parcel is moving to destination,2026-06-24T06:13:00+08:00,true
TRACK0000896,TRK000000258,customs_clearance,Bangkok Customs,Customs processing completed,2026-06-25T08:13:00+08:00,true
TRACK0000897,TRK000000258,out_for_delivery,Bangkok Delivery Hub,Courier is delivering the parcel,2026-06-25T20:13:00+08:00,true
TRACK0000898,TRK000000258,delivered,Bangkok,Parcel delivered to the simulated buyer,2026-06-26T11:13:00+08:00,true
TRACK0000899,TRK000000259,pending_pickup,Shenzhen Demo Warehouse,Shipment information received,2026-04-28T06:56:00+08:00,true
TRACK0000900,TRK000000259,picked_up,Shenzhen Sorting Center,Parcel picked up by carrier,2026-04-29T03:56:00+08:00,true
TRACK0000901,TRK000000259,in_transit,Regional Transit Hub,Parcel is moving to destination,2026-04-30T07:56:00+08:00,true
TRACK0000902,TRK000000259,customs_clearance,Kuala Lumpur Customs,Customs processing completed,2026-05-01T01:56:00+08:00,true
TRACK0000903,TRK000000259,out_for_delivery,Kuala Lumpur Delivery Hub,Courier is delivering the parcel,2026-05-01T15:56:00+08:00,true
TRACK0000904,TRK000000259,delivered,Kuala Lumpur,Parcel delivered to the simulated buyer,2026-05-02T16:56:00+08:00,true
TRACK0000905,TRK000000260,pending_pickup,Shenzhen Demo Warehouse,Shipment information received,2026-05-11T12:36:00+08:00,true
TRACK0000906,TRK000000260,in_transit,Regional Transit Hub,Parcel is moving to destination,2026-05-12T12:36:00+08:00,true
TRACK0000907,TRK000000260,customs_clearance,Singapore Customs,Customs processing completed,2026-05-13T05:36:00+08:00,true
TRACK0000908,TRK000000260,out_for_delivery,Singapore Delivery Hub,Courier is delivering the parcel,2026-05-14T09:36:00+08:00,true
TRACK0000909,TRK000000260,delivered,Singapore,Parcel delivered to the simulated buyer,2026-05-15T03:36:00+08:00,true
TRACK0000910,TRK000000261,pending_pickup,Shenzhen Demo Warehouse,Shipment label created,2026-03-22T09:01:00+08:00,true
TRACK0000911,TRK000000261,pending_pickup,Shenzhen Demo Warehouse,Parcel packed and awaiting carrier pickup,2026-03-23T05:01:00+08:00,true
TRACK0000912,TRK000000262,pending_pickup,Shenzhen Demo Warehouse,Shipment information received,2026-02-02T04:16:00+08:00,true
TRACK0000913,TRK000000262,picked_up,Shenzhen Sorting Center,Parcel picked up by carrier,2026-02-03T04:16:00+08:00,true
TRACK0000914,TRK000000262,in_transit,Regional Transit Hub,Parcel is moving to destination,2026-02-04T02:16:00+08:00,true
TRACK0000915,TRK000000262,customs_clearance,Kuala Lumpur Customs,Customs processing completed,2026-02-04T09:16:00+08:00,true
TRACK0000916,TRK000000262,delivered,Kuala Lumpur,Parcel delivered to the simulated buyer,2026-02-05T03:16:00+08:00,true
TRACK0000917,TRK000000263,pending_pickup,Shenzhen Demo Warehouse,Shipment label created,2026-05-23T13:54:00+08:00,true
TRACK0000918,TRK000000263,pending_pickup,Shenzhen Demo Warehouse,Parcel packed and awaiting carrier pickup,2026-05-24T02:54:00+08:00,true
TRACK0000919,TRK000000265,pending_pickup,Shenzhen Demo Warehouse,Shipment information received,2026-05-17T11:46:00+08:00,true
TRACK0000920,TRK000000265,picked_up,Shenzhen Sorting Center,Parcel picked up by carrier,2026-05-18T10:46:00+08:00,true
TRACK0000921,TRK000000265,in_transit,Regional Transit Hub,Parcel is moving to destination,2026-05-19T03:46:00+08:00,true
TRACK0000922,TRK000000266,pending_pickup,Shenzhen Demo Warehouse,Shipment information received,2026-02-16T14:09:00+08:00,true
TRACK0000923,TRK000000266,picked_up,Shenzhen Sorting Center,Parcel picked up by carrier,2026-02-17T06:09:00+08:00,true
TRACK0000924,TRK000000266,out_for_delivery,Manila Delivery Hub,Courier is delivering the parcel,2026-02-18T04:09:00+08:00,true
TRACK0000925,TRK000000266,delivered,Manila,Parcel delivered to the simulated buyer,2026-02-19T05:09:00+08:00,true
TRACK0000926,TRK000000267,pending_pickup,Shenzhen Demo Warehouse,Shipment information received,2026-04-17T22:11:00+08:00,true
TRACK0000927,TRK000000267,in_transit,Regional Transit Hub,Parcel is moving to destination,2026-04-18T17:11:00+08:00,true
TRACK0000928,TRK000000267,customs_clearance,Kuala Lumpur Customs,Customs processing completed,2026-04-19T19:11:00+08:00,true
TRACK0000929,TRK000000267,delivered,Kuala Lumpur,Parcel delivered to the simulated buyer,2026-04-20T02:11:00+08:00,true
TRACK0000930,TRK000000268,pending_pickup,Shenzhen Demo Warehouse,Shipment information received,2026-06-09T04:47:00+08:00,true
TRACK0000931,TRK000000268,picked_up,Shenzhen Sorting Center,Parcel picked up by carrier,2026-06-10T05:47:00+08:00,true
TRACK0000932,TRK000000268,in_transit,Regional Transit Hub,Parcel is moving to destination,2026-06-10T18:47:00+08:00,true
TRACK0000933,TRK000000268,customs_clearance,Bangkok Customs,Customs processing completed,2026-06-11T13:47:00+08:00,true
TRACK0000934,TRK000000268,out_for_delivery,Bangkok Delivery Hub,Courier is delivering the parcel,2026-06-12T02:47:00+08:00,true
TRACK0000935,TRK000000268,delivered,Bangkok,Parcel delivered to the simulated buyer,2026-06-12T12:47:00+08:00,true
TRACK0000936,TRK000000269,pending_pickup,Shenzhen Demo Warehouse,Shipment label created,2026-03-26T15:07:00+08:00,true
TRACK0000937,TRK000000269,pending_pickup,Shenzhen Demo Warehouse,Parcel packed and awaiting carrier pickup,2026-03-27T16:07:00+08:00,true
TRACK0000938,TRK000000270,pending_pickup,Shenzhen Demo Warehouse,Shipment information received,2026-04-06T10:06:00+08:00,true
TRACK0000939,TRK000000270,picked_up,Shenzhen Sorting Center,Parcel picked up by carrier,2026-04-07T06:06:00+08:00,true
TRACK0000940,TRK000000270,in_transit,Regional Transit Hub,Parcel is moving to destination,2026-04-07T13:06:00+08:00,true
TRACK0000941,TRK000000270,customs_clearance,Singapore Customs,Customs processing completed,2026-04-08T11:06:00+08:00,true
TRACK0000942,TRK000000270,out_for_delivery,Singapore Delivery Hub,Courier is delivering the parcel,2026-04-09T02:06:00+08:00,true
TRACK0000943,TRK000000270,delivered,Singapore,Parcel delivered to the simulated buyer,2026-04-09T22:06:00+08:00,true
TRACK0000944,TRK000000271,pending_pickup,Shenzhen Demo Warehouse,Shipment information received,2026-05-22T14:09:00+08:00,true
TRACK0000945,TRK000000271,in_transit,Regional Transit Hub,Parcel is moving to destination,2026-05-23T16:09:00+08:00,true
TRACK0000946,TRK000000271,delivered,Singapore,Parcel delivered to the simulated buyer,2026-05-24T13:09:00+08:00,true
TRACK0000947,TRK000000272,pending_pickup,Shenzhen Demo Warehouse,Shipment information received,2026-03-26T16:51:00+08:00,true
TRACK0000948,TRK000000272,in_transit,Regional Transit Hub,Parcel is moving to destination,2026-03-27T14:51:00+08:00,true
TRACK0000949,TRK000000272,customs_clearance,Kuala Lumpur Customs,Customs processing completed,2026-03-28T10:51:00+08:00,true
TRACK0000950,TRK000000272,delivered,Kuala Lumpur,Parcel delivered to the simulated buyer,2026-03-28T22:51:00+08:00,true
TRACK0000951,TRK000000274,pending_pickup,Shenzhen Demo Warehouse,Shipment information received,2026-05-22T11:49:00+08:00,true
TRACK0000952,TRK000000274,picked_up,Shenzhen Sorting Center,Parcel picked up by carrier,2026-05-23T02:49:00+08:00,true
TRACK0000953,TRK000000274,customs_clearance,Ho Chi Minh City Customs,Customs processing completed,2026-05-24T03:49:00+08:00,true
TRACK0000954,TRK000000274,delivered,Ho Chi Minh City,Parcel delivered to the simulated buyer,2026-05-25T06:49:00+08:00,true
TRACK0000955,TRK000000275,pending_pickup,Shenzhen Demo Warehouse,Shipment label created,2026-03-21T08:37:00+08:00,true
TRACK0000956,TRK000000275,pending_pickup,Shenzhen Demo Warehouse,Parcel packed and awaiting carrier pickup,2026-03-21T13:37:00+08:00,true
TRACK0000957,TRK000000276,pending_pickup,Shenzhen Demo Warehouse,Shipment information received,2026-05-21T17:14:00+08:00,true
TRACK0000958,TRK000000276,picked_up,Shenzhen Sorting Center,Parcel picked up by carrier,2026-05-22T16:14:00+08:00,true
TRACK0000959,TRK000000278,pending_pickup,Shenzhen Demo Warehouse,Shipment label created,2026-01-28T21:13:00+08:00,true
TRACK0000960,TRK000000278,pending_pickup,Shenzhen Demo Warehouse,Parcel packed and awaiting carrier pickup,2026-01-29T06:13:00+08:00,true
TRACK0000961,TRK000000279,pending_pickup,Shenzhen Demo Warehouse,Shipment information received,2026-04-12T23:11:00+08:00,true
TRACK0000962,TRK000000279,picked_up,Shenzhen Sorting Center,Parcel picked up by carrier,2026-04-14T00:11:00+08:00,true
TRACK0000963,TRK000000279,in_transit,Regional Transit Hub,Parcel is moving to destination,2026-04-14T15:11:00+08:00,true
TRACK0000964,TRK000000280,pending_pickup,Shenzhen Demo Warehouse,Shipment information received,2026-06-01T07:37:00+08:00,true
TRACK0000965,TRK000000280,picked_up,Shenzhen Sorting Center,Parcel picked up by carrier,2026-06-01T15:37:00+08:00,true
TRACK0000966,TRK000000280,in_transit,Regional Transit Hub,Parcel is moving to destination,2026-06-02T11:37:00+08:00,true
TRACK0000967,TRK000000280,customs_clearance,Singapore Customs,Customs processing completed,2026-06-03T06:37:00+08:00,true
TRACK0000968,TRK000000280,out_for_delivery,Singapore Delivery Hub,Courier is delivering the parcel,2026-06-03T11:37:00+08:00,true
TRACK0000969,TRK000000280,delivered,Singapore,Parcel delivered to the simulated buyer,2026-06-03T19:37:00+08:00,true
TRACK0000970,TRK000000281,pending_pickup,Shenzhen Demo Warehouse,Shipment label created,2026-01-11T15:36:00+08:00,true
TRACK0000971,TRK000000281,pending_pickup,Shenzhen Demo Warehouse,Parcel packed and awaiting carrier pickup,2026-01-12T11:36:00+08:00,true
TRACK0000972,TRK000000282,pending_pickup,Shenzhen Demo Warehouse,Shipment information received,2026-06-15T22:44:00+08:00,true
TRACK0000973,TRK000000282,picked_up,Shenzhen Sorting Center,Parcel picked up by carrier,2026-06-17T02:44:00+08:00,true
TRACK0000974,TRK000000282,in_transit,Regional Transit Hub,Parcel is moving to destination,2026-06-18T02:44:00+08:00,true
TRACK0000975,TRK000000282,customs_clearance,Ho Chi Minh City Customs,Customs processing completed,2026-06-18T19:44:00+08:00,true
TRACK0000976,TRK000000282,out_for_delivery,Ho Chi Minh City Delivery Hub,Courier is delivering the parcel,2026-06-19T11:44:00+08:00,true
TRACK0000977,TRK000000282,delivered,Ho Chi Minh City,Parcel delivered to the simulated buyer,2026-06-19T16:44:00+08:00,true
TRACK0000978,TRK000000283,pending_pickup,Shenzhen Demo Warehouse,Shipment information received,2026-05-06T07:57:00+08:00,true
TRACK0000979,TRK000000283,picked_up,Shenzhen Sorting Center,Parcel picked up by carrier,2026-05-07T11:57:00+08:00,true
TRACK0000980,TRK000000283,in_transit,Regional Transit Hub,Parcel is moving to destination,2026-05-08T14:57:00+08:00,true
TRACK0000981,TRK000000283,customs_clearance,Singapore Customs,Customs processing completed,2026-05-09T10:57:00+08:00,true
TRACK0000982,TRK000000283,out_for_delivery,Singapore Delivery Hub,Courier is delivering the parcel,2026-05-10T14:57:00+08:00,true
TRACK0000983,TRK000000283,delivered,Singapore,Parcel delivered to the simulated buyer,2026-05-10T19:57:00+08:00,true
TRACK0000984,TRK000000284,pending_pickup,Shenzhen Demo Warehouse,Shipment information received,2026-01-23T09:55:00+08:00,true
TRACK0000985,TRK000000284,picked_up,Shenzhen Sorting Center,Parcel picked up by carrier,2026-01-23T22:55:00+08:00,true
TRACK0000986,TRK000000284,in_transit,Regional Transit Hub,Parcel is moving to destination,2026-01-24T22:55:00+08:00,true
TRACK0000987,TRK000000284,customs_clearance,Singapore Customs,Customs processing completed,2026-01-25T23:55:00+08:00,true
TRACK0000988,TRK000000284,out_for_delivery,Singapore Delivery Hub,Courier is delivering the parcel,2026-01-27T02:55:00+08:00,true
TRACK0000989,TRK000000284,delivered,Singapore,Parcel delivered to the simulated buyer,2026-01-27T23:55:00+08:00,true
TRACK0000990,TRK000000285,pending_pickup,Shenzhen Demo Warehouse,Shipment information received,2026-06-27T06:10:00+08:00,true
TRACK0000991,TRK000000285,in_transit,Regional Transit Hub,Parcel is moving to destination,2026-06-27T18:10:00+08:00,true
TRACK0000992,TRK000000285,delivered,Jakarta,Parcel delivered to the simulated buyer,2026-06-28T19:10:00+08:00,true
TRACK0000993,TRK000000286,pending_pickup,Shenzhen Demo Warehouse,Shipment label created,2026-04-07T05:32:00+08:00,true
TRACK0000994,TRK000000286,pending_pickup,Shenzhen Demo Warehouse,Parcel packed and awaiting carrier pickup,2026-04-07T10:32:00+08:00,true
TRACK0000995,TRK000000287,pending_pickup,Shenzhen Demo Warehouse,Shipment information received,2026-06-05T07:41:00+08:00,true
TRACK0000996,TRK000000287,picked_up,Shenzhen Sorting Center,Parcel picked up by carrier,2026-06-05T13:41:00+08:00,true
TRACK0000997,TRK000000287,in_transit,Regional Transit Hub,Parcel is moving to destination,2026-06-06T00:41:00+08:00,true
TRACK0000998,TRK000000288,pending_pickup,Shenzhen Demo Warehouse,Shipment information received,2026-01-30T13:44:00+08:00,true
TRACK0000999,TRK000000288,picked_up,Shenzhen Sorting Center,Parcel picked up by carrier,2026-01-30T21:44:00+08:00,true
TRACK0001000,TRK000000290,pending_pickup,Shenzhen Demo Warehouse,Shipment information received,2026-03-02T08:06:00+08:00,true
TRACK0001001,TRK000000290,picked_up,Shenzhen Sorting Center,Parcel picked up by carrier,2026-03-02T20:06:00+08:00,true
TRACK0001002,TRK000000291,pending_pickup,Shenzhen Demo Warehouse,Shipment label created,2026-02-23T23:17:00+08:00,true
TRACK0001003,TRK000000291,pending_pickup,Shenzhen Demo Warehouse,Parcel packed and awaiting carrier pickup,2026-02-24T05:17:00+08:00,true
TRACK0001004,TRK000000292,pending_pickup,Shenzhen Demo Warehouse,Shipment information received,2026-02-27T11:07:00+08:00,true
TRACK0001005,TRK000000292,in_transit,Regional Transit Hub,Parcel is moving to destination,2026-02-28T01:07:00+08:00,true
TRACK0001006,TRK000000292,customs_clearance,Singapore Customs,Customs processing completed,2026-02-28T11:07:00+08:00,true
TRACK0001007,TRK000000292,delivered,Singapore,Parcel delivered to the simulated buyer,2026-03-01T06:07:00+08:00,true
TRACK0001008,TRK000000293,pending_pickup,Shenzhen Demo Warehouse,Shipment information received,2026-04-21T18:46:00+08:00,true
TRACK0001009,TRK000000293,picked_up,Shenzhen Sorting Center,Parcel picked up by carrier,2026-04-22T14:46:00+08:00,true
TRACK0001010,TRK000000293,in_transit,Regional Transit Hub,Parcel is moving to destination,2026-04-23T18:46:00+08:00,true
TRACK0001011,TRK000000293,customs_clearance,Manila Customs,Customs processing completed,2026-04-24T04:46:00+08:00,true
TRACK0001012,TRK000000293,delivered,Manila,Parcel delivered to the simulated buyer,2026-04-25T08:46:00+08:00,true
TRACK0001013,TRK000000294,pending_pickup,Shenzhen Demo Warehouse,Shipment information received,2026-05-04T01:34:00+08:00,true
TRACK0001014,TRK000000294,picked_up,Shenzhen Sorting Center,Parcel picked up by carrier,2026-05-04T22:34:00+08:00,true
TRACK0001015,TRK000000294,customs_clearance,Jakarta Customs,Customs processing completed,2026-05-06T00:34:00+08:00,true
TRACK0001016,TRK000000294,delivered,Jakarta,Parcel delivered to the simulated buyer,2026-05-06T10:34:00+08:00,true
TRACK0001017,TRK000000295,pending_pickup,Shenzhen Demo Warehouse,Shipment information received,2026-06-25T10:40:00+08:00,true
TRACK0001018,TRK000000295,picked_up,Shenzhen Sorting Center,Parcel picked up by carrier,2026-06-26T07:40:00+08:00,true
TRACK0001019,TRK000000295,in_transit,Regional Transit Hub,Parcel is moving to destination,2026-06-26T15:40:00+08:00,true
TRACK0001020,TRK000000295,customs_clearance,Bangkok Customs,Customs processing completed,2026-06-26T22:40:00+08:00,true
TRACK0001021,TRK000000295,out_for_delivery,Bangkok Delivery Hub,Courier is delivering the parcel,2026-06-27T16:40:00+08:00,true
TRACK0001022,TRK000000295,delivered,Bangkok,Parcel delivered to the simulated buyer,2026-06-28T12:40:00+08:00,true
TRACK0001023,TRK000000296,pending_pickup,Shenzhen Demo Warehouse,Shipment information received,2026-01-23T12:03:00+08:00,true
TRACK0001024,TRK000000296,customs_clearance,Singapore Customs,Customs processing completed,2026-01-23T19:03:00+08:00,true
TRACK0001025,TRK000000296,delivered,Singapore,Parcel delivered to the simulated buyer,2026-01-24T14:03:00+08:00,true
TRACK0001026,TRK000000297,pending_pickup,Shenzhen Demo Warehouse,Shipment label created,2026-05-10T23:52:00+08:00,true
TRACK0001027,TRK000000297,pending_pickup,Shenzhen Demo Warehouse,Parcel packed and awaiting carrier pickup,2026-05-11T22:52:00+08:00,true
TRACK0001028,TRK000000298,pending_pickup,Shenzhen Demo Warehouse,Shipment information received,2026-05-24T15:40:00+08:00,true
TRACK0001029,TRK000000298,in_transit,Regional Transit Hub,Parcel is moving to destination,2026-05-25T17:40:00+08:00,true
TRACK0001030,TRK000000298,customs_clearance,Bangkok Customs,Customs processing completed,2026-05-26T12:40:00+08:00,true
TRACK0001031,TRK000000298,out_for_delivery,Bangkok Delivery Hub,Courier is delivering the parcel,2026-05-27T11:40:00+08:00,true
TRACK0001032,TRK000000298,delivered,Bangkok,Parcel delivered to the simulated buyer,2026-05-27T22:40:00+08:00,true
TRACK0001033,TRK000000299,pending_pickup,Shenzhen Demo Warehouse,Shipment information received,2026-06-13T08:41:00+08:00,true
TRACK0001034,TRK000000299,in_transit,Regional Transit Hub,Parcel is moving to destination,2026-06-14T05:41:00+08:00,true
TRACK0001035,TRK000000299,customs_clearance,Kuala Lumpur Customs,Customs processing completed,2026-06-14T22:41:00+08:00,true
TRACK0001036,TRK000000299,out_for_delivery,Kuala Lumpur Delivery Hub,Courier is delivering the parcel,2026-06-15T19:41:00+08:00,true
TRACK0001037,TRK000000299,delivered,Kuala Lumpur,Parcel delivered to the simulated buyer,2026-06-16T00:41:00+08:00,true
TRACK0001038,TRK000000300,pending_pickup,Shenzhen Demo Warehouse,Shipment information received,2026-03-21T01:55:00+08:00,true
TRACK0001039,TRK000000300,picked_up,Shenzhen Sorting Center,Parcel picked up by carrier,2026-03-22T02:55:00+08:00,true
TRACK0001040,TRK000000300,in_transit,Regional Transit Hub,Parcel is moving to destination,2026-03-22T22:55:00+08:00,true
TRACK0001041,TRK000000300,out_for_delivery,Bangkok Delivery Hub,Courier is delivering the parcel,2026-03-23T07:55:00+08:00,true
TRACK0001042,TRK000000300,delivered,Bangkok,Parcel delivered to the simulated buyer,2026-03-23T21:55:00+08:00,true
TRACK0001043,TRK000000301,pending_pickup,Shenzhen Demo Warehouse,Shipment information received,2026-03-25T21:09:00+08:00,true
TRACK0001044,TRK000000301,picked_up,Shenzhen Sorting Center,Parcel picked up by carrier,2026-03-26T19:09:00+08:00,true
TRACK0001045,TRK000000301,in_transit,Regional Transit Hub,Parcel is moving to destination,2026-03-27T15:09:00+08:00,true
TRACK0001046,TRK000000301,delivered,Bangkok,Parcel delivered to the simulated buyer,2026-03-28T05:09:00+08:00,true
TRACK0001047,TRK000000302,pending_pickup,Shenzhen Demo Warehouse,Shipment information received,2026-04-15T07:44:00+08:00,true
TRACK0001048,TRK000000302,in_transit,Regional Transit Hub,Parcel is moving to destination,2026-04-15T16:44:00+08:00,true
TRACK0001049,TRK000000302,delivered,Kuala Lumpur,Parcel delivered to the simulated buyer,2026-04-16T12:44:00+08:00,true
TRACK0001050,TRK000000304,pending_pickup,Shenzhen Demo Warehouse,Shipment label created,2026-03-15T08:54:00+08:00,true
TRACK0001051,TRK000000304,pending_pickup,Shenzhen Demo Warehouse,Parcel packed and awaiting carrier pickup,2026-03-16T11:54:00+08:00,true
TRACK0001052,TRK000000305,pending_pickup,Shenzhen Demo Warehouse,Shipment information received,2026-03-29T08:52:00+08:00,true
TRACK0001053,TRK000000305,picked_up,Shenzhen Sorting Center,Parcel picked up by carrier,2026-03-29T18:52:00+08:00,true
TRACK0001054,TRK000000306,pending_pickup,Shenzhen Demo Warehouse,Shipment information received,2026-04-10T02:32:00+08:00,true
TRACK0001055,TRK000000306,picked_up,Shenzhen Sorting Center,Parcel picked up by carrier,2026-04-11T04:32:00+08:00,true
TRACK0001056,TRK000000306,in_transit,Regional Transit Hub,Parcel is moving to destination,2026-04-12T03:32:00+08:00,true
TRACK0001057,TRK000000306,customs_clearance,Ho Chi Minh City Customs,Customs processing completed,2026-04-13T05:32:00+08:00,true
TRACK0001058,TRK000000306,out_for_delivery,Ho Chi Minh City Delivery Hub,Courier is delivering the parcel,2026-04-13T15:32:00+08:00,true
TRACK0001059,TRK000000306,delivered,Ho Chi Minh City,Parcel delivered to the simulated buyer,2026-04-14T03:32:00+08:00,true
TRACK0001060,TRK000000308,pending_pickup,Shenzhen Demo Warehouse,Shipment label created,2026-03-15T03:16:00+08:00,true
TRACK0001061,TRK000000308,pending_pickup,Shenzhen Demo Warehouse,Parcel packed and awaiting carrier pickup,2026-03-16T00:16:00+08:00,true
TRACK0001062,TRK000000309,pending_pickup,Shenzhen Demo Warehouse,Shipment information received,2026-06-18T14:17:00+08:00,true
TRACK0001063,TRK000000309,picked_up,Shenzhen Sorting Center,Parcel picked up by carrier,2026-06-18T19:17:00+08:00,true
TRACK0001064,TRK000000310,pending_pickup,Shenzhen Demo Warehouse,Shipment label created,2026-05-10T02:58:00+08:00,true
TRACK0001065,TRK000000310,pending_pickup,Shenzhen Demo Warehouse,Parcel packed and awaiting carrier pickup,2026-05-11T00:58:00+08:00,true
TRACK0001066,TRK000000311,pending_pickup,Shenzhen Demo Warehouse,Shipment label created,2026-03-18T14:28:00+08:00,true
TRACK0001067,TRK000000311,pending_pickup,Shenzhen Demo Warehouse,Parcel packed and awaiting carrier pickup,2026-03-19T04:28:00+08:00,true
TRACK0001068,TRK000000313,pending_pickup,Shenzhen Demo Warehouse,Shipment information received,2026-06-29T20:37:00+08:00,true
TRACK0001069,TRK000000313,in_transit,Regional Transit Hub,Parcel is moving to destination,2026-06-30T14:37:00+08:00,true
TRACK0001070,TRK000000313,customs_clearance,Singapore Customs,Customs processing completed,2026-07-01T07:37:00+08:00,true
TRACK0001071,TRK000000313,out_for_delivery,Singapore Delivery Hub,Courier is delivering the parcel,2026-07-02T07:37:00+08:00,true
TRACK0001072,TRK000000313,delivered,Singapore,Parcel delivered to the simulated buyer,2026-07-03T00:37:00+08:00,true
TRACK0001073,TRK000000314,pending_pickup,Shenzhen Demo Warehouse,Shipment label created,2026-05-30T23:10:00+08:00,true
TRACK0001074,TRK000000314,pending_pickup,Shenzhen Demo Warehouse,Parcel packed and awaiting carrier pickup,2026-06-01T02:10:00+08:00,true
TRACK0001075,TRK000000315,pending_pickup,Shenzhen Demo Warehouse,Shipment information received,2026-04-30T03:07:00+08:00,true
TRACK0001076,TRK000000315,picked_up,Shenzhen Sorting Center,Parcel picked up by carrier,2026-04-30T16:07:00+08:00,true
TRACK0001077,TRK000000315,in_transit,Regional Transit Hub,Parcel is moving to destination,2026-05-01T12:07:00+08:00,true
TRACK0001078,TRK000000315,customs_clearance,Jakarta Customs,Customs processing completed,2026-05-01T17:07:00+08:00,true
TRACK0001079,TRK000000315,out_for_delivery,Jakarta Delivery Hub,Courier is delivering the parcel,2026-05-02T11:07:00+08:00,true
TRACK0001080,TRK000000315,delivered,Jakarta,Parcel delivered to the simulated buyer,2026-05-03T09:07:00+08:00,true
TRACK0001081,TRK000000316,pending_pickup,Shenzhen Demo Warehouse,Shipment label created,2026-04-18T04:22:00+08:00,true
TRACK0001082,TRK000000316,pending_pickup,Shenzhen Demo Warehouse,Parcel packed and awaiting carrier pickup,2026-04-18T09:22:00+08:00,true
TRACK0001083,TRK000000317,pending_pickup,Shenzhen Demo Warehouse,Shipment information received,2026-01-12T23:11:00+08:00,true
TRACK0001084,TRK000000317,picked_up,Shenzhen Sorting Center,Parcel picked up by carrier,2026-01-13T13:11:00+08:00,true
TRACK0001085,TRK000000317,in_transit,Regional Transit Hub,Parcel is moving to destination,2026-01-14T03:11:00+08:00,true
TRACK0001086,TRK000000317,customs_clearance,Jakarta Customs,Customs processing completed,2026-01-15T00:11:00+08:00,true
TRACK0001087,TRK000000317,out_for_delivery,Jakarta Delivery Hub,Courier is delivering the parcel,2026-01-15T06:11:00+08:00,true
TRACK0001088,TRK000000317,delivered,Jakarta,Parcel delivered to the simulated buyer,2026-01-16T09:11:00+08:00,true
TRACK0001089,TRK000000318,pending_pickup,Shenzhen Demo Warehouse,Shipment information received,2026-05-14T22:55:00+08:00,true
TRACK0001090,TRK000000318,customs_clearance,Kuala Lumpur Customs,Customs processing completed,2026-05-15T20:55:00+08:00,true
TRACK0001091,TRK000000318,delivered,Kuala Lumpur,Parcel delivered to the simulated buyer,2026-05-16T17:55:00+08:00,true
TRACK0001092,TRK000000319,pending_pickup,Shenzhen Demo Warehouse,Shipment information received,2026-06-20T10:07:00+08:00,true
TRACK0001093,TRK000000319,picked_up,Shenzhen Sorting Center,Parcel picked up by carrier,2026-06-21T01:07:00+08:00,true
TRACK0001094,TRK000000320,pending_pickup,Shenzhen Demo Warehouse,Shipment label created,2026-02-06T01:17:00+08:00,true
TRACK0001095,TRK000000320,pending_pickup,Shenzhen Demo Warehouse,Parcel packed and awaiting carrier pickup,2026-02-06T08:17:00+08:00,true
TRACK0001096,TRK000000321,pending_pickup,Shenzhen Demo Warehouse,Shipment information received,2026-04-03T07:08:00+08:00,true
TRACK0001097,TRK000000321,in_transit,Regional Transit Hub,Parcel is moving to destination,2026-04-04T00:08:00+08:00,true
TRACK0001098,TRK000000321,customs_clearance,Ho Chi Minh City Customs,Customs processing completed,2026-04-04T19:08:00+08:00,true
TRACK0001099,TRK000000321,out_for_delivery,Ho Chi Minh City Delivery Hub,Courier is delivering the parcel,2026-04-05T17:08:00+08:00,true
TRACK0001100,TRK000000321,delivered,Ho Chi Minh City,Parcel delivered to the simulated buyer,2026-04-06T17:08:00+08:00,true
TRACK0001101,TRK000000322,pending_pickup,Shenzhen Demo Warehouse,Shipment information received,2026-02-20T14:55:00+08:00,true
TRACK0001102,TRK000000322,out_for_delivery,Singapore Delivery Hub,Courier is delivering the parcel,2026-02-21T00:55:00+08:00,true
TRACK0001103,TRK000000322,delivered,Singapore,Parcel delivered to the simulated buyer,2026-02-22T02:55:00+08:00,true
TRACK0001104,TRK000000323,pending_pickup,Shenzhen Demo Warehouse,Shipment information received,2026-01-18T08:47:00+08:00,true
TRACK0001105,TRK000000323,picked_up,Shenzhen Sorting Center,Parcel picked up by carrier,2026-01-19T10:47:00+08:00,true
TRACK0001106,TRK000000323,in_transit,Regional Transit Hub,Parcel is moving to destination,2026-01-19T16:47:00+08:00,true
TRACK0001107,TRK000000324,pending_pickup,Shenzhen Demo Warehouse,Shipment information received,2026-03-26T15:17:00+08:00,true
TRACK0001108,TRK000000324,out_for_delivery,Kuala Lumpur Delivery Hub,Courier is delivering the parcel,2026-03-27T07:17:00+08:00,true
TRACK0001109,TRK000000324,delivered,Kuala Lumpur,Parcel delivered to the simulated buyer,2026-03-27T18:17:00+08:00,true
TRACK0001110,TRK000000325,pending_pickup,Shenzhen Demo Warehouse,Shipment label created,2026-06-07T08:02:00+08:00,true
TRACK0001111,TRK000000325,pending_pickup,Shenzhen Demo Warehouse,Parcel packed and awaiting carrier pickup,2026-06-08T01:02:00+08:00,true
TRACK0001112,TRK000000326,pending_pickup,Shenzhen Demo Warehouse,Shipment information received,2026-03-25T20:38:00+08:00,true
TRACK0001113,TRK000000326,picked_up,Shenzhen Sorting Center,Parcel picked up by carrier,2026-03-26T01:38:00+08:00,true
TRACK0001114,TRK000000326,in_transit,Regional Transit Hub,Parcel is moving to destination,2026-03-27T03:38:00+08:00,true
TRACK0001115,TRK000000326,customs_clearance,Singapore Customs,Customs processing completed,2026-03-27T08:38:00+08:00,true
TRACK0001116,TRK000000326,delivered,Singapore,Parcel delivered to the simulated buyer,2026-03-27T21:38:00+08:00,true
TRACK0001117,TRK000000327,pending_pickup,Shenzhen Demo Warehouse,Shipment information received,2026-02-27T13:53:00+08:00,true
TRACK0001118,TRK000000327,out_for_delivery,Ho Chi Minh City Delivery Hub,Courier is delivering the parcel,2026-02-28T11:53:00+08:00,true
TRACK0001119,TRK000000327,delivered,Ho Chi Minh City,Parcel delivered to the simulated buyer,2026-02-28T17:53:00+08:00,true
TRACK0001120,TRK000000328,pending_pickup,Shenzhen Demo Warehouse,Shipment information received,2026-03-12T15:07:00+08:00,true
TRACK0001121,TRK000000328,picked_up,Shenzhen Sorting Center,Parcel picked up by carrier,2026-03-13T07:07:00+08:00,true
TRACK0001122,TRK000000328,out_for_delivery,Bangkok Delivery Hub,Courier is delivering the parcel,2026-03-14T01:07:00+08:00,true
TRACK0001123,TRK000000328,delivered,Bangkok,Parcel delivered to the simulated buyer,2026-03-14T12:07:00+08:00,true
TRACK0001124,TRK000000329,pending_pickup,Shenzhen Demo Warehouse,Shipment information received,2026-05-27T12:39:00+08:00,true
TRACK0001125,TRK000000329,customs_clearance,Kuala Lumpur Customs,Customs processing completed,2026-05-27T17:39:00+08:00,true
TRACK0001126,TRK000000329,out_for_delivery,Kuala Lumpur Delivery Hub,Courier is delivering the parcel,2026-05-28T15:39:00+08:00,true
TRACK0001127,TRK000000329,delivered,Kuala Lumpur,Parcel delivered to the simulated buyer,2026-05-29T09:39:00+08:00,true
TRACK0001128,TRK000000330,pending_pickup,Shenzhen Demo Warehouse,Shipment information received,2026-01-17T09:17:00+08:00,true
TRACK0001129,TRK000000330,picked_up,Shenzhen Sorting Center,Parcel picked up by carrier,2026-01-18T08:17:00+08:00,true
TRACK0001130,TRK000000330,in_transit,Regional Transit Hub,Parcel is moving to destination,2026-01-19T11:17:00+08:00,true
TRACK0001131,TRK000000330,customs_clearance,Jakarta Customs,Customs processing completed,2026-01-20T04:17:00+08:00,true
TRACK0001132,TRK000000330,out_for_delivery,Jakarta Delivery Hub,Courier is delivering the parcel,2026-01-21T08:17:00+08:00,true
TRACK0001133,TRK000000330,delivered,Jakarta,Parcel delivered to the simulated buyer,2026-01-22T05:17:00+08:00,true
TRACK0001134,TRK000000331,pending_pickup,Shenzhen Demo Warehouse,Shipment information received,2026-05-17T06:57:00+08:00,true
TRACK0001135,TRK000000331,customs_clearance,Jakarta Customs,Customs processing completed,2026-05-17T11:57:00+08:00,true
TRACK0001136,TRK000000331,out_for_delivery,Jakarta Delivery Hub,Courier is delivering the parcel,2026-05-18T14:57:00+08:00,true
TRACK0001137,TRK000000331,delivered,Jakarta,Parcel delivered to the simulated buyer,2026-05-19T05:57:00+08:00,true
TRACK0001138,TRK000000332,pending_pickup,Shenzhen Demo Warehouse,Shipment information received,2026-03-05T11:49:00+08:00,true
TRACK0001139,TRK000000332,picked_up,Shenzhen Sorting Center,Parcel picked up by carrier,2026-03-06T12:49:00+08:00,true
TRACK0001140,TRK000000332,in_transit,Regional Transit Hub,Parcel is moving to destination,2026-03-06T18:49:00+08:00,true
TRACK0001141,TRK000000332,customs_clearance,Kuala Lumpur Customs,Customs processing completed,2026-03-07T21:49:00+08:00,true
TRACK0001142,TRK000000332,out_for_delivery,Kuala Lumpur Delivery Hub,Courier is delivering the parcel,2026-03-08T11:49:00+08:00,true
TRACK0001143,TRK000000332,delivered,Kuala Lumpur,Parcel delivered to the simulated buyer,2026-03-08T17:49:00+08:00,true
TRACK0001144,TRK000000333,pending_pickup,Shenzhen Demo Warehouse,Shipment information received,2026-01-22T00:06:00+08:00,true
TRACK0001145,TRK000000333,picked_up,Shenzhen Sorting Center,Parcel picked up by carrier,2026-01-22T15:06:00+08:00,true
TRACK0001146,TRK000000333,in_transit,Regional Transit Hub,Parcel is moving to destination,2026-01-23T09:06:00+08:00,true
TRACK0001147,TRK000000336,pending_pickup,Shenzhen Demo Warehouse,Shipment information received,2026-03-27T17:57:00+08:00,true
TRACK0001148,TRK000000336,out_for_delivery,Jakarta Delivery Hub,Courier is delivering the parcel,2026-03-28T14:57:00+08:00,true
TRACK0001149,TRK000000336,delivered,Jakarta,Parcel delivered to the simulated buyer,2026-03-28T21:57:00+08:00,true
TRACK0001150,TRK000000337,pending_pickup,Shenzhen Demo Warehouse,Shipment label created,2026-05-31T00:38:00+08:00,true
TRACK0001151,TRK000000337,pending_pickup,Shenzhen Demo Warehouse,Parcel packed and awaiting carrier pickup,2026-05-31T06:38:00+08:00,true
TRACK0001152,TRK000000338,pending_pickup,Shenzhen Demo Warehouse,Shipment label created,2026-03-14T21:33:00+08:00,true
TRACK0001153,TRK000000338,pending_pickup,Shenzhen Demo Warehouse,Parcel packed and awaiting carrier pickup,2026-03-15T12:33:00+08:00,true
TRACK0001154,TRK000000340,pending_pickup,Shenzhen Demo Warehouse,Shipment label created,2026-05-02T10:56:00+08:00,true
TRACK0001155,TRK000000340,pending_pickup,Shenzhen Demo Warehouse,Parcel packed and awaiting carrier pickup,2026-05-03T10:56:00+08:00,true
TRACK0001156,TRK000000342,pending_pickup,Shenzhen Demo Warehouse,Shipment information received,2026-06-19T03:52:00+08:00,true
TRACK0001157,TRK000000342,picked_up,Shenzhen Sorting Center,Parcel picked up by carrier,2026-06-19T14:52:00+08:00,true
TRACK0001158,TRK000000342,out_for_delivery,Singapore Delivery Hub,Courier is delivering the parcel,2026-06-20T00:52:00+08:00,true
TRACK0001159,TRK000000342,delivered,Singapore,Parcel delivered to the simulated buyer,2026-06-20T05:52:00+08:00,true
TRACK0001160,TRK000000343,pending_pickup,Shenzhen Demo Warehouse,Shipment information received,2026-05-10T05:26:00+08:00,true
TRACK0001161,TRK000000343,picked_up,Shenzhen Sorting Center,Parcel picked up by carrier,2026-05-10T17:26:00+08:00,true
TRACK0001162,TRK000000343,out_for_delivery,Bangkok Delivery Hub,Courier is delivering the parcel,2026-05-11T02:26:00+08:00,true
TRACK0001163,TRK000000343,delivered,Bangkok,Parcel delivered to the simulated buyer,2026-05-11T12:26:00+08:00,true
TRACK0001164,TRK000000344,pending_pickup,Shenzhen Demo Warehouse,Shipment information received,2026-01-27T09:40:00+08:00,true
TRACK0001165,TRK000000344,out_for_delivery,Bangkok Delivery Hub,Courier is delivering the parcel,2026-01-27T21:40:00+08:00,true
TRACK0001166,TRK000000344,delivered,Bangkok,Parcel delivered to the simulated buyer,2026-01-28T21:40:00+08:00,true
TRACK0001167,TRK000000345,pending_pickup,Shenzhen Demo Warehouse,Shipment information received,2026-03-20T17:46:00+08:00,true
TRACK0001168,TRK000000345,in_transit,Regional Transit Hub,Parcel is moving to destination,2026-03-21T19:46:00+08:00,true
TRACK0001169,TRK000000345,customs_clearance,Manila Customs,Customs processing completed,2026-03-22T15:46:00+08:00,true
TRACK0001170,TRK000000345,delivered,Manila,Parcel delivered to the simulated buyer,2026-03-23T01:46:00+08:00,true
TRACK0001171,TRK000000346,pending_pickup,Shenzhen Demo Warehouse,Shipment information received,2026-04-06T11:45:00+08:00,true
TRACK0001172,TRK000000346,in_transit,Regional Transit Hub,Parcel is moving to destination,2026-04-06T17:45:00+08:00,true
TRACK0001173,TRK000000346,out_for_delivery,Kuala Lumpur Delivery Hub,Courier is delivering the parcel,2026-04-07T08:45:00+08:00,true
TRACK0001174,TRK000000346,delivered,Kuala Lumpur,Parcel delivered to the simulated buyer,2026-04-08T01:45:00+08:00,true
TRACK0001175,TRK000000347,pending_pickup,Shenzhen Demo Warehouse,Shipment label created,2026-02-18T09:25:00+08:00,true
TRACK0001176,TRK000000347,pending_pickup,Shenzhen Demo Warehouse,Parcel packed and awaiting carrier pickup,2026-02-19T13:25:00+08:00,true
TRACK0001177,TRK000000348,pending_pickup,Shenzhen Demo Warehouse,Shipment information received,2026-05-05T22:32:00+08:00,true
TRACK0001178,TRK000000348,in_transit,Regional Transit Hub,Parcel is moving to destination,2026-05-06T12:32:00+08:00,true
TRACK0001179,TRK000000348,customs_clearance,Bangkok Customs,Customs processing completed,2026-05-07T05:32:00+08:00,true
TRACK0001180,TRK000000348,out_for_delivery,Bangkok Delivery Hub,Courier is delivering the parcel,2026-05-07T23:32:00+08:00,true
TRACK0001181,TRK000000348,delivered,Bangkok,Parcel delivered to the simulated buyer,2026-05-08T13:32:00+08:00,true
TRACK0001182,TRK000000349,pending_pickup,Shenzhen Demo Warehouse,Shipment information received,2026-03-17T10:52:00+08:00,true
TRACK0001183,TRK000000349,picked_up,Shenzhen Sorting Center,Parcel picked up by carrier,2026-03-17T16:52:00+08:00,true
TRACK0001184,TRK000000349,delivered,Jakarta,Parcel delivered to the simulated buyer,2026-03-18T01:52:00+08:00,true
TRACK0001185,TRK000000350,pending_pickup,Shenzhen Demo Warehouse,Shipment label created,2026-05-20T03:53:00+08:00,true
TRACK0001186,TRK000000350,pending_pickup,Shenzhen Demo Warehouse,Parcel packed and awaiting carrier pickup,2026-05-21T05:53:00+08:00,true
TRACK0001187,TRK000000351,pending_pickup,Shenzhen Demo Warehouse,Shipment information received,2026-05-20T17:59:00+08:00,true
TRACK0001188,TRK000000351,picked_up,Shenzhen Sorting Center,Parcel picked up by carrier,2026-05-21T04:59:00+08:00,true
TRACK0001189,TRK000000351,delivered,Ho Chi Minh City,Parcel delivered to the simulated buyer,2026-05-22T04:59:00+08:00,true
TRACK0001190,TRK000000352,pending_pickup,Shenzhen Demo Warehouse,Shipment information received,2026-03-02T08:00:00+08:00,true
TRACK0001191,TRK000000352,picked_up,Shenzhen Sorting Center,Parcel picked up by carrier,2026-03-03T12:00:00+08:00,true
TRACK0001192,TRK000000353,pending_pickup,Shenzhen Demo Warehouse,Shipment information received,2026-01-11T23:47:00+08:00,true
TRACK0001193,TRK000000353,in_transit,Regional Transit Hub,Parcel is moving to destination,2026-01-13T01:47:00+08:00,true
TRACK0001194,TRK000000353,customs_clearance,Kuala Lumpur Customs,Customs processing completed,2026-01-13T19:47:00+08:00,true
TRACK0001195,TRK000000353,delivered,Kuala Lumpur,Parcel delivered to the simulated buyer,2026-01-14T13:47:00+08:00,true
TRACK0001196,TRK000000354,pending_pickup,Shenzhen Demo Warehouse,Shipment information received,2026-03-15T08:38:00+08:00,true
TRACK0001197,TRK000000354,picked_up,Shenzhen Sorting Center,Parcel picked up by carrier,2026-03-15T16:38:00+08:00,true
TRACK0001198,TRK000000354,in_transit,Regional Transit Hub,Parcel is moving to destination,2026-03-15T22:38:00+08:00,true
TRACK0001199,TRK000000354,customs_clearance,Jakarta Customs,Customs processing completed,2026-03-16T05:38:00+08:00,true
TRACK0001200,TRK000000354,out_for_delivery,Jakarta Delivery Hub,Courier is delivering the parcel,2026-03-17T08:38:00+08:00,true
TRACK0001201,TRK000000354,delivered,Jakarta,Parcel delivered to the simulated buyer,2026-03-18T11:38:00+08:00,true
TRACK0001202,TRK000000356,pending_pickup,Shenzhen Demo Warehouse,Shipment information received,2026-01-28T02:07:00+08:00,true
TRACK0001203,TRK000000356,picked_up,Shenzhen Sorting Center,Parcel picked up by carrier,2026-01-28T18:07:00+08:00,true
TRACK0001204,TRK000000356,in_transit,Regional Transit Hub,Parcel is moving to destination,2026-01-29T08:07:00+08:00,true
TRACK0001205,TRK000000356,customs_clearance,Bangkok Customs,Customs processing completed,2026-01-29T21:07:00+08:00,true
TRACK0001206,TRK000000356,out_for_delivery,Bangkok Delivery Hub,Courier is delivering the parcel,2026-01-30T23:07:00+08:00,true
TRACK0001207,TRK000000356,delivered,Bangkok,Parcel delivered to the simulated buyer,2026-01-31T17:07:00+08:00,true
TRACK0001208,TRK000000357,pending_pickup,Shenzhen Demo Warehouse,Shipment information received,2026-05-29T07:45:00+08:00,true
TRACK0001209,TRK000000357,picked_up,Shenzhen Sorting Center,Parcel picked up by carrier,2026-05-30T02:45:00+08:00,true
TRACK0001210,TRK000000357,in_transit,Regional Transit Hub,Parcel is moving to destination,2026-05-30T20:45:00+08:00,true
TRACK0001211,TRK000000357,customs_clearance,Ho Chi Minh City Customs,Customs processing completed,2026-05-31T17:45:00+08:00,true
TRACK0001212,TRK000000358,pending_pickup,Shenzhen Demo Warehouse,Shipment information received,2026-02-17T10:48:00+08:00,true
TRACK0001213,TRK000000358,picked_up,Shenzhen Sorting Center,Parcel picked up by carrier,2026-02-18T08:48:00+08:00,true
TRACK0001214,TRK000000358,in_transit,Regional Transit Hub,Parcel is moving to destination,2026-02-18T22:48:00+08:00,true
TRACK0001215,TRK000000358,customs_clearance,Singapore Customs,Customs processing completed,2026-02-19T17:48:00+08:00,true
TRACK0001216,TRK000000358,out_for_delivery,Singapore Delivery Hub,Courier is delivering the parcel,2026-02-20T06:48:00+08:00,true
TRACK0001217,TRK000000358,delivered,Singapore,Parcel delivered to the simulated buyer,2026-02-21T00:48:00+08:00,true
TRACK0001218,TRK000000359,pending_pickup,Shenzhen Demo Warehouse,Shipment information received,2026-03-31T09:29:00+08:00,true
TRACK0001219,TRK000000359,in_transit,Regional Transit Hub,Parcel is moving to destination,2026-03-31T17:29:00+08:00,true
TRACK0001220,TRK000000359,customs_clearance,Manila Customs,Customs processing completed,2026-03-31T22:29:00+08:00,true
TRACK0001221,TRK000000359,out_for_delivery,Manila Delivery Hub,Courier is delivering the parcel,2026-04-01T14:29:00+08:00,true
TRACK0001222,TRK000000359,delivered,Manila,Parcel delivered to the simulated buyer,2026-04-02T12:29:00+08:00,true
TRACK0001223,TRK000000361,pending_pickup,Shenzhen Demo Warehouse,Shipment information received,2026-04-24T19:51:00+08:00,true
TRACK0001224,TRK000000361,picked_up,Shenzhen Sorting Center,Parcel picked up by carrier,2026-04-25T09:51:00+08:00,true
TRACK0001225,TRK000000361,in_transit,Regional Transit Hub,Parcel is moving to destination,2026-04-26T10:51:00+08:00,true
TRACK0001226,TRK000000361,customs_clearance,Kuala Lumpur Customs,Customs processing completed,2026-04-26T22:51:00+08:00,true
TRACK0001227,TRK000000361,out_for_delivery,Kuala Lumpur Delivery Hub,Courier is delivering the parcel,2026-04-27T05:51:00+08:00,true
TRACK0001228,TRK000000361,delivered,Kuala Lumpur,Parcel delivered to the simulated buyer,2026-04-27T23:51:00+08:00,true
TRACK0001229,TRK000000362,pending_pickup,Shenzhen Demo Warehouse,Shipment label created,2026-03-15T05:23:00+08:00,true
TRACK0001230,TRK000000362,pending_pickup,Shenzhen Demo Warehouse,Parcel packed and awaiting carrier pickup,2026-03-15T16:23:00+08:00,true
TRACK0001231,TRK000000363,pending_pickup,Shenzhen Demo Warehouse,Shipment information received,2026-04-08T11:00:00+08:00,true
TRACK0001232,TRK000000363,picked_up,Shenzhen Sorting Center,Parcel picked up by carrier,2026-04-08T19:00:00+08:00,true
TRACK0001233,TRK000000363,in_transit,Regional Transit Hub,Parcel is moving to destination,2026-04-09T18:00:00+08:00,true
TRACK0001234,TRK000000363,customs_clearance,Bangkok Customs,Customs processing completed,2026-04-10T22:00:00+08:00,true
TRACK0001235,TRK000000363,out_for_delivery,Bangkok Delivery Hub,Courier is delivering the parcel,2026-04-11T23:00:00+08:00,true
TRACK0001236,TRK000000363,delivered,Bangkok,Parcel delivered to the simulated buyer,2026-04-12T07:00:00+08:00,true
TRACK0001237,TRK000000364,pending_pickup,Shenzhen Demo Warehouse,Shipment label created,2026-01-31T14:57:00+08:00,true
TRACK0001238,TRK000000364,pending_pickup,Shenzhen Demo Warehouse,Parcel packed and awaiting carrier pickup,2026-02-01T18:57:00+08:00,true
TRACK0001239,TRK000000366,pending_pickup,Shenzhen Demo Warehouse,Shipment information received,2026-02-15T21:09:00+08:00,true
TRACK0001240,TRK000000366,picked_up,Shenzhen Sorting Center,Parcel picked up by carrier,2026-02-16T23:09:00+08:00,true
TRACK0001241,TRK000000366,in_transit,Regional Transit Hub,Parcel is moving to destination,2026-02-17T14:09:00+08:00,true
TRACK0001242,TRK000000366,out_for_delivery,Manila Delivery Hub,Courier is delivering the parcel,2026-02-18T04:09:00+08:00,true
TRACK0001243,TRK000000366,delivered,Manila,Parcel delivered to the simulated buyer,2026-02-18T10:09:00+08:00,true
TRACK0001244,TRK000000367,pending_pickup,Shenzhen Demo Warehouse,Shipment information received,2026-03-15T15:21:00+08:00,true
TRACK0001245,TRK000000367,picked_up,Shenzhen Sorting Center,Parcel picked up by carrier,2026-03-16T03:21:00+08:00,true
TRACK0001246,TRK000000367,in_transit,Regional Transit Hub,Parcel is moving to destination,2026-03-16T16:21:00+08:00,true
TRACK0001247,TRK000000367,out_for_delivery,Manila Delivery Hub,Courier is delivering the parcel,2026-03-17T13:21:00+08:00,true
TRACK0001248,TRK000000367,delivered,Manila,Parcel delivered to the simulated buyer,2026-03-18T08:21:00+08:00,true
TRACK0001249,TRK000000368,pending_pickup,Shenzhen Demo Warehouse,Shipment information received,2026-02-18T06:25:00+08:00,true
TRACK0001250,TRK000000368,picked_up,Shenzhen Sorting Center,Parcel picked up by carrier,2026-02-18T20:25:00+08:00,true
TRACK0001251,TRK000000368,in_transit,Regional Transit Hub,Parcel is moving to destination,2026-02-19T14:25:00+08:00,true
TRACK0001252,TRK000000369,pending_pickup,Shenzhen Demo Warehouse,Shipment information received,2026-02-11T08:03:00+08:00,true
TRACK0001253,TRK000000369,picked_up,Shenzhen Sorting Center,Parcel picked up by carrier,2026-02-11T14:03:00+08:00,true
TRACK0001254,TRK000000369,in_transit,Regional Transit Hub,Parcel is moving to destination,2026-02-11T19:03:00+08:00,true
TRACK0001255,TRK000000369,customs_clearance,Bangkok Customs,Customs processing completed,2026-02-12T15:03:00+08:00,true
TRACK0001256,TRK000000369,out_for_delivery,Bangkok Delivery Hub,Courier is delivering the parcel,2026-02-13T10:03:00+08:00,true
TRACK0001257,TRK000000369,delivered,Bangkok,Parcel delivered to the simulated buyer,2026-02-13T17:03:00+08:00,true
TRACK0001258,TRK000000370,pending_pickup,Shenzhen Demo Warehouse,Shipment information received,2026-03-03T04:22:00+08:00,true
TRACK0001259,TRK000000370,picked_up,Shenzhen Sorting Center,Parcel picked up by carrier,2026-03-03T21:22:00+08:00,true
TRACK0001260,TRK000000370,customs_clearance,Ho Chi Minh City Customs,Customs processing completed,2026-03-04T18:22:00+08:00,true
TRACK0001261,TRK000000370,out_for_delivery,Ho Chi Minh City Delivery Hub,Courier is delivering the parcel,2026-03-05T22:22:00+08:00,true
TRACK0001262,TRK000000370,delivered,Ho Chi Minh City,Parcel delivered to the simulated buyer,2026-03-06T09:22:00+08:00,true
TRACK0001263,TRK000000371,pending_pickup,Shenzhen Demo Warehouse,Shipment information received,2026-03-09T06:08:00+08:00,true
TRACK0001264,TRK000000371,picked_up,Shenzhen Sorting Center,Parcel picked up by carrier,2026-03-09T19:08:00+08:00,true
TRACK0001265,TRK000000371,customs_clearance,Ho Chi Minh City Customs,Customs processing completed,2026-03-10T00:08:00+08:00,true
TRACK0001266,TRK000000371,out_for_delivery,Ho Chi Minh City Delivery Hub,Courier is delivering the parcel,2026-03-10T12:08:00+08:00,true
TRACK0001267,TRK000000371,delivered,Ho Chi Minh City,Parcel delivered to the simulated buyer,2026-03-11T13:08:00+08:00,true
TRACK0001268,TRK000000372,pending_pickup,Shenzhen Demo Warehouse,Shipment information received,2026-04-20T06:52:00+08:00,true
TRACK0001269,TRK000000372,picked_up,Shenzhen Sorting Center,Parcel picked up by carrier,2026-04-20T22:52:00+08:00,true
TRACK0001270,TRK000000372,in_transit,Regional Transit Hub,Parcel is moving to destination,2026-04-21T19:52:00+08:00,true
TRACK0001271,TRK000000372,customs_clearance,Manila Customs,Customs processing completed,2026-04-22T17:52:00+08:00,true
TRACK0001272,TRK000000372,out_for_delivery,Manila Delivery Hub,Courier is delivering the parcel,2026-04-23T10:52:00+08:00,true
TRACK0001273,TRK000000372,delivered,Manila,Parcel delivered to the simulated buyer,2026-04-24T01:52:00+08:00,true
TRACK0001274,TRK000000373,pending_pickup,Shenzhen Demo Warehouse,Shipment information received,2026-02-28T21:31:00+08:00,true
TRACK0001275,TRK000000373,picked_up,Shenzhen Sorting Center,Parcel picked up by carrier,2026-03-01T09:31:00+08:00,true
TRACK0001276,TRK000000373,out_for_delivery,Singapore Delivery Hub,Courier is delivering the parcel,2026-03-01T17:31:00+08:00,true
TRACK0001277,TRK000000373,delivered,Singapore,Parcel delivered to the simulated buyer,2026-03-02T18:31:00+08:00,true
TRACK0001278,TRK000000375,pending_pickup,Shenzhen Demo Warehouse,Shipment label created,2026-02-12T20:39:00+08:00,true
TRACK0001279,TRK000000375,pending_pickup,Shenzhen Demo Warehouse,Parcel packed and awaiting carrier pickup,2026-02-13T22:39:00+08:00,true
TRACK0001280,TRK000000376,pending_pickup,Shenzhen Demo Warehouse,Shipment information received,2026-04-15T15:48:00+08:00,true
TRACK0001281,TRK000000376,picked_up,Shenzhen Sorting Center,Parcel picked up by carrier,2026-04-16T17:48:00+08:00,true
TRACK0001282,TRK000000376,in_transit,Regional Transit Hub,Parcel is moving to destination,2026-04-17T14:48:00+08:00,true
TRACK0001283,TRK000000376,out_for_delivery,Jakarta Delivery Hub,Courier is delivering the parcel,2026-04-17T19:48:00+08:00,true
TRACK0001284,TRK000000376,delivered,Jakarta,Parcel delivered to the simulated buyer,2026-04-18T19:48:00+08:00,true
TRACK0001285,TRK000000377,pending_pickup,Shenzhen Demo Warehouse,Shipment information received,2026-04-29T20:59:00+08:00,true
TRACK0001286,TRK000000377,picked_up,Shenzhen Sorting Center,Parcel picked up by carrier,2026-04-30T22:59:00+08:00,true
TRACK0001287,TRK000000377,in_transit,Regional Transit Hub,Parcel is moving to destination,2026-05-01T11:59:00+08:00,true
TRACK0001288,TRK000000377,out_for_delivery,Bangkok Delivery Hub,Courier is delivering the parcel,2026-05-01T17:59:00+08:00,true
TRACK0001289,TRK000000377,delivered,Bangkok,Parcel delivered to the simulated buyer,2026-05-02T12:59:00+08:00,true
TRACK0001290,TRK000000378,pending_pickup,Shenzhen Demo Warehouse,Shipment information received,2026-04-02T23:10:00+08:00,true
TRACK0001291,TRK000000378,in_transit,Regional Transit Hub,Parcel is moving to destination,2026-04-03T09:10:00+08:00,true
TRACK0001292,TRK000000378,customs_clearance,Manila Customs,Customs processing completed,2026-04-04T05:10:00+08:00,true
TRACK0001293,TRK000000378,delivered,Manila,Parcel delivered to the simulated buyer,2026-04-04T21:10:00+08:00,true
TRACK0001294,TRK000000379,pending_pickup,Shenzhen Demo Warehouse,Shipment information received,2026-02-02T22:44:00+08:00,true
TRACK0001295,TRK000000379,in_transit,Regional Transit Hub,Parcel is moving to destination,2026-02-03T05:44:00+08:00,true
TRACK0001296,TRK000000379,out_for_delivery,Singapore Delivery Hub,Courier is delivering the parcel,2026-02-03T23:44:00+08:00,true
TRACK0001297,TRK000000379,delivered,Singapore,Parcel delivered to the simulated buyer,2026-02-04T20:44:00+08:00,true
TRACK0001298,TRK000000380,pending_pickup,Shenzhen Demo Warehouse,Shipment information received,2026-06-17T16:36:00+08:00,true
TRACK0001299,TRK000000380,in_transit,Regional Transit Hub,Parcel is moving to destination,2026-06-17T21:36:00+08:00,true
TRACK0001300,TRK000000380,customs_clearance,Ho Chi Minh City Customs,Customs processing completed,2026-06-18T14:36:00+08:00,true
TRACK0001301,TRK000000380,delivered,Ho Chi Minh City,Parcel delivered to the simulated buyer,2026-06-18T22:36:00+08:00,true
TRACK0001302,TRK000000381,pending_pickup,Shenzhen Demo Warehouse,Shipment information received,2026-02-21T02:26:00+08:00,true
TRACK0001303,TRK000000381,customs_clearance,Kuala Lumpur Customs,Customs processing completed,2026-02-21T21:26:00+08:00,true
TRACK0001304,TRK000000381,out_for_delivery,Kuala Lumpur Delivery Hub,Courier is delivering the parcel,2026-02-22T04:26:00+08:00,true
TRACK0001305,TRK000000381,delivered,Kuala Lumpur,Parcel delivered to the simulated buyer,2026-02-23T01:26:00+08:00,true
TRACK0001306,TRK000000382,pending_pickup,Shenzhen Demo Warehouse,Shipment information received,2026-04-27T05:46:00+08:00,true
TRACK0001307,TRK000000382,picked_up,Shenzhen Sorting Center,Parcel picked up by carrier,2026-04-28T05:46:00+08:00,true
TRACK0001308,TRK000000382,in_transit,Regional Transit Hub,Parcel is moving to destination,2026-04-28T23:46:00+08:00,true
TRACK0001309,TRK000000382,customs_clearance,Manila Customs,Customs processing completed,2026-04-29T20:46:00+08:00,true
TRACK0001310,TRK000000382,out_for_delivery,Manila Delivery Hub,Courier is delivering the parcel,2026-04-30T06:46:00+08:00,true
TRACK0001311,TRK000000382,delivered,Manila,Parcel delivered to the simulated buyer,2026-05-01T06:46:00+08:00,true
TRACK0001312,TRK000000383,pending_pickup,Shenzhen Demo Warehouse,Shipment information received,2026-05-03T22:47:00+08:00,true
TRACK0001313,TRK000000383,picked_up,Shenzhen Sorting Center,Parcel picked up by carrier,2026-05-04T09:47:00+08:00,true
TRACK0001314,TRK000000384,pending_pickup,Shenzhen Demo Warehouse,Shipment information received,2026-04-16T17:03:00+08:00,true
TRACK0001315,TRK000000384,picked_up,Shenzhen Sorting Center,Parcel picked up by carrier,2026-04-17T11:03:00+08:00,true
TRACK0001316,TRK000000384,in_transit,Regional Transit Hub,Parcel is moving to destination,2026-04-18T00:03:00+08:00,true
TRACK0001317,TRK000000385,pending_pickup,Shenzhen Demo Warehouse,Shipment information received,2026-01-31T08:47:00+08:00,true
TRACK0001318,TRK000000385,picked_up,Shenzhen Sorting Center,Parcel picked up by carrier,2026-02-01T10:47:00+08:00,true
TRACK0001319,TRK000000385,in_transit,Regional Transit Hub,Parcel is moving to destination,2026-02-02T07:47:00+08:00,true
TRACK0001320,TRK000000385,customs_clearance,Ho Chi Minh City Customs,Customs processing completed,2026-02-03T06:47:00+08:00,true
TRACK0001321,TRK000000385,out_for_delivery,Ho Chi Minh City Delivery Hub,Courier is delivering the parcel,2026-02-03T21:47:00+08:00,true
TRACK0001322,TRK000000385,delivered,Ho Chi Minh City,Parcel delivered to the simulated buyer,2026-02-04T14:47:00+08:00,true
TRACK0001323,TRK000000386,pending_pickup,Shenzhen Demo Warehouse,Shipment information received,2026-06-24T16:45:00+08:00,true
TRACK0001324,TRK000000386,picked_up,Shenzhen Sorting Center,Parcel picked up by carrier,2026-06-24T21:45:00+08:00,true
TRACK0001325,TRK000000386,in_transit,Regional Transit Hub,Parcel is moving to destination,2026-06-25T08:45:00+08:00,true
TRACK0001326,TRK000000386,customs_clearance,Manila Customs,Customs processing completed,2026-06-25T20:45:00+08:00,true
TRACK0001327,TRK000000386,out_for_delivery,Manila Delivery Hub,Courier is delivering the parcel,2026-06-26T02:45:00+08:00,true
TRACK0001328,TRK000000386,delivered,Manila,Parcel delivered to the simulated buyer,2026-06-27T06:45:00+08:00,true
TRACK0001329,TRK000000387,pending_pickup,Shenzhen Demo Warehouse,Shipment label created,2026-04-19T03:12:00+08:00,true
TRACK0001330,TRK000000387,pending_pickup,Shenzhen Demo Warehouse,Parcel packed and awaiting carrier pickup,2026-04-19T19:12:00+08:00,true
TRACK0001331,TRK000000388,pending_pickup,Shenzhen Demo Warehouse,Shipment information received,2026-01-08T11:38:00+08:00,true
TRACK0001332,TRK000000388,in_transit,Regional Transit Hub,Parcel is moving to destination,2026-01-09T05:38:00+08:00,true
TRACK0001333,TRK000000388,delivered,Bangkok,Parcel delivered to the simulated buyer,2026-01-10T01:38:00+08:00,true
TRACK0001334,TRK000000389,pending_pickup,Shenzhen Demo Warehouse,Shipment information received,2026-01-11T17:15:00+08:00,true
TRACK0001335,TRK000000389,picked_up,Shenzhen Sorting Center,Parcel picked up by carrier,2026-01-12T13:15:00+08:00,true
TRACK0001336,TRK000000389,in_transit,Regional Transit Hub,Parcel is moving to destination,2026-01-13T03:15:00+08:00,true
TRACK0001337,TRK000000389,customs_clearance,Ho Chi Minh City Customs,Customs processing completed,2026-01-13T10:15:00+08:00,true
TRACK0001338,TRK000000390,pending_pickup,Shenzhen Demo Warehouse,Shipment information received,2026-05-25T17:11:00+08:00,true
TRACK0001339,TRK000000390,customs_clearance,Kuala Lumpur Customs,Customs processing completed,2026-05-26T21:11:00+08:00,true
TRACK0001340,TRK000000390,out_for_delivery,Kuala Lumpur Delivery Hub,Courier is delivering the parcel,2026-05-27T02:11:00+08:00,true
TRACK0001341,TRK000000390,delivered,Kuala Lumpur,Parcel delivered to the simulated buyer,2026-05-28T02:11:00+08:00,true
TRACK0001342,TRK000000391,pending_pickup,Shenzhen Demo Warehouse,Shipment information received,2026-06-13T11:54:00+08:00,true
TRACK0001343,TRK000000391,picked_up,Shenzhen Sorting Center,Parcel picked up by carrier,2026-06-14T14:54:00+08:00,true
TRACK0001344,TRK000000391,delivered,Bangkok,Parcel delivered to the simulated buyer,2026-06-15T18:54:00+08:00,true
TRACK0001345,TRK000000392,pending_pickup,Shenzhen Demo Warehouse,Shipment information received,2026-04-16T09:37:00+08:00,true
TRACK0001346,TRK000000392,picked_up,Shenzhen Sorting Center,Parcel picked up by carrier,2026-04-17T10:37:00+08:00,true
TRACK0001347,TRK000000392,in_transit,Regional Transit Hub,Parcel is moving to destination,2026-04-18T01:37:00+08:00,true
TRACK0001348,TRK000000392,customs_clearance,Ho Chi Minh City Customs,Customs processing completed,2026-04-18T08:37:00+08:00,true
TRACK0001349,TRK000000392,out_for_delivery,Ho Chi Minh City Delivery Hub,Courier is delivering the parcel,2026-04-19T09:37:00+08:00,true
TRACK0001350,TRK000000392,delivered,Ho Chi Minh City,Parcel delivered to the simulated buyer,2026-04-19T23:37:00+08:00,true
TRACK0001351,TRK000000393,pending_pickup,Shenzhen Demo Warehouse,Shipment information received,2026-02-06T11:00:00+08:00,true
TRACK0001352,TRK000000393,picked_up,Shenzhen Sorting Center,Parcel picked up by carrier,2026-02-07T09:00:00+08:00,true
TRACK0001353,TRK000000393,in_transit,Regional Transit Hub,Parcel is moving to destination,2026-02-08T13:00:00+08:00,true
TRACK0001354,TRK000000394,pending_pickup,Shenzhen Demo Warehouse,Shipment label created,2026-03-29T06:24:00+08:00,true
TRACK0001355,TRK000000394,pending_pickup,Shenzhen Demo Warehouse,Parcel packed and awaiting carrier pickup,2026-03-30T08:24:00+08:00,true
TRACK0001356,TRK000000395,pending_pickup,Shenzhen Demo Warehouse,Shipment information received,2026-01-21T08:59:00+08:00,true
TRACK0001357,TRK000000395,picked_up,Shenzhen Sorting Center,Parcel picked up by carrier,2026-01-22T12:59:00+08:00,true
TRACK0001358,TRK000000395,in_transit,Regional Transit Hub,Parcel is moving to destination,2026-01-22T18:59:00+08:00,true
TRACK0001359,TRK000000396,pending_pickup,Shenzhen Demo Warehouse,Shipment information received,2026-04-05T01:02:00+08:00,true
TRACK0001360,TRK000000396,picked_up,Shenzhen Sorting Center,Parcel picked up by carrier,2026-04-06T01:02:00+08:00,true
TRACK0001361,TRK000000396,delivered,Kuala Lumpur,Parcel delivered to the simulated buyer,2026-04-07T02:02:00+08:00,true
TRACK0001362,TRK000000397,pending_pickup,Shenzhen Demo Warehouse,Shipment information received,2026-02-20T06:35:00+08:00,true
TRACK0001363,TRK000000397,in_transit,Regional Transit Hub,Parcel is moving to destination,2026-02-20T14:35:00+08:00,true
TRACK0001364,TRK000000397,customs_clearance,Ho Chi Minh City Customs,Customs processing completed,2026-02-21T07:35:00+08:00,true
TRACK0001365,TRK000000397,out_for_delivery,Ho Chi Minh City Delivery Hub,Courier is delivering the parcel,2026-02-22T00:35:00+08:00,true
TRACK0001366,TRK000000397,delivered,Ho Chi Minh City,Parcel delivered to the simulated buyer,2026-02-22T18:35:00+08:00,true
TRACK0001367,TRK000000398,pending_pickup,Shenzhen Demo Warehouse,Shipment information received,2026-03-20T11:13:00+08:00,true
TRACK0001368,TRK000000398,in_transit,Regional Transit Hub,Parcel is moving to destination,2026-03-21T06:13:00+08:00,true
TRACK0001369,TRK000000398,customs_clearance,Ho Chi Minh City Customs,Customs processing completed,2026-03-21T12:13:00+08:00,true
TRACK0001370,TRK000000398,out_for_delivery,Ho Chi Minh City Delivery Hub,Courier is delivering the parcel,2026-03-22T04:13:00+08:00,true
TRACK0001371,TRK000000398,delivered,Ho Chi Minh City,Parcel delivered to the simulated buyer,2026-03-22T21:13:00+08:00,true
TRACK0001372,TRK000000399,pending_pickup,Shenzhen Demo Warehouse,Shipment information received,2026-05-15T09:46:00+08:00,true
TRACK0001373,TRK000000399,customs_clearance,Bangkok Customs,Customs processing completed,2026-05-16T09:46:00+08:00,true
TRACK0001374,TRK000000399,out_for_delivery,Bangkok Delivery Hub,Courier is delivering the parcel,2026-05-17T07:46:00+08:00,true
TRACK0001375,TRK000000399,delivered,Bangkok,Parcel delivered to the simulated buyer,2026-05-17T19:46:00+08:00,true
TRACK0001376,TRK000000400,pending_pickup,Shenzhen Demo Warehouse,Shipment information received,2026-01-18T09:30:00+08:00,true
TRACK0001377,TRK000000400,customs_clearance,Singapore Customs,Customs processing completed,2026-01-19T02:30:00+08:00,true
TRACK0001378,TRK000000400,out_for_delivery,Singapore Delivery Hub,Courier is delivering the parcel,2026-01-19T14:30:00+08:00,true
TRACK0001379,TRK000000400,delivered,Singapore,Parcel delivered to the simulated buyer,2026-01-19T22:30:00+08:00,true
TRACK0001380,TRK000000401,pending_pickup,Shenzhen Demo Warehouse,Shipment information received,2026-05-19T15:02:00+08:00,true
TRACK0001381,TRK000000401,picked_up,Shenzhen Sorting Center,Parcel picked up by carrier,2026-05-20T06:02:00+08:00,true
TRACK0001382,TRK000000401,in_transit,Regional Transit Hub,Parcel is moving to destination,2026-05-20T17:02:00+08:00,true
TRACK0001383,TRK000000401,customs_clearance,Bangkok Customs,Customs processing completed,2026-05-21T06:02:00+08:00,true
TRACK0001384,TRK000000401,out_for_delivery,Bangkok Delivery Hub,Courier is delivering the parcel,2026-05-21T12:02:00+08:00,true
TRACK0001385,TRK000000401,delivered,Bangkok,Parcel delivered to the simulated buyer,2026-05-22T04:02:00+08:00,true
TRACK0001386,TRK000000403,pending_pickup,Shenzhen Demo Warehouse,Shipment information received,2026-02-24T00:09:00+08:00,true
TRACK0001387,TRK000000403,picked_up,Shenzhen Sorting Center,Parcel picked up by carrier,2026-02-25T03:09:00+08:00,true
TRACK0001388,TRK000000403,in_transit,Regional Transit Hub,Parcel is moving to destination,2026-02-25T13:09:00+08:00,true
TRACK0001389,TRK000000403,customs_clearance,Ho Chi Minh City Customs,Customs processing completed,2026-02-25T23:09:00+08:00,true
TRACK0001390,TRK000000403,out_for_delivery,Ho Chi Minh City Delivery Hub,Courier is delivering the parcel,2026-02-26T13:09:00+08:00,true
TRACK0001391,TRK000000403,delivered,Ho Chi Minh City,Parcel delivered to the simulated buyer,2026-02-27T11:09:00+08:00,true
TRACK0001392,TRK000000404,pending_pickup,Shenzhen Demo Warehouse,Shipment information received,2026-02-07T11:41:00+08:00,true
TRACK0001393,TRK000000404,picked_up,Shenzhen Sorting Center,Parcel picked up by carrier,2026-02-08T02:41:00+08:00,true
TRACK0001394,TRK000000404,in_transit,Regional Transit Hub,Parcel is moving to destination,2026-02-08T20:41:00+08:00,true
TRACK0001395,TRK000000404,customs_clearance,Singapore Customs,Customs processing completed,2026-02-09T22:41:00+08:00,true
TRACK0001396,TRK000000404,out_for_delivery,Singapore Delivery Hub,Courier is delivering the parcel,2026-02-10T06:41:00+08:00,true
TRACK0001397,TRK000000404,delivered,Singapore,Parcel delivered to the simulated buyer,2026-02-11T04:41:00+08:00,true
TRACK0001398,TRK000000406,pending_pickup,Shenzhen Demo Warehouse,Shipment label created,2026-03-28T16:36:00+08:00,true
TRACK0001399,TRK000000406,pending_pickup,Shenzhen Demo Warehouse,Parcel packed and awaiting carrier pickup,2026-03-29T07:36:00+08:00,true
TRACK0001400,TRK000000407,pending_pickup,Shenzhen Demo Warehouse,Shipment information received,2026-04-26T14:25:00+08:00,true
TRACK0001401,TRK000000407,in_transit,Regional Transit Hub,Parcel is moving to destination,2026-04-27T17:25:00+08:00,true
TRACK0001402,TRK000000407,out_for_delivery,Jakarta Delivery Hub,Courier is delivering the parcel,2026-04-28T01:25:00+08:00,true
TRACK0001403,TRK000000407,delivered,Jakarta,Parcel delivered to the simulated buyer,2026-04-29T05:25:00+08:00,true
TRACK0001404,TRK000000408,pending_pickup,Shenzhen Demo Warehouse,Shipment information received,2026-01-14T18:01:00+08:00,true
TRACK0001405,TRK000000408,picked_up,Shenzhen Sorting Center,Parcel picked up by carrier,2026-01-15T04:01:00+08:00,true
TRACK0001406,TRK000000408,in_transit,Regional Transit Hub,Parcel is moving to destination,2026-01-15T14:01:00+08:00,true
TRACK0001407,TRK000000408,customs_clearance,Manila Customs,Customs processing completed,2026-01-15T23:01:00+08:00,true
TRACK0001408,TRK000000408,out_for_delivery,Manila Delivery Hub,Courier is delivering the parcel,2026-01-16T05:01:00+08:00,true
TRACK0001409,TRK000000408,delivered,Manila,Parcel delivered to the simulated buyer,2026-01-16T22:01:00+08:00,true
TRACK0001410,TRK000000409,pending_pickup,Shenzhen Demo Warehouse,Shipment information received,2026-05-06T16:44:00+08:00,true
TRACK0001411,TRK000000409,picked_up,Shenzhen Sorting Center,Parcel picked up by carrier,2026-05-07T04:44:00+08:00,true
TRACK0001412,TRK000000409,customs_clearance,Jakarta Customs,Customs processing completed,2026-05-08T04:44:00+08:00,true
TRACK0001413,TRK000000409,delivered,Jakarta,Parcel delivered to the simulated buyer,2026-05-08T23:44:00+08:00,true
TRACK0001414,TRK000000410,pending_pickup,Shenzhen Demo Warehouse,Shipment label created,2026-05-12T06:06:00+08:00,true
TRACK0001415,TRK000000410,pending_pickup,Shenzhen Demo Warehouse,Parcel packed and awaiting carrier pickup,2026-05-12T11:06:00+08:00,true
TRACK0001416,TRK000000411,pending_pickup,Shenzhen Demo Warehouse,Shipment information received,2026-01-10T22:49:00+08:00,true
TRACK0001417,TRK000000411,picked_up,Shenzhen Sorting Center,Parcel picked up by carrier,2026-01-11T15:49:00+08:00,true
TRACK0001418,TRK000000411,customs_clearance,Jakarta Customs,Customs processing completed,2026-01-12T05:49:00+08:00,true
TRACK0001419,TRK000000411,delivered,Jakarta,Parcel delivered to the simulated buyer,2026-01-13T03:49:00+08:00,true
TRACK0001420,TRK000000412,pending_pickup,Shenzhen Demo Warehouse,Shipment information received,2026-03-25T06:39:00+08:00,true
TRACK0001421,TRK000000412,customs_clearance,Jakarta Customs,Customs processing completed,2026-03-26T06:39:00+08:00,true
TRACK0001422,TRK000000412,out_for_delivery,Jakarta Delivery Hub,Courier is delivering the parcel,2026-03-27T01:39:00+08:00,true
TRACK0001423,TRK000000412,delivered,Jakarta,Parcel delivered to the simulated buyer,2026-03-27T20:39:00+08:00,true
TRACK0001424,TRK000000413,pending_pickup,Shenzhen Demo Warehouse,Shipment label created,2026-06-28T17:23:00+08:00,true
TRACK0001425,TRK000000413,pending_pickup,Shenzhen Demo Warehouse,Parcel packed and awaiting carrier pickup,2026-06-29T00:23:00+08:00,true
TRACK0001426,TRK000000414,pending_pickup,Shenzhen Demo Warehouse,Shipment information received,2026-04-30T23:12:00+08:00,true
TRACK0001427,TRK000000414,customs_clearance,Kuala Lumpur Customs,Customs processing completed,2026-05-01T20:12:00+08:00,true
TRACK0001428,TRK000000414,out_for_delivery,Kuala Lumpur Delivery Hub,Courier is delivering the parcel,2026-05-02T09:12:00+08:00,true
TRACK0001429,TRK000000414,delivered,Kuala Lumpur,Parcel delivered to the simulated buyer,2026-05-03T08:12:00+08:00,true
TRACK0001430,TRK000000415,pending_pickup,Shenzhen Demo Warehouse,Shipment information received,2026-05-21T12:16:00+08:00,true
TRACK0001431,TRK000000415,picked_up,Shenzhen Sorting Center,Parcel picked up by carrier,2026-05-22T15:16:00+08:00,true
TRACK0001432,TRK000000415,in_transit,Regional Transit Hub,Parcel is moving to destination,2026-05-23T02:16:00+08:00,true
TRACK0001433,TRK000000415,out_for_delivery,Singapore Delivery Hub,Courier is delivering the parcel,2026-05-24T03:16:00+08:00,true
TRACK0001434,TRK000000415,delivered,Singapore,Parcel delivered to the simulated buyer,2026-05-25T01:16:00+08:00,true
TRACK0001435,TRK000000416,pending_pickup,Shenzhen Demo Warehouse,Shipment information received,2026-05-30T21:02:00+08:00,true
TRACK0001436,TRK000000416,in_transit,Regional Transit Hub,Parcel is moving to destination,2026-05-31T19:02:00+08:00,true
TRACK0001437,TRK000000416,customs_clearance,Kuala Lumpur Customs,Customs processing completed,2026-06-01T04:02:00+08:00,true
TRACK0001438,TRK000000416,out_for_delivery,Kuala Lumpur Delivery Hub,Courier is delivering the parcel,2026-06-02T04:02:00+08:00,true
TRACK0001439,TRK000000416,delivered,Kuala Lumpur,Parcel delivered to the simulated buyer,2026-06-02T18:02:00+08:00,true
TRACK0001440,TRK000000418,pending_pickup,Shenzhen Demo Warehouse,Shipment information received,2026-02-11T22:44:00+08:00,true
TRACK0001441,TRK000000418,in_transit,Regional Transit Hub,Parcel is moving to destination,2026-02-12T19:44:00+08:00,true
TRACK0001442,TRK000000418,customs_clearance,Jakarta Customs,Customs processing completed,2026-02-13T16:44:00+08:00,true
TRACK0001443,TRK000000418,out_for_delivery,Jakarta Delivery Hub,Courier is delivering the parcel,2026-02-14T19:44:00+08:00,true
TRACK0001444,TRK000000418,delivered,Jakarta,Parcel delivered to the simulated buyer,2026-02-15T10:44:00+08:00,true
TRACK0001445,TRK000000419,pending_pickup,Shenzhen Demo Warehouse,Shipment information received,2026-06-06T03:05:00+08:00,true
TRACK0001446,TRK000000419,customs_clearance,Jakarta Customs,Customs processing completed,2026-06-07T06:05:00+08:00,true
TRACK0001447,TRK000000419,out_for_delivery,Jakarta Delivery Hub,Courier is delivering the parcel,2026-06-07T18:05:00+08:00,true
TRACK0001448,TRK000000419,delivered,Jakarta,Parcel delivered to the simulated buyer,2026-06-08T12:05:00+08:00,true
TRACK0001449,TRK000000420,pending_pickup,Shenzhen Demo Warehouse,Shipment information received,2026-04-16T17:17:00+08:00,true
TRACK0001450,TRK000000420,picked_up,Shenzhen Sorting Center,Parcel picked up by carrier,2026-04-17T01:17:00+08:00,true
TRACK0001451,TRK000000421,pending_pickup,Shenzhen Demo Warehouse,Shipment information received,2026-05-08T20:09:00+08:00,true
TRACK0001452,TRK000000421,picked_up,Shenzhen Sorting Center,Parcel picked up by carrier,2026-05-09T03:09:00+08:00,true
TRACK0001453,TRK000000421,customs_clearance,Manila Customs,Customs processing completed,2026-05-09T14:09:00+08:00,true
TRACK0001454,TRK000000421,delivered,Manila,Parcel delivered to the simulated buyer,2026-05-10T05:09:00+08:00,true
TRACK0001455,TRK000000422,pending_pickup,Shenzhen Demo Warehouse,Shipment information received,2026-03-09T08:31:00+08:00,true
TRACK0001456,TRK000000422,picked_up,Shenzhen Sorting Center,Parcel picked up by carrier,2026-03-10T06:31:00+08:00,true
TRACK0001457,TRK000000422,in_transit,Regional Transit Hub,Parcel is moving to destination,2026-03-11T01:31:00+08:00,true
TRACK0001458,TRK000000422,customs_clearance,Singapore Customs,Customs processing completed,2026-03-11T16:31:00+08:00,true
TRACK0001459,TRK000000422,out_for_delivery,Singapore Delivery Hub,Courier is delivering the parcel,2026-03-11T21:31:00+08:00,true
TRACK0001460,TRK000000422,delivered,Singapore,Parcel delivered to the simulated buyer,2026-03-12T13:31:00+08:00,true
TRACK0001461,TRK000000423,pending_pickup,Shenzhen Demo Warehouse,Shipment information received,2026-06-07T22:33:00+08:00,true
TRACK0001462,TRK000000423,picked_up,Shenzhen Sorting Center,Parcel picked up by carrier,2026-06-08T05:33:00+08:00,true
TRACK0001463,TRK000000423,customs_clearance,Jakarta Customs,Customs processing completed,2026-06-08T12:33:00+08:00,true
TRACK0001464,TRK000000423,delivered,Jakarta,Parcel delivered to the simulated buyer,2026-06-09T12:33:00+08:00,true
TRACK0001465,TRK000000424,pending_pickup,Shenzhen Demo Warehouse,Shipment information received,2026-03-19T17:03:00+08:00,true
TRACK0001466,TRK000000424,picked_up,Shenzhen Sorting Center,Parcel picked up by carrier,2026-03-20T16:03:00+08:00,true
TRACK0001467,TRK000000424,out_for_delivery,Manila Delivery Hub,Courier is delivering the parcel,2026-03-20T23:03:00+08:00,true
TRACK0001468,TRK000000424,delivered,Manila,Parcel delivered to the simulated buyer,2026-03-22T01:03:00+08:00,true
TRACK0001469,TRK000000425,pending_pickup,Shenzhen Demo Warehouse,Shipment label created,2026-04-09T00:47:00+08:00,true
TRACK0001470,TRK000000425,pending_pickup,Shenzhen Demo Warehouse,Parcel packed and awaiting carrier pickup,2026-04-09T22:47:00+08:00,true
TRACK0001471,TRK000000426,pending_pickup,Shenzhen Demo Warehouse,Shipment information received,2026-06-26T07:13:00+08:00,true
TRACK0001472,TRK000000426,picked_up,Shenzhen Sorting Center,Parcel picked up by carrier,2026-06-26T14:13:00+08:00,true
TRACK0001473,TRK000000426,out_for_delivery,Ho Chi Minh City Delivery Hub,Courier is delivering the parcel,2026-06-27T12:13:00+08:00,true
TRACK0001474,TRK000000426,delivered,Ho Chi Minh City,Parcel delivered to the simulated buyer,2026-06-28T16:13:00+08:00,true
TRACK0001475,TRK000000427,pending_pickup,Shenzhen Demo Warehouse,Shipment label created,2026-05-31T09:51:00+08:00,true
TRACK0001476,TRK000000427,pending_pickup,Shenzhen Demo Warehouse,Parcel packed and awaiting carrier pickup,2026-06-01T12:51:00+08:00,true
TRACK0001477,TRK000000429,pending_pickup,Shenzhen Demo Warehouse,Shipment information received,2026-02-03T13:10:00+08:00,true
TRACK0001478,TRK000000429,picked_up,Shenzhen Sorting Center,Parcel picked up by carrier,2026-02-03T19:10:00+08:00,true
TRACK0001479,TRK000000429,in_transit,Regional Transit Hub,Parcel is moving to destination,2026-02-04T02:10:00+08:00,true
TRACK0001480,TRK000000429,customs_clearance,Bangkok Customs,Customs processing completed,2026-02-05T06:10:00+08:00,true
TRACK0001481,TRK000000429,out_for_delivery,Bangkok Delivery Hub,Courier is delivering the parcel,2026-02-05T15:10:00+08:00,true
TRACK0001482,TRK000000429,delivered,Bangkok,Parcel delivered to the simulated buyer,2026-02-06T12:10:00+08:00,true
TRACK0001483,TRK000000430,pending_pickup,Shenzhen Demo Warehouse,Shipment information received,2026-03-24T12:26:00+08:00,true
TRACK0001484,TRK000000430,picked_up,Shenzhen Sorting Center,Parcel picked up by carrier,2026-03-25T03:26:00+08:00,true
TRACK0001485,TRK000000430,in_transit,Regional Transit Hub,Parcel is moving to destination,2026-03-26T03:26:00+08:00,true
TRACK0001486,TRK000000430,customs_clearance,Ho Chi Minh City Customs,Customs processing completed,2026-03-26T18:26:00+08:00,true
TRACK0001487,TRK000000430,out_for_delivery,Ho Chi Minh City Delivery Hub,Courier is delivering the parcel,2026-03-27T04:26:00+08:00,true
TRACK0001488,TRK000000430,delivered,Ho Chi Minh City,Parcel delivered to the simulated buyer,2026-03-27T15:26:00+08:00,true
TRACK0001489,TRK000000431,pending_pickup,Shenzhen Demo Warehouse,Shipment information received,2026-06-01T19:56:00+08:00,true
TRACK0001490,TRK000000431,picked_up,Shenzhen Sorting Center,Parcel picked up by carrier,2026-06-02T13:56:00+08:00,true
TRACK0001491,TRK000000431,in_transit,Regional Transit Hub,Parcel is moving to destination,2026-06-03T00:56:00+08:00,true
TRACK0001492,TRK000000431,customs_clearance,Manila Customs,Customs processing completed,2026-06-03T06:56:00+08:00,true
TRACK0001493,TRK000000431,out_for_delivery,Manila Delivery Hub,Courier is delivering the parcel,2026-06-04T02:56:00+08:00,true
TRACK0001494,TRK000000431,delivered,Manila,Parcel delivered to the simulated buyer,2026-06-05T04:56:00+08:00,true
TRACK0001495,TRK000000433,pending_pickup,Shenzhen Demo Warehouse,Shipment information received,2026-02-02T10:54:00+08:00,true
TRACK0001496,TRK000000433,customs_clearance,Bangkok Customs,Customs processing completed,2026-02-03T09:54:00+08:00,true
TRACK0001497,TRK000000433,out_for_delivery,Bangkok Delivery Hub,Courier is delivering the parcel,2026-02-03T23:54:00+08:00,true
TRACK0001498,TRK000000433,delivered,Bangkok,Parcel delivered to the simulated buyer,2026-02-04T19:54:00+08:00,true
TRACK0001499,TRK000000434,pending_pickup,Shenzhen Demo Warehouse,Shipment information received,2026-04-26T11:37:00+08:00,true
TRACK0001500,TRK000000434,picked_up,Shenzhen Sorting Center,Parcel picked up by carrier,2026-04-27T12:37:00+08:00,true
TRACK0001501,TRK000000434,in_transit,Regional Transit Hub,Parcel is moving to destination,2026-04-28T02:37:00+08:00,true
TRACK0001502,TRK000000435,pending_pickup,Shenzhen Demo Warehouse,Shipment information received,2026-02-18T13:12:00+08:00,true
TRACK0001503,TRK000000435,delivered,Ho Chi Minh City,Parcel delivered to the simulated buyer,2026-02-18T20:12:00+08:00,true
TRACK0001504,TRK000000436,pending_pickup,Shenzhen Demo Warehouse,Shipment information received,2026-01-18T05:24:00+08:00,true
TRACK0001505,TRK000000436,picked_up,Shenzhen Sorting Center,Parcel picked up by carrier,2026-01-19T08:24:00+08:00,true
TRACK0001506,TRK000000436,customs_clearance,Singapore Customs,Customs processing completed,2026-01-19T17:24:00+08:00,true
TRACK0001507,TRK000000437,pending_pickup,Shenzhen Demo Warehouse,Shipment information received,2026-06-08T12:17:00+08:00,true
TRACK0001508,TRK000000437,picked_up,Shenzhen Sorting Center,Parcel picked up by carrier,2026-06-08T17:17:00+08:00,true
TRACK0001509,TRK000000437,in_transit,Regional Transit Hub,Parcel is moving to destination,2026-06-09T19:17:00+08:00,true
TRACK0001510,TRK000000437,out_for_delivery,Singapore Delivery Hub,Courier is delivering the parcel,2026-06-10T17:17:00+08:00,true
TRACK0001511,TRK000000437,delivered,Singapore,Parcel delivered to the simulated buyer,2026-06-11T11:17:00+08:00,true
TRACK0001512,TRK000000438,pending_pickup,Shenzhen Demo Warehouse,Shipment information received,2026-05-04T20:30:00+08:00,true
TRACK0001513,TRK000000438,picked_up,Shenzhen Sorting Center,Parcel picked up by carrier,2026-05-05T09:30:00+08:00,true
TRACK0001514,TRK000000438,in_transit,Regional Transit Hub,Parcel is moving to destination,2026-05-06T05:30:00+08:00,true
TRACK0001515,TRK000000438,customs_clearance,Ho Chi Minh City Customs,Customs processing completed,2026-05-06T19:30:00+08:00,true
TRACK0001516,TRK000000438,out_for_delivery,Ho Chi Minh City Delivery Hub,Courier is delivering the parcel,2026-05-07T22:30:00+08:00,true
TRACK0001517,TRK000000438,delivered,Ho Chi Minh City,Parcel delivered to the simulated buyer,2026-05-09T01:30:00+08:00,true
TRACK0001518,TRK000000439,pending_pickup,Shenzhen Demo Warehouse,Shipment information received,2026-01-20T17:22:00+08:00,true
TRACK0001519,TRK000000439,customs_clearance,Jakarta Customs,Customs processing completed,2026-01-21T16:22:00+08:00,true
TRACK0001520,TRK000000439,out_for_delivery,Jakarta Delivery Hub,Courier is delivering the parcel,2026-01-21T21:22:00+08:00,true
TRACK0001521,TRK000000439,delivered,Jakarta,Parcel delivered to the simulated buyer,2026-01-22T08:22:00+08:00,true
TRACK0001522,TRK000000441,pending_pickup,Shenzhen Demo Warehouse,Shipment information received,2026-04-13T17:38:00+08:00,true
TRACK0001523,TRK000000441,picked_up,Shenzhen Sorting Center,Parcel picked up by carrier,2026-04-14T17:38:00+08:00,true
TRACK0001524,TRK000000441,in_transit,Regional Transit Hub,Parcel is moving to destination,2026-04-15T18:38:00+08:00,true
TRACK0001525,TRK000000441,out_for_delivery,Singapore Delivery Hub,Courier is delivering the parcel,2026-04-16T14:38:00+08:00,true
TRACK0001526,TRK000000441,delivered,Singapore,Parcel delivered to the simulated buyer,2026-04-17T05:38:00+08:00,true
TRACK0001527,TRK000000442,pending_pickup,Shenzhen Demo Warehouse,Shipment information received,2026-04-21T01:22:00+08:00,true
TRACK0001528,TRK000000442,picked_up,Shenzhen Sorting Center,Parcel picked up by carrier,2026-04-22T03:22:00+08:00,true
TRACK0001529,TRK000000442,in_transit,Regional Transit Hub,Parcel is moving to destination,2026-04-22T22:22:00+08:00,true
TRACK0001530,TRK000000442,exception,Regional Transit Hub,Temporary routing exception; manual review required,2026-04-23T10:22:00+08:00,true
TRACK0001531,TRK000000443,pending_pickup,Shenzhen Demo Warehouse,Shipment information received,2026-05-21T05:50:00+08:00,true
TRACK0001532,TRK000000443,picked_up,Shenzhen Sorting Center,Parcel picked up by carrier,2026-05-22T03:50:00+08:00,true
TRACK0001533,TRK000000443,in_transit,Regional Transit Hub,Parcel is moving to destination,2026-05-22T11:50:00+08:00,true
TRACK0001534,TRK000000443,customs_clearance,Jakarta Customs,Customs processing completed,2026-05-23T09:50:00+08:00,true
TRACK0001535,TRK000000443,out_for_delivery,Jakarta Delivery Hub,Courier is delivering the parcel,2026-05-23T18:50:00+08:00,true
TRACK0001536,TRK000000443,delivered,Jakarta,Parcel delivered to the simulated buyer,2026-05-24T09:50:00+08:00,true
TRACK0001537,TRK000000444,pending_pickup,Shenzhen Demo Warehouse,Shipment information received,2026-02-06T16:35:00+08:00,true
TRACK0001538,TRK000000444,picked_up,Shenzhen Sorting Center,Parcel picked up by carrier,2026-02-07T15:35:00+08:00,true
TRACK0001539,TRK000000445,pending_pickup,Shenzhen Demo Warehouse,Shipment information received,2026-05-10T09:12:00+08:00,true
TRACK0001540,TRK000000445,picked_up,Shenzhen Sorting Center,Parcel picked up by carrier,2026-05-11T12:12:00+08:00,true
TRACK0001541,TRK000000445,in_transit,Regional Transit Hub,Parcel is moving to destination,2026-05-12T11:12:00+08:00,true
TRACK0001542,TRK000000445,customs_clearance,Kuala Lumpur Customs,Customs processing completed,2026-05-12T17:12:00+08:00,true
TRACK0001543,TRK000000445,delivered,Kuala Lumpur,Parcel delivered to the simulated buyer,2026-05-13T02:12:00+08:00,true
TRACK0001544,TRK000000446,pending_pickup,Shenzhen Demo Warehouse,Shipment information received,2026-02-14T22:25:00+08:00,true
TRACK0001545,TRK000000446,picked_up,Shenzhen Sorting Center,Parcel picked up by carrier,2026-02-16T02:25:00+08:00,true
TRACK0001546,TRK000000446,in_transit,Regional Transit Hub,Parcel is moving to destination,2026-02-16T22:25:00+08:00,true
TRACK0001547,TRK000000446,customs_clearance,Bangkok Customs,Customs processing completed,2026-02-17T13:25:00+08:00,true
TRACK0001548,TRK000000446,out_for_delivery,Bangkok Delivery Hub,Courier is delivering the parcel,2026-02-18T02:25:00+08:00,true
TRACK0001549,TRK000000446,delivered,Bangkok,Parcel delivered to the simulated buyer,2026-02-18T14:25:00+08:00,true
TRACK0001550,TRK000000447,pending_pickup,Shenzhen Demo Warehouse,Shipment information received,2026-05-20T17:01:00+08:00,true
TRACK0001551,TRK000000447,picked_up,Shenzhen Sorting Center,Parcel picked up by carrier,2026-05-21T14:01:00+08:00,true
TRACK0001552,TRK000000447,in_transit,Regional Transit Hub,Parcel is moving to destination,2026-05-22T00:01:00+08:00,true
TRACK0001553,TRK000000447,customs_clearance,Ho Chi Minh City Customs,Customs processing completed,2026-05-22T10:01:00+08:00,true
TRACK0001554,TRK000000447,out_for_delivery,Ho Chi Minh City Delivery Hub,Courier is delivering the parcel,2026-05-23T11:01:00+08:00,true
TRACK0001555,TRK000000447,delivered,Ho Chi Minh City,Parcel delivered to the simulated buyer,2026-05-24T07:01:00+08:00,true
TRACK0001556,TRK000000448,pending_pickup,Shenzhen Demo Warehouse,Shipment information received,2026-02-09T17:08:00+08:00,true
TRACK0001557,TRK000000448,picked_up,Shenzhen Sorting Center,Parcel picked up by carrier,2026-02-10T08:08:00+08:00,true
TRACK0001558,TRK000000448,in_transit,Regional Transit Hub,Parcel is moving to destination,2026-02-11T06:08:00+08:00,true
TRACK0001559,TRK000000448,customs_clearance,Kuala Lumpur Customs,Customs processing completed,2026-02-12T09:08:00+08:00,true
TRACK0001560,TRK000000448,out_for_delivery,Kuala Lumpur Delivery Hub,Courier is delivering the parcel,2026-02-12T19:08:00+08:00,true
TRACK0001561,TRK000000448,delivered,Kuala Lumpur,Parcel delivered to the simulated buyer,2026-02-13T11:08:00+08:00,true
TRACK0001562,TRK000000450,pending_pickup,Shenzhen Demo Warehouse,Shipment information received,2026-03-06T12:10:00+08:00,true
TRACK0001563,TRK000000450,picked_up,Shenzhen Sorting Center,Parcel picked up by carrier,2026-03-07T16:10:00+08:00,true
TRACK0001564,TRK000000450,customs_clearance,Manila Customs,Customs processing completed,2026-03-08T16:10:00+08:00,true
TRACK0001565,TRK000000450,out_for_delivery,Manila Delivery Hub,Courier is delivering the parcel,2026-03-09T06:10:00+08:00,true
TRACK0001566,TRK000000450,delivered,Manila,Parcel delivered to the simulated buyer,2026-03-09T19:10:00+08:00,true
TRACK0001567,TRK000000451,pending_pickup,Shenzhen Demo Warehouse,Shipment label created,2026-05-10T11:07:00+08:00,true
TRACK0001568,TRK000000451,pending_pickup,Shenzhen Demo Warehouse,Parcel packed and awaiting carrier pickup,2026-05-11T03:07:00+08:00,true
TRACK0001569,TRK000000453,pending_pickup,Shenzhen Demo Warehouse,Shipment information received,2026-01-26T18:17:00+08:00,true
TRACK0001570,TRK000000453,in_transit,Regional Transit Hub,Parcel is moving to destination,2026-01-27T02:17:00+08:00,true
TRACK0001571,TRK000000453,customs_clearance,Singapore Customs,Customs processing completed,2026-01-28T05:17:00+08:00,true
TRACK0001572,TRK000000453,delivered,Singapore,Parcel delivered to the simulated buyer,2026-01-28T17:17:00+08:00,true
TRACK0001573,TRK000000455,pending_pickup,Shenzhen Demo Warehouse,Shipment information received,2026-01-24T04:16:00+08:00,true
TRACK0001574,TRK000000455,picked_up,Shenzhen Sorting Center,Parcel picked up by carrier,2026-01-25T02:16:00+08:00,true
TRACK0001575,TRK000000455,in_transit,Regional Transit Hub,Parcel is moving to destination,2026-01-25T09:16:00+08:00,true
TRACK0001576,TRK000000455,customs_clearance,Manila Customs,Customs processing completed,2026-01-25T21:16:00+08:00,true
TRACK0001577,TRK000000455,out_for_delivery,Manila Delivery Hub,Courier is delivering the parcel,2026-01-26T08:16:00+08:00,true
TRACK0001578,TRK000000455,delivered,Manila,Parcel delivered to the simulated buyer,2026-01-26T21:16:00+08:00,true
TRACK0001579,TRK000000456,pending_pickup,Shenzhen Demo Warehouse,Shipment information received,2026-05-30T09:01:00+08:00,true
TRACK0001580,TRK000000456,in_transit,Regional Transit Hub,Parcel is moving to destination,2026-05-30T21:01:00+08:00,true
TRACK0001581,TRK000000456,out_for_delivery,Kuala Lumpur Delivery Hub,Courier is delivering the parcel,2026-05-31T07:01:00+08:00,true
TRACK0001582,TRK000000456,delivered,Kuala Lumpur,Parcel delivered to the simulated buyer,2026-06-01T03:01:00+08:00,true
TRACK0001583,TRK000000459,pending_pickup,Shenzhen Demo Warehouse,Shipment label created,2026-04-27T04:24:00+08:00,true
TRACK0001584,TRK000000459,pending_pickup,Shenzhen Demo Warehouse,Parcel packed and awaiting carrier pickup,2026-04-28T00:24:00+08:00,true
TRACK0001585,TRK000000460,pending_pickup,Shenzhen Demo Warehouse,Shipment information received,2026-01-06T08:37:00+08:00,true
TRACK0001586,TRK000000460,picked_up,Shenzhen Sorting Center,Parcel picked up by carrier,2026-01-07T08:37:00+08:00,true
TRACK0001587,TRK000000460,in_transit,Regional Transit Hub,Parcel is moving to destination,2026-01-07T19:37:00+08:00,true
TRACK0001588,TRK000000460,customs_clearance,Ho Chi Minh City Customs,Customs processing completed,2026-01-08T14:37:00+08:00,true
TRACK0001589,TRK000000460,out_for_delivery,Ho Chi Minh City Delivery Hub,Courier is delivering the parcel,2026-01-08T23:37:00+08:00,true
TRACK0001590,TRK000000460,delivered,Ho Chi Minh City,Parcel delivered to the simulated buyer,2026-01-09T19:37:00+08:00,true
TRACK0001591,TRK000000461,pending_pickup,Shenzhen Demo Warehouse,Shipment information received,2026-05-09T17:12:00+08:00,true
TRACK0001592,TRK000000461,picked_up,Shenzhen Sorting Center,Parcel picked up by carrier,2026-05-10T12:12:00+08:00,true
TRACK0001593,TRK000000461,in_transit,Regional Transit Hub,Parcel is moving to destination,2026-05-11T03:12:00+08:00,true
TRACK0001594,TRK000000461,out_for_delivery,Manila Delivery Hub,Courier is delivering the parcel,2026-05-12T02:12:00+08:00,true
TRACK0001595,TRK000000461,delivered,Manila,Parcel delivered to the simulated buyer,2026-05-12T20:12:00+08:00,true
TRACK0001596,TRK000000462,pending_pickup,Shenzhen Demo Warehouse,Shipment information received,2026-02-10T07:19:00+08:00,true
TRACK0001597,TRK000000462,picked_up,Shenzhen Sorting Center,Parcel picked up by carrier,2026-02-10T21:19:00+08:00,true
TRACK0001598,TRK000000462,in_transit,Regional Transit Hub,Parcel is moving to destination,2026-02-11T14:19:00+08:00,true
TRACK0001599,TRK000000463,pending_pickup,Shenzhen Demo Warehouse,Shipment information received,2026-01-17T05:05:00+08:00,true
TRACK0001600,TRK000000463,picked_up,Shenzhen Sorting Center,Parcel picked up by carrier,2026-01-17T12:05:00+08:00,true
TRACK0001601,TRK000000463,in_transit,Regional Transit Hub,Parcel is moving to destination,2026-01-18T00:05:00+08:00,true
TRACK0001602,TRK000000464,pending_pickup,Shenzhen Demo Warehouse,Shipment information received,2026-03-21T17:15:00+08:00,true
TRACK0001603,TRK000000464,picked_up,Shenzhen Sorting Center,Parcel picked up by carrier,2026-03-22T18:15:00+08:00,true
TRACK0001604,TRK000000464,in_transit,Regional Transit Hub,Parcel is moving to destination,2026-03-23T17:15:00+08:00,true
TRACK0001605,TRK000000464,customs_clearance,Jakarta Customs,Customs processing completed,2026-03-24T18:15:00+08:00,true
TRACK0001606,TRK000000464,delivered,Jakarta,Parcel delivered to the simulated buyer,2026-03-25T19:15:00+08:00,true
TRACK0001607,TRK000000465,pending_pickup,Shenzhen Demo Warehouse,Shipment information received,2026-04-05T13:42:00+08:00,true
TRACK0001608,TRK000000465,picked_up,Shenzhen Sorting Center,Parcel picked up by carrier,2026-04-05T22:42:00+08:00,true
TRACK0001609,TRK000000465,in_transit,Regional Transit Hub,Parcel is moving to destination,2026-04-06T09:42:00+08:00,true
TRACK0001610,TRK000000466,pending_pickup,Shenzhen Demo Warehouse,Shipment information received,2026-04-15T02:48:00+08:00,true
TRACK0001611,TRK000000466,picked_up,Shenzhen Sorting Center,Parcel picked up by carrier,2026-04-15T15:48:00+08:00,true
TRACK0001612,TRK000000466,in_transit,Regional Transit Hub,Parcel is moving to destination,2026-04-16T05:48:00+08:00,true
TRACK0001613,TRK000000466,exception,Regional Transit Hub,Temporary routing exception; manual review required,2026-04-16T19:48:00+08:00,true
TRACK0001614,TRK000000468,pending_pickup,Shenzhen Demo Warehouse,Shipment information received,2026-03-14T19:39:00+08:00,true
TRACK0001615,TRK000000468,out_for_delivery,Singapore Delivery Hub,Courier is delivering the parcel,2026-03-15T07:39:00+08:00,true
TRACK0001616,TRK000000468,delivered,Singapore,Parcel delivered to the simulated buyer,2026-03-16T00:39:00+08:00,true
TRACK0001617,TRK000000469,pending_pickup,Shenzhen Demo Warehouse,Shipment information received,2026-03-24T08:13:00+08:00,true
TRACK0001618,TRK000000469,picked_up,Shenzhen Sorting Center,Parcel picked up by carrier,2026-03-25T04:13:00+08:00,true
TRACK0001619,TRK000000469,in_transit,Regional Transit Hub,Parcel is moving to destination,2026-03-26T06:13:00+08:00,true
TRACK0001620,TRK000000469,exception,Regional Transit Hub,Temporary routing exception; manual review required,2026-03-27T10:13:00+08:00,true
TRACK0001621,TRK000000470,pending_pickup,Shenzhen Demo Warehouse,Shipment information received,2026-03-03T16:10:00+08:00,true
TRACK0001622,TRK000000470,picked_up,Shenzhen Sorting Center,Parcel picked up by carrier,2026-03-04T16:10:00+08:00,true
TRACK0001623,TRK000000470,customs_clearance,Bangkok Customs,Customs processing completed,2026-03-04T21:10:00+08:00,true
TRACK0001624,TRK000000470,out_for_delivery,Bangkok Delivery Hub,Courier is delivering the parcel,2026-03-05T20:10:00+08:00,true
TRACK0001625,TRK000000470,delivered,Bangkok,Parcel delivered to the simulated buyer,2026-03-07T00:10:00+08:00,true
TRACK0001626,TRK000000471,pending_pickup,Shenzhen Demo Warehouse,Shipment label created,2026-04-26T10:55:00+08:00,true
TRACK0001627,TRK000000471,pending_pickup,Shenzhen Demo Warehouse,Parcel packed and awaiting carrier pickup,2026-04-26T15:55:00+08:00,true
TRACK0001628,TRK000000472,pending_pickup,Shenzhen Demo Warehouse,Shipment information received,2026-04-01T19:33:00+08:00,true
TRACK0001629,TRK000000472,out_for_delivery,Manila Delivery Hub,Courier is delivering the parcel,2026-04-02T13:33:00+08:00,true
TRACK0001630,TRK000000472,delivered,Manila,Parcel delivered to the simulated buyer,2026-04-03T06:33:00+08:00,true
TRACK0001631,TRK000000473,pending_pickup,Shenzhen Demo Warehouse,Shipment information received,2026-04-19T18:43:00+08:00,true
TRACK0001632,TRK000000473,picked_up,Shenzhen Sorting Center,Parcel picked up by carrier,2026-04-20T19:43:00+08:00,true
TRACK0001633,TRK000000473,in_transit,Regional Transit Hub,Parcel is moving to destination,2026-04-21T20:43:00+08:00,true
TRACK0001634,TRK000000473,customs_clearance,Singapore Customs,Customs processing completed,2026-04-22T21:43:00+08:00,true
TRACK0001635,TRK000000473,delivered,Singapore,Parcel delivered to the simulated buyer,2026-04-23T15:43:00+08:00,true
TRACK0001636,TRK000000474,pending_pickup,Shenzhen Demo Warehouse,Shipment information received,2026-04-16T17:21:00+08:00,true
TRACK0001637,TRK000000474,picked_up,Shenzhen Sorting Center,Parcel picked up by carrier,2026-04-17T21:21:00+08:00,true
TRACK0001638,TRK000000474,in_transit,Regional Transit Hub,Parcel is moving to destination,2026-04-18T21:21:00+08:00,true
TRACK0001639,TRK000000475,pending_pickup,Shenzhen Demo Warehouse,Shipment label created,2026-03-14T12:44:00+08:00,true
TRACK0001640,TRK000000475,pending_pickup,Shenzhen Demo Warehouse,Parcel packed and awaiting carrier pickup,2026-03-15T05:44:00+08:00,true
TRACK0001641,TRK000000476,pending_pickup,Shenzhen Demo Warehouse,Shipment information received,2026-03-02T23:06:00+08:00,true
TRACK0001642,TRK000000476,picked_up,Shenzhen Sorting Center,Parcel picked up by carrier,2026-03-03T07:06:00+08:00,true
TRACK0001643,TRK000000476,in_transit,Regional Transit Hub,Parcel is moving to destination,2026-03-04T10:06:00+08:00,true
TRACK0001644,TRK000000477,pending_pickup,Shenzhen Demo Warehouse,Shipment label created,2026-03-03T12:14:00+08:00,true
TRACK0001645,TRK000000477,pending_pickup,Shenzhen Demo Warehouse,Parcel packed and awaiting carrier pickup,2026-03-03T22:14:00+08:00,true
TRACK0001646,TRK000000478,pending_pickup,Shenzhen Demo Warehouse,Shipment information received,2026-02-18T06:40:00+08:00,true
TRACK0001647,TRK000000478,in_transit,Regional Transit Hub,Parcel is moving to destination,2026-02-19T06:40:00+08:00,true
TRACK0001648,TRK000000479,pending_pickup,Shenzhen Demo Warehouse,Shipment information received,2026-05-26T09:54:00+08:00,true
TRACK0001649,TRK000000479,picked_up,Shenzhen Sorting Center,Parcel picked up by carrier,2026-05-26T17:54:00+08:00,true
TRACK0001650,TRK000000479,customs_clearance,Kuala Lumpur Customs,Customs processing completed,2026-05-27T04:54:00+08:00,true
TRACK0001651,TRK000000479,out_for_delivery,Kuala Lumpur Delivery Hub,Courier is delivering the parcel,2026-05-28T00:54:00+08:00,true
TRACK0001652,TRK000000479,delivered,Kuala Lumpur,Parcel delivered to the simulated buyer,2026-05-28T05:54:00+08:00,true
TRACK0001653,TRK000000481,pending_pickup,Shenzhen Demo Warehouse,Shipment information received,2026-05-28T23:00:00+08:00,true
TRACK0001654,TRK000000481,customs_clearance,Bangkok Customs,Customs processing completed,2026-05-30T03:00:00+08:00,true
TRACK0001655,TRK000000481,out_for_delivery,Bangkok Delivery Hub,Courier is delivering the parcel,2026-05-31T00:00:00+08:00,true
TRACK0001656,TRK000000481,delivered,Bangkok,Parcel delivered to the simulated buyer,2026-05-31T05:00:00+08:00,true
TRACK0001657,TRK000000482,pending_pickup,Shenzhen Demo Warehouse,Shipment label created,2026-04-25T14:37:00+08:00,true
TRACK0001658,TRK000000482,pending_pickup,Shenzhen Demo Warehouse,Parcel packed and awaiting carrier pickup,2026-04-26T05:37:00+08:00,true
TRACK0001659,TRK000000483,pending_pickup,Shenzhen Demo Warehouse,Shipment information received,2026-05-19T12:39:00+08:00,true
TRACK0001660,TRK000000483,picked_up,Shenzhen Sorting Center,Parcel picked up by carrier,2026-05-19T17:39:00+08:00,true
TRACK0001661,TRK000000483,in_transit,Regional Transit Hub,Parcel is moving to destination,2026-05-20T16:39:00+08:00,true
TRACK0001662,TRK000000485,pending_pickup,Shenzhen Demo Warehouse,Shipment information received,2026-04-26T17:14:00+08:00,true
TRACK0001663,TRK000000485,picked_up,Shenzhen Sorting Center,Parcel picked up by carrier,2026-04-27T07:14:00+08:00,true
TRACK0001664,TRK000000485,out_for_delivery,Jakarta Delivery Hub,Courier is delivering the parcel,2026-04-27T17:14:00+08:00,true
TRACK0001665,TRK000000485,delivered,Jakarta,Parcel delivered to the simulated buyer,2026-04-28T18:14:00+08:00,true
TRACK0001666,TRK000000486,pending_pickup,Shenzhen Demo Warehouse,Shipment information received,2026-06-25T16:11:00+08:00,true
TRACK0001667,TRK000000486,customs_clearance,Manila Customs,Customs processing completed,2026-06-26T12:11:00+08:00,true
TRACK0001668,TRK000000486,out_for_delivery,Manila Delivery Hub,Courier is delivering the parcel,2026-06-26T17:11:00+08:00,true
TRACK0001669,TRK000000486,delivered,Manila,Parcel delivered to the simulated buyer,2026-06-27T12:11:00+08:00,true
TRACK0001670,TRK000000487,pending_pickup,Shenzhen Demo Warehouse,Shipment information received,2026-02-03T15:43:00+08:00,true
TRACK0001671,TRK000000487,in_transit,Regional Transit Hub,Parcel is moving to destination,2026-02-04T01:43:00+08:00,true
TRACK0001672,TRK000000487,customs_clearance,Jakarta Customs,Customs processing completed,2026-02-04T09:43:00+08:00,true
TRACK0001673,TRK000000487,out_for_delivery,Jakarta Delivery Hub,Courier is delivering the parcel,2026-02-05T02:43:00+08:00,true
TRACK0001674,TRK000000487,delivered,Jakarta,Parcel delivered to the simulated buyer,2026-02-05T14:43:00+08:00,true
TRACK0001675,TRK000000488,pending_pickup,Shenzhen Demo Warehouse,Shipment information received,2026-06-17T04:19:00+08:00,true
TRACK0001676,TRK000000488,picked_up,Shenzhen Sorting Center,Parcel picked up by carrier,2026-06-17T17:19:00+08:00,true
TRACK0001677,TRK000000488,customs_clearance,Ho Chi Minh City Customs,Customs processing completed,2026-06-17T23:19:00+08:00,true
TRACK0001678,TRK000000488,out_for_delivery,Ho Chi Minh City Delivery Hub,Courier is delivering the parcel,2026-06-18T14:19:00+08:00,true
TRACK0001679,TRK000000488,delivered,Ho Chi Minh City,Parcel delivered to the simulated buyer,2026-06-19T09:19:00+08:00,true
TRACK0001680,TRK000000489,pending_pickup,Shenzhen Demo Warehouse,Shipment information received,2026-03-01T08:34:00+08:00,true
TRACK0001681,TRK000000489,in_transit,Regional Transit Hub,Parcel is moving to destination,2026-03-02T01:34:00+08:00,true
TRACK0001682,TRK000000489,customs_clearance,Ho Chi Minh City Customs,Customs processing completed,2026-03-02T18:34:00+08:00,true
TRACK0001683,TRK000000489,out_for_delivery,Ho Chi Minh City Delivery Hub,Courier is delivering the parcel,2026-03-03T18:34:00+08:00,true
TRACK0001684,TRK000000489,delivered,Ho Chi Minh City,Parcel delivered to the simulated buyer,2026-03-04T07:34:00+08:00,true
TRACK0001685,TRK000000491,pending_pickup,Shenzhen Demo Warehouse,Shipment information received,2026-06-03T01:58:00+08:00,true
TRACK0001686,TRK000000491,out_for_delivery,Singapore Delivery Hub,Courier is delivering the parcel,2026-06-03T20:58:00+08:00,true
TRACK0001687,TRK000000491,delivered,Singapore,Parcel delivered to the simulated buyer,2026-06-04T08:58:00+08:00,true
TRACK0001688,TRK000000493,pending_pickup,Shenzhen Demo Warehouse,Shipment information received,2026-03-12T12:00:00+08:00,true
TRACK0001689,TRK000000493,in_transit,Regional Transit Hub,Parcel is moving to destination,2026-03-13T04:00:00+08:00,true
TRACK0001690,TRK000000493,out_for_delivery,Ho Chi Minh City Delivery Hub,Courier is delivering the parcel,2026-03-13T22:00:00+08:00,true
TRACK0001691,TRK000000493,delivered,Ho Chi Minh City,Parcel delivered to the simulated buyer,2026-03-14T09:00:00+08:00,true
TRACK0001692,TRK000000495,pending_pickup,Shenzhen Demo Warehouse,Shipment information received,2026-01-24T05:11:00+08:00,true
TRACK0001693,TRK000000495,customs_clearance,Jakarta Customs,Customs processing completed,2026-01-25T04:11:00+08:00,true
TRACK0001694,TRK000000495,out_for_delivery,Jakarta Delivery Hub,Courier is delivering the parcel,2026-01-25T15:11:00+08:00,true
TRACK0001695,TRK000000495,delivered,Jakarta,Parcel delivered to the simulated buyer,2026-01-26T15:11:00+08:00,true
TRACK0001696,TRK000000496,pending_pickup,Shenzhen Demo Warehouse,Shipment information received,2026-05-03T07:03:00+08:00,true
TRACK0001697,TRK000000496,picked_up,Shenzhen Sorting Center,Parcel picked up by carrier,2026-05-04T11:03:00+08:00,true
TRACK0001698,TRK000000496,customs_clearance,Manila Customs,Customs processing completed,2026-05-05T01:03:00+08:00,true
TRACK0001699,TRK000000496,out_for_delivery,Manila Delivery Hub,Courier is delivering the parcel,2026-05-05T18:03:00+08:00,true
TRACK0001700,TRK000000496,delivered,Manila,Parcel delivered to the simulated buyer,2026-05-06T22:03:00+08:00,true
TRACK0001701,TRK000000497,pending_pickup,Shenzhen Demo Warehouse,Shipment label created,2026-04-16T02:37:00+08:00,true
TRACK0001702,TRK000000497,pending_pickup,Shenzhen Demo Warehouse,Parcel packed and awaiting carrier pickup,2026-04-17T06:37:00+08:00,true
TRACK0001703,TRK000000498,pending_pickup,Shenzhen Demo Warehouse,Shipment information received,2026-02-14T17:39:00+08:00,true
TRACK0001704,TRK000000498,picked_up,Shenzhen Sorting Center,Parcel picked up by carrier,2026-02-15T06:39:00+08:00,true
TRACK0001705,TRK000000498,in_transit,Regional Transit Hub,Parcel is moving to destination,2026-02-16T01:39:00+08:00,true
TRACK0001706,TRK000000498,customs_clearance,Bangkok Customs,Customs processing completed,2026-02-17T03:39:00+08:00,true
TRACK0001707,TRK000000498,delivered,Bangkok,Parcel delivered to the simulated buyer,2026-02-17T09:39:00+08:00,true
TRACK0001708,TRK000000499,pending_pickup,Shenzhen Demo Warehouse,Shipment information received,2026-02-07T22:14:00+08:00,true
TRACK0001709,TRK000000499,in_transit,Regional Transit Hub,Parcel is moving to destination,2026-02-08T17:14:00+08:00,true
TRACK0001710,TRK000000500,pending_pickup,Shenzhen Demo Warehouse,Shipment label created,2026-03-17T19:05:00+08:00,true
TRACK0001711,TRK000000500,pending_pickup,Shenzhen Demo Warehouse,Parcel packed and awaiting carrier pickup,2026-03-18T05:05:00+08:00,true
