review_id,product_id,sku_id,order_id,buyer_id,rating,content,content_zh,language,sentiment_hint,issue_type,created_at,is_mock_data
REV000001,PROD0036,SKU00097,ORD000487,BUY00194,5,"Harganya sepadan, pengiriman juga cukup cepat.",包装整洁，颜色与图片一致，性价比不错。,Indonesian,positive,none,2026-02-15T23:43:00+08:00,true
REV000002,PROD0094,SKU00245,ORD000391,BUY00168,5,ขนาดพอดีและวัสดุดูแข็งแรงสำหรับใช้ทุกวัน,日常使用很方便，配送也较快。,Thai,positive,none,2026-06-26T05:54:00+08:00,true
REV000003,PROD0038,SKU00104,ORD000175,BUY00214,4,"Berbaloi dengan harga, penghantaran juga lebih cepat daripada jangkaan.",使用顺畅，做工比预期更结实。,Malay,positive,none,2026-04-22T03:43:00+08:00,true
REV000004,PROD0082,SKU00216,ORD000247,BUY00240,5,สินค้าใช้งานได้ดีและคุณภาพดีกว่าที่คาดไว้,使用顺畅，做工比预期更结实。,Thai,positive,none,2026-04-02T04:26:00+08:00,true
REV000005,PROD0094,SKU00246,ORD000089,BUY00105,4,คุ้มค่ากับราคา การจัดส่งเร็วกว่าที่คิด,日常使用很方便，配送也较快。,Thai,positive,none,2026-04-05T04:08:00+08:00,true
REV000006,PROD0093,SKU00244,ORD000461,BUY00241,2,Maayos ang item pero masyadong huli ang delivery.,收到的商品或配送服务未达到预期。,Filipino,negative,logistics,2026-05-22T10:12:00+08:00,true
REV000007,PROD0098,SKU00257,ORD000302,BUY00091,5,Produk berfungsi dengan baik dan kualitinya memuaskan.,使用顺畅，做工比预期更结实。,Malay,positive,none,2026-05-05T15:44:00+08:00,true
REV000008,PROD0078,SKU00203,ORD000411,BUY00032,5,"Kemasan rapi, warna sesuai foto, dan mudah digunakan.",使用顺畅，做工比预期更结实。,Indonesian,positive,none,2026-01-15T03:49:00+08:00,true
REV000009,PROD0019,SKU00052,ORD000141,BUY00177,5,Very practical design. I would recommend it to friends. I hope the next batch improves.,使用顺畅，做工比预期更结实。,English,positive,none,2026-01-28T11:42:00+08:00,true
REV000010,PROD0081,SKU00212,ORD000251,BUY00310,5,Praktikal ang disenyo at nasiyahan ako sa produktong ito.,使用顺畅，做工比预期更结实。,Filipino,positive,none,2026-05-30T03:46:00+08:00,true
REV000011,PROD0025,SKU00069,ORD000441,BUY00220,5,"Good value, neat packaging, and the color matches the photos. Overall experience noted.",使用顺畅，做工比预期更结实。,English,positive,none,2026-04-20T07:38:00+08:00,true
REV000012,PROD0007,SKU00015,ORD000283,BUY00307,5,"Good value, neat packaging, and the color matches the photos. Overall experience noted.",日常使用很方便，配送也较快。,English,positive,none,2026-05-19T15:57:00+08:00,true
REV000013,PROD0014,SKU00032,ORD000094,BUY00160,3,"Produk berfungsi seperti diterangkan, tetapi kemasannya biasa sahaja.",功能符合描述，但做工比较普通。,Malay,neutral,none,2026-05-15T15:21:00+08:00,true
REV000014,PROD0056,SKU00148,ORD000262,BUY00157,5,Saiz sesuai dan bahan terasa kukuh untuk kegunaan harian.,包装整洁，颜色与图片一致，性价比不错。,Malay,positive,none,2026-02-18T17:16:00+08:00,true
REV000015,PROD0074,SKU00198,ORD000066,BUY00045,5,"Pembungkusan kemas, warna sama seperti gambar dan mudah digunakan.",包装整洁，颜色与图片一致，性价比不错。,Malay,positive,none,2026-04-05T10:48:00+08:00,true
REV000016,PROD0066,SKU00176,ORD000099,BUY00085,5,"Desain praktis, saya puas dengan pembelian ini.",包装整洁，颜色与图片一致，性价比不错。,Indonesian,positive,none,2026-04-25T09:22:00+08:00,true
REV000017,PROD0098,SKU00258,ORD000381,BUY00112,3,Sesuai dengan harga; masa penghantaran adalah sederhana.,与价格基本相符，配送速度一般。,Malay,neutral,logistics,2026-03-09T10:26:00+08:00,true
REV000018,PROD0081,SKU00214,ORD000063,BUY00318,5,Maayos gamitin at mas matibay kaysa sa inaasahan ko.,日常使用很方便，配送也较快。,Filipino,positive,none,2026-05-06T07:52:00+08:00,true
REV000019,PROD0074,SKU00197,ORD000381,BUY00112,5,Reka bentuk praktikal dan saya berpuas hati dengan pembelian ini.,使用顺畅，做工比预期更结实。,Malay,positive,none,2026-03-10T03:26:00+08:00,true
REV000020,PROD0065,SKU00174,ORD000008,BUY00183,4,"Đóng gói gọn gàng, màu giống hình và dễ sử dụng.",日常使用很方便，配送也较快。,Vietnamese,positive,none,2026-04-28T03:12:00+08:00,true
REV000021,PROD0044,SKU00119,ORD000104,BUY00063,5,Reka bentuk praktikal dan saya berpuas hati dengan pembelian ini.,包装整洁，颜色与图片一致，性价比不错。,Malay,positive,none,2026-02-23T21:15:00+08:00,true
REV000022,PROD0062,SKU00164,ORD000113,BUY00176,5,Reka bentuk praktikal dan saya berpuas hati dengan pembelian ini.,使用顺畅，做工比预期更结实。,Malay,positive,none,2026-04-13T06:44:00+08:00,true
REV000023,PROD0011,SKU00025,ORD000274,BUY00118,5,"Thiết kế thực tế, tôi hài lòng với sản phẩm này.",日常使用很方便，配送也较快。,Vietnamese,positive,none,2026-06-16T14:49:00+08:00,true
REV000024,PROD0029,SKU00077,ORD000158,BUY00233,5,"Đáng tiền, giao hàng cũng nhanh hơn dự kiến.",日常使用很方便，配送也较快。,Vietnamese,positive,none,2026-07-21T14:06:00+08:00,true
REV000025,PROD0032,SKU00086,ORD000329,BUY00288,4,Reka bentuk praktikal dan saya berpuas hati dengan pembelian ini.,包装整洁，颜色与图片一致，性价比不错。,Malay,positive,none,2026-06-16T01:39:00+08:00,true
REV000026,PROD0077,SKU00202,ORD000207,BUY00089,5,"Đáng tiền, giao hàng cũng nhanh hơn dự kiến.",日常使用很方便，配送也较快。,Vietnamese,positive,none,2026-06-10T17:26:00+08:00,true
REV000027,PROD0060,SKU00159,ORD000067,BUY00110,3,Cukup sesuai harga; waktu pengiriman standar.,功能符合描述，但做工比较普通。,Indonesian,neutral,none,2026-01-26T15:00:00+08:00,true
REV000028,PROD0056,SKU00147,ORD000255,BUY00141,5,Produk berfungsi dengan baik dan kualitinya memuaskan.,使用顺畅，做工比预期更结实。,Malay,positive,none,2026-05-17T04:16:00+08:00,true
REV000029,PROD0064,SKU00172,ORD000059,BUY00182,2,ได้รับตัวเลือกสินค้าไม่ตรงกับที่สั่ง,问题处理速度较慢，希望改进。,Thai,negative,wrong_item,2026-02-01T03:14:00+08:00,true
REV000030,PROD0017,SKU00046,ORD000306,BUY00128,5,Sản phẩm hoạt động tốt và chất lượng tốt hơn mong đợi.,包装整洁，颜色与图片一致，性价比不错。,Vietnamese,positive,none,2026-04-19T23:32:00+08:00,true
REV000031,PROD0046,SKU00123,ORD000026,BUY00170,5,สินค้าใช้งานได้ดีและคุณภาพดีกว่าที่คาดไว้,使用顺畅，做工比预期更结实。,Thai,positive,none,2026-03-03T12:39:00+08:00,true
REV000032,PROD0095,SKU00251,ORD000102,BUY00135,4,Kích thước phù hợp và chất liệu khá chắc chắn.,使用顺畅，做工比预期更结实。,Vietnamese,positive,none,2026-05-20T05:21:00+08:00,true
REV000033,PROD0068,SKU00181,ORD000196,BUY00257,5,Saiz sesuai dan bahan terasa kukuh untuk kegunaan harian.,日常使用很方便，配送也较快。,Malay,positive,none,2026-05-27T01:37:00+08:00,true
REV000034,PROD0060,SKU00158,ORD000092,BUY00203,5,Produknya berfungsi baik dan kualitasnya lebih bagus dari perkiraan.,包装整洁，颜色与图片一致，性价比不错。,Indonesian,positive,none,2026-06-12T12:30:00+08:00,true
REV000035,PROD0087,SKU00230,ORD000034,BUY00228,4,Tamang-tama ang sukat at mukhang matibay ang materyal.,使用顺畅，做工比预期更结实。,Filipino,positive,none,2026-06-29T02:48:00+08:00,true
REV000036,PROD0091,SKU00239,ORD000468,BUY00118,5,Easy to use every day; delivery was also quicker than expected.,使用顺畅，做工比预期更结实。,English,positive,none,2026-04-09T18:39:00+08:00,true
REV000037,PROD0095,SKU00251,ORD000460,BUY00205,5,"Thiết kế thực tế, tôi hài lòng với sản phẩm này.",使用顺畅，做工比预期更结实。,Vietnamese,positive,none,2026-01-17T18:37:00+08:00,true
REV000038,PROD0091,SKU00239,ORD000045,BUY00126,4,"Good value, neat packaging, and the color matches the photos.",使用顺畅，做工比预期更结实。,English,positive,none,2026-06-23T02:31:00+08:00,true
REV000039,PROD0030,SKU00080,ORD000349,BUY00318,5,Produknya berfungsi baik dan kualitasnya lebih bagus dari perkiraan.,包装整洁，颜色与图片一致，性价比不错。,Indonesian,positive,none,2026-04-05T01:52:00+08:00,true
REV000040,PROD0099,SKU00259,ORD000366,BUY00056,5,Sulit sa presyo at mas mabilis dumating kaysa sa inaasahan.,包装整洁，颜色与图片一致，性价比不错。,Filipino,positive,none,2026-02-27T02:09:00+08:00,true
REV000041,PROD0029,SKU00077,ORD000158,BUY00233,5,"Đóng gói gọn gàng, màu giống hình và dễ sử dụng.",日常使用很方便，配送也较快。,Vietnamese,positive,none,2026-07-04T20:06:00+08:00,true
REV000042,PROD0098,SKU00256,ORD000066,BUY00045,3,Sesuai dengan harga; masa penghantaran adalah sederhana.,与价格基本相符，配送速度一般。,Malay,neutral,packaging,2026-03-23T08:48:00+08:00,true
REV000043,PROD0013,SKU00029,ORD000078,BUY00264,5,Works smoothly and feels sturdier than expected. I hope the next batch improves.,包装整洁，颜色与图片一致，性价比不错。,English,positive,none,2026-03-06T00:47:00+08:00,true
REV000044,PROD0099,SKU00259,ORD000048,BUY00296,5,Tamang-tama ang sukat at mukhang matibay ang materyal.,使用顺畅，做工比预期更结实。,Filipino,positive,none,2026-04-30T17:51:00+08:00,true
REV000045,PROD0030,SKU00080,ORD000315,BUY00275,4,"Kemasan rapi, warna sesuai foto, dan mudah digunakan.",包装整洁，颜色与图片一致，性价比不错。,Indonesian,positive,none,2026-05-13T15:07:00+08:00,true
REV000046,PROD0087,SKU00230,ORD000034,BUY00228,4,Praktikal ang disenyo at nasiyahan ako sa produktong ito.,使用顺畅，做工比预期更结实。,Filipino,positive,none,2026-06-10T20:48:00+08:00,true
REV000047,PROD0009,SKU00020,ORD000191,BUY00234,4,Tamang-tama ang sukat at mukhang matibay ang materyal.,包装整洁，颜色与图片一致，性价比不错。,Filipino,positive,none,2026-07-08T00:32:00+08:00,true
REV000048,PROD0060,SKU00161,ORD000294,BUY00222,5,"Desain praktis, saya puas dengan pembelian ini.",日常使用很方便，配送也较快。,Indonesian,positive,none,2026-05-12T14:34:00+08:00,true
REV000049,PROD0013,SKU00031,ORD000005,BUY00110,4,Very practical design. I would recommend it to friends. I hope the next batch improves.,日常使用很方便，配送也较快。,English,positive,none,2026-02-11T10:57:00+08:00,true
REV000050,PROD0038,SKU00104,ORD000175,BUY00214,5,Produk berfungsi dengan baik dan kualitinya memuaskan.,包装整洁，颜色与图片一致，性价比不错。,Malay,positive,none,2026-04-22T17:43:00+08:00,true
REV000051,PROD0025,SKU00068,ORD000313,BUY00049,5,The finish is clean and the size is exactly right for me. Overall experience noted.,包装整洁，颜色与图片一致，性价比不错。,English,positive,none,2026-07-17T07:37:00+08:00,true
REV000052,PROD0049,SKU00133,ORD000177,BUY00246,5,Works smoothly and feels sturdier than expected. This was after several days of use.,使用顺畅，做工比预期更结实。,English,positive,none,2026-05-08T17:48:00+08:00,true
REV000053,PROD0023,SKU00063,ORD000052,BUY00270,4,Kích thước phù hợp và chất liệu khá chắc chắn.,包装整洁，颜色与图片一致，性价比不错。,Vietnamese,positive,none,2026-02-17T16:21:00+08:00,true
REV000054,PROD0073,SKU00192,ORD000415,BUY00305,5,Easy to use every day; delivery was also quicker than expected.,包装整洁，颜色与图片一致，性价比不错。,English,positive,none,2026-06-05T04:16:00+08:00,true
REV000055,PROD0078,SKU00204,ORD000317,BUY00234,5,"Desain praktis, saya puas dengan pembelian ini.",包装整洁，颜色与图片一致，性价比不错。,Indonesian,positive,none,2026-01-28T00:11:00+08:00,true
REV000056,PROD0049,SKU00133,ORD000177,BUY00246,3,Acceptable for the price; delivery took the usual time.,与价格基本相符，配送速度一般。,English,neutral,none,2026-05-08T01:48:00+08:00,true
REV000057,PROD0082,SKU00217,ORD000391,BUY00168,4,ดีไซน์ใช้งานได้จริง โดยรวมพอใจกับสินค้านี้,日常使用很方便，配送也较快。,Thai,positive,none,2026-06-19T06:54:00+08:00,true
REV000058,PROD0015,SKU00037,ORD000216,BUY00092,5,Praktikal ang disenyo at nasiyahan ako sa produktong ito.,使用顺畅，做工比预期更结实。,Filipino,positive,none,2026-02-22T01:38:00+08:00,true
REV000059,PROD0032,SKU00087,ORD000083,BUY00292,5,Saiz sesuai dan bahan terasa kukuh untuk kegunaan harian.,日常使用很方便，配送也较快。,Malay,positive,none,2026-03-30T17:34:00+08:00,true
REV000060,PROD0048,SKU00129,ORD000294,BUY00222,5,"Kemasan rapi, warna sesuai foto, dan mudah digunakan.",包装整洁，颜色与图片一致，性价比不错。,Indonesian,positive,none,2026-05-20T01:34:00+08:00,true
REV000061,PROD0005,SKU00010,ORD000397,BUY00046,4,"Đóng gói gọn gàng, màu giống hình và dễ sử dụng.",使用顺畅，做工比预期更结实。,Vietnamese,positive,none,2026-03-05T18:35:00+08:00,true
REV000062,PROD0014,SKU00034,ORD000015,BUY00214,5,Saiz sesuai dan bahan terasa kukuh untuk kegunaan harian.,包装整洁，颜色与图片一致，性价比不错。,Malay,positive,none,2026-02-08T22:53:00+08:00,true
REV000063,PROD0080,SKU00211,ORD000135,BUY00225,5,"Berbaloi dengan harga, penghantaran juga lebih cepat daripada jangkaan.",包装整洁，颜色与图片一致，性价比不错。,Malay,positive,none,2026-05-31T12:29:00+08:00,true
REV000064,PROD0018,SKU00048,ORD000214,BUY00272,5,"Harganya sepadan, pengiriman juga cukup cepat.",包装整洁，颜色与图片一致，性价比不错。,Indonesian,positive,none,2026-05-01T11:35:00+08:00,true
REV000065,PROD0047,SKU00128,ORD000102,BUY00135,4,"Đóng gói gọn gàng, màu giống hình và dễ sử dụng.",包装整洁，颜色与图片一致，性价比不错。,Vietnamese,positive,none,2026-05-19T01:21:00+08:00,true
REV000066,PROD0015,SKU00038,ORD000036,BUY00047,5,"Malinis ang packaging, tugma ang kulay sa larawan, at madaling gamitin.",使用顺畅，做工比预期更结实。,Filipino,positive,none,2026-05-23T17:33:00+08:00,true
REV000067,PROD0089,SKU00234,ORD000077,BUY00039,5,Kích thước phù hợp và chất liệu khá chắc chắn.,使用顺畅，做工比预期更结实。,Vietnamese,positive,none,2026-04-12T22:39:00+08:00,true
REV000068,PROD0011,SKU00025,ORD000274,BUY00118,4,"Đáng tiền, giao hàng cũng nhanh hơn dự kiến.",包装整洁，颜色与图片一致，性价比不错。,Vietnamese,positive,none,2026-05-28T02:49:00+08:00,true
REV000069,PROD0071,SKU00188,ORD000199,BUY00005,2,Kích thước thực tế nhỏ hơn bảng thông số.,问题处理速度较慢，希望改进。,Vietnamese,negative,size,2026-01-18T14:58:00+08:00,true
REV000070,PROD0091,SKU00239,ORD000468,BUY00118,5,Easy to use every day; delivery was also quicker than expected. This was after several days of use.,使用顺畅，做工比预期更结实。,English,positive,none,2026-03-25T11:39:00+08:00,true
REV000071,PROD0094,SKU00245,ORD000064,BUY00197,5,แพ็กเรียบร้อย สีตรงกับรูป และใช้งานง่าย,使用顺畅，做工比预期更结实。,Thai,positive,none,2026-02-23T07:08:00+08:00,true
REV000072,PROD0063,SKU00168,ORD000181,BUY00031,4,"Malinis ang packaging, tugma ang kulay sa larawan, at madaling gamitin.",日常使用很方便，配送也较快。,Filipino,positive,none,2026-01-30T15:27:00+08:00,true
REV000073,PROD0022,SKU00061,ORD000377,BUY00120,4,สินค้าใช้งานได้ดีและคุณภาพดีกว่าที่คาดไว้,使用顺畅，做工比预期更结实。,Thai,positive,none,2026-05-17T17:59:00+08:00,true
REV000074,PROD0036,SKU00098,ORD000016,BUY00083,5,"Harganya sepadan, pengiriman juga cukup cepat.",日常使用很方便，配送也较快。,Indonesian,positive,none,2026-02-14T08:41:00+08:00,true
REV000075,PROD0030,SKU00082,ORD000016,BUY00083,1,"Barang sempat berfungsi, tetapi kualitas rakitannya terasa kurang kuat.",收到的商品或配送服务未达到预期。,Indonesian,negative,product_quality,2026-02-27T12:41:00+08:00,true
REV000076,PROD0047,SKU00128,ORD000351,BUY00140,5,"Đáng tiền, giao hàng cũng nhanh hơn dự kiến.",包装整洁，颜色与图片一致，性价比不错。,Vietnamese,positive,none,2026-06-06T11:59:00+08:00,true
REV000077,PROD0091,SKU00242,ORD000358,BUY00073,5,"Good value, neat packaging, and the color matches the photos. This was after several days of use.",包装整洁，颜色与图片一致，性价比不错。,English,positive,none,2026-03-09T13:48:00+08:00,true
REV000078,PROD0029,SKU00077,ORD000327,BUY00159,5,"Thiết kế thực tế, tôi hài lòng với sản phẩm này.",使用顺畅，做工比预期更结实。,Vietnamese,positive,none,2026-03-26T23:53:00+08:00,true
REV000079,PROD0045,SKU00121,ORD000129,BUY00173,2,Mas maikli ang battery life kaysa sa inaasahan.,商品存在质量或使用体验问题。,Filipino,negative,battery,2026-06-03T08:15:00+08:00,true
REV000080,PROD0013,SKU00031,ORD000040,BUY00029,5,The finish is clean and the size is exactly right for me. I hope the next batch improves.,日常使用很方便，配送也较快。,English,positive,none,2026-03-19T15:57:00+08:00,true
REV000081,PROD0029,SKU00077,ORD000158,BUY00233,5,"Thiết kế thực tế, tôi hài lòng với sản phẩm này.",包装整洁，颜色与图片一致，性价比不错。,Vietnamese,positive,none,2026-07-01T11:06:00+08:00,true
REV000082,PROD0033,SKU00089,ORD000366,BUY00056,2,Mas manipis ang materyal kaysa sa itsura sa listing.,收到的商品或配送服务未达到预期。,Filipino,negative,material,2026-02-27T01:09:00+08:00,true
REV000083,PROD0091,SKU00239,ORD000248,BUY00283,4,The finish is clean and the size is exactly right for me. This was after several days of use.,使用顺畅，做工比预期更结实。,English,positive,none,2026-04-14T01:07:00+08:00,true
REV000084,PROD0077,SKU00202,ORD000176,BUY00317,2,Sản phẩm ổn nhưng giao hàng chậm hơn dự kiến khá nhiều.,商品存在质量或使用体验问题。,Vietnamese,negative,logistics,2026-05-31T06:06:00+08:00,true
REV000085,PROD0020,SKU00054,ORD000125,BUY00096,3,"Produk berfungsi seperti diterangkan, tetapi kemasannya biasa sahaja.",与价格基本相符，配送速度一般。,Malay,neutral,packaging,2026-06-19T10:59:00+08:00,true
REV000086,PROD0017,SKU00046,ORD000163,BUY00069,5,"Đáng tiền, giao hàng cũng nhanh hơn dự kiến.",包装整洁，颜色与图片一致，性价比不错。,Vietnamese,positive,none,2026-07-10T04:16:00+08:00,true
REV000087,PROD0017,SKU00044,ORD000157,BUY00261,1,Kích thước thực tế nhỏ hơn bảng thông số.,问题处理速度较慢，希望改进。,Vietnamese,negative,size,2026-04-26T22:30:00+08:00,true
REV000088,PROD0055,SKU00145,ORD000237,BUY00251,5,Easy to use every day; delivery was also quicker than expected.,包装整洁，颜色与图片一致，性价比不错。,English,positive,none,2026-05-17T18:58:00+08:00,true
REV000089,PROD0056,SKU00147,ORD000416,BUY00200,1,"Produk boleh diterima, tetapi penghantaran jauh lebih lewat daripada jangkaan.",问题处理速度较慢，希望改进。,Malay,negative,logistics,2026-06-26T15:02:00+08:00,true
REV000090,PROD0095,SKU00251,ORD000102,BUY00135,5,Kích thước phù hợp và chất liệu khá chắc chắn.,使用顺畅，做工比预期更结实。,Vietnamese,positive,none,2026-05-21T07:21:00+08:00,true
REV000091,PROD0076,SKU00201,ORD000234,BUY00232,5,แพ็กเรียบร้อย สีตรงกับรูป และใช้งานง่าย,日常使用很方便，配送也较快。,Thai,positive,none,2026-06-21T02:25:00+08:00,true
REV000092,PROD0098,SKU00257,ORD000353,BUY00268,4,Reka bentuk praktikal dan saya berpuas hati dengan pembelian ini.,日常使用很方便，配送也较快。,Malay,positive,none,2026-01-28T20:47:00+08:00,true
REV000093,PROD0041,SKU00110,ORD000207,BUY00089,5,"Đáng tiền, giao hàng cũng nhanh hơn dự kiến.",使用顺畅，做工比预期更结实。,Vietnamese,positive,none,2026-05-20T16:26:00+08:00,true
REV000094,PROD0035,SKU00094,ORD000327,BUY00159,4,"Thiết kế thực tế, tôi hài lòng với sản phẩm này.",包装整洁，颜色与图片一致，性价比不错。,Vietnamese,positive,none,2026-03-25T10:53:00+08:00,true
REV000095,PROD0029,SKU00077,ORD000158,BUY00233,5,"Thiết kế thực tế, tôi hài lòng với sản phẩm này.",日常使用很方便，配送也较快。,Vietnamese,positive,none,2026-07-21T23:06:00+08:00,true
REV000096,PROD0082,SKU00217,ORD000348,BUY00297,3,สินค้าใช้งานได้ตามรายละเอียด แต่งานประกอบค่อนข้างธรรมดา,与价格基本相符，配送速度一般。,Thai,neutral,none,2026-05-17T15:32:00+08:00,true
REV000097,PROD0069,SKU00182,ORD000034,BUY00228,5,"Malinis ang packaging, tugma ang kulay sa larawan, at madaling gamitin.",包装整洁，颜色与图片一致，性价比不错。,Filipino,positive,none,2026-06-25T00:48:00+08:00,true
REV000098,PROD0059,SKU00157,ORD000077,BUY00039,4,"Đóng gói gọn gàng, màu giống hình và dễ sử dụng.",包装整洁，颜色与图片一致，性价比不错。,Vietnamese,positive,none,2026-04-12T22:39:00+08:00,true
REV000099,PROD0081,SKU00214,ORD000266,BUY00235,4,Tamang-tama ang sukat at mukhang matibay ang materyal.,包装整洁，颜色与图片一致，性价比不错。,Filipino,positive,none,2026-03-01T18:09:00+08:00,true
REV000100,PROD0097,SKU00254,ORD000248,BUY00283,2,The sizing runs smaller than the measurements shown. I hope the next batch improves.,问题处理速度较慢，希望改进。,English,negative,size,2026-04-02T03:07:00+08:00,true
REV000101,PROD0025,SKU00068,ORD000453,BUY00189,2,"The item was acceptable, but delivery was much later than promised. I hope the next batch improves.",收到的商品或配送服务未达到预期。,English,negative,logistics,2026-02-06T07:17:00+08:00,true
REV000102,PROD0058,SKU00154,ORD000446,BUY00296,2,ปัญหาไม่ซับซ้อน แต่ใช้เวลานานกว่าจะได้รับคำตอบที่ชัดเจน,商品存在质量或使用体验问题。,Thai,negative,customer_service,2026-03-12T00:25:00+08:00,true
REV000103,PROD0091,SKU00239,ORD000097,BUY00155,5,Works smoothly and feels sturdier than expected. This was after several days of use.,使用顺畅，做工比预期更结实。,English,positive,none,2026-06-13T05:20:00+08:00,true
REV000104,PROD0004,SKU00007,ORD000026,BUY00170,5,สินค้าใช้งานได้ดีและคุณภาพดีกว่าที่คาดไว้,日常使用很方便，配送也较快。,Thai,positive,none,2026-02-26T01:39:00+08:00,true
REV000105,PROD0092,SKU00243,ORD000151,BUY00146,5,"Pembungkusan kemas, warna sama seperti gambar dan mudah digunakan.",日常使用很方便，配送也较快。,Malay,positive,none,2026-02-16T11:42:00+08:00,true
REV000106,PROD0041,SKU00109,ORD000426,BUY00168,4,Kích thước phù hợp và chất liệu khá chắc chắn.,使用顺畅，做工比预期更结实。,Vietnamese,positive,none,2026-07-09T01:13:00+08:00,true
REV000107,PROD0087,SKU00231,ORD000048,BUY00296,5,"Malinis ang packaging, tugma ang kulay sa larawan, at madaling gamitin.",日常使用很方便，配送也较快。,Filipino,positive,none,2026-04-30T15:51:00+08:00,true
REV000108,PROD0063,SKU00169,ORD000359,BUY00186,3,Katanggap-tanggap sa presyo at normal ang tagal ng delivery.,功能符合描述，但做工比较普通。,Filipino,neutral,none,2026-04-06T09:29:00+08:00,true
REV000109,PROD0009,SKU00021,ORD000496,BUY00231,5,"Malinis ang packaging, tugma ang kulay sa larawan, at madaling gamitin.",使用顺畅，做工比预期更结实。,Filipino,positive,none,2026-05-20T16:03:00+08:00,true
REV000110,PROD0002,SKU00004,ORD000113,BUY00176,5,Reka bentuk praktikal dan saya berpuas hati dengan pembelian ini.,包装整洁，颜色与图片一致，性价比不错。,Malay,positive,none,2026-04-25T18:44:00+08:00,true
REV000111,PROD0036,SKU00096,ORD000487,BUY00194,5,"Desain praktis, saya puas dengan pembelian ini.",包装整洁，颜色与图片一致，性价比不错。,Indonesian,positive,none,2026-02-20T09:43:00+08:00,true
REV000112,PROD0043,SKU00115,ORD000468,BUY00118,1,Battery life is noticeably shorter than expected. Overall experience noted.,收到的商品或配送服务未达到预期。,English,negative,battery,2026-04-05T04:39:00+08:00,true
REV000113,PROD0022,SKU00061,ORD000377,BUY00120,5,แพ็กเรียบร้อย สีตรงกับรูป และใช้งานง่าย,包装整洁，颜色与图片一致，性价比不错。,Thai,positive,none,2026-05-10T12:59:00+08:00,true
REV000114,PROD0017,SKU00046,ORD000199,BUY00005,5,"Thiết kế thực tế, tôi hài lòng với sản phẩm này.",日常使用很方便，配送也较快。,Vietnamese,positive,none,2026-02-02T00:58:00+08:00,true
REV000115,PROD0043,SKU00117,ORD000134,BUY00317,4,Easy to use every day; delivery was also quicker than expected. This was after several days of use.,使用顺畅，做工比预期更结实。,English,positive,none,2026-06-08T18:11:00+08:00,true
REV000116,PROD0058,SKU00156,ORD000399,BUY00237,1,วัสดุบางกว่าที่เห็นในหน้ารายการสินค้า,收到的商品或配送服务未达到预期。,Thai,negative,material,2026-05-26T23:46:00+08:00,true
REV000117,PROD0065,SKU00175,ORD000371,BUY00241,4,"Thiết kế thực tế, tôi hài lòng với sản phẩm này.",使用顺畅，做工比预期更结实。,Vietnamese,positive,none,2026-04-06T05:08:00+08:00,true
REV000118,PROD0060,SKU00159,ORD000067,BUY00110,4,"Kemasan rapi, warna sesuai foto, dan mudah digunakan.",日常使用很方便，配送也较快。,Indonesian,positive,none,2026-01-27T05:00:00+08:00,true
REV000119,PROD0098,SKU00256,ORD000066,BUY00045,5,"Pembungkusan kemas, warna sama seperti gambar dan mudah digunakan.",日常使用很方便，配送也较快。,Malay,positive,none,2026-04-05T01:48:00+08:00,true
REV000120,PROD0004,SKU00009,ORD000130,BUY00279,5,ขนาดพอดีและวัสดุดูแข็งแรงสำหรับใช้ทุกวัน,包装整洁，颜色与图片一致，性价比不错。,Thai,positive,none,2026-06-14T17:35:00+08:00,true
REV000121,PROD0060,SKU00161,ORD000409,BUY00178,5,"Kemasan rapi, warna sesuai foto, dan mudah digunakan.",使用顺畅，做工比预期更结实。,Indonesian,positive,none,2026-05-12T13:44:00+08:00,true
REV000122,PROD0035,SKU00092,ORD000282,BUY00161,5,"Thiết kế thực tế, tôi hài lòng với sản phẩm này.",使用顺畅，做工比预期更结实。,Vietnamese,positive,none,2026-06-22T16:44:00+08:00,true
REV000123,PROD0060,SKU00158,ORD000140,BUY00030,2,Saya menerima variasi yang berbeda dari pilihan pesanan.,问题处理速度较慢，希望改进。,Indonesian,negative,wrong_item,2026-02-18T14:13:00+08:00,true
REV000124,PROD0080,SKU00210,ORD000161,BUY00218,5,"Pembungkusan kemas, warna sama seperti gambar dan mudah digunakan.",日常使用很方便，配送也较快。,Malay,positive,none,2026-01-22T05:10:00+08:00,true
REV000125,PROD0021,SKU00056,ORD000150,BUY00064,5,"Malinis ang packaging, tugma ang kulay sa larawan, at madaling gamitin.",包装整洁，颜色与图片一致，性价比不错。,Filipino,positive,none,2026-02-01T22:18:00+08:00,true
REV000126,PROD0063,SKU00169,ORD000359,BUY00186,5,Sulit sa presyo at mas mabilis dumating kaysa sa inaasahan.,包装整洁，颜色与图片一致，性价比不错。,Filipino,positive,none,2026-04-15T20:29:00+08:00,true
REV000127,PROD0079,SKU00206,ORD000097,BUY00155,5,The finish is clean and the size is exactly right for me.,日常使用很方便，配送也较快。,English,positive,none,2026-06-08T08:20:00+08:00,true
REV000128,PROD0060,SKU00161,ORD000294,BUY00222,5,Ukuran pas dan bahannya terasa kuat untuk dipakai sehari-hari.,包装整洁，颜色与图片一致，性价比不错。,Indonesian,positive,none,2026-05-29T08:34:00+08:00,true
REV000129,PROD0056,SKU00149,ORD000318,BUY00072,5,"Pembungkusan kemas, warna sama seperti gambar dan mudah digunakan.",使用顺畅，做工比预期更结实。,Malay,positive,none,2026-05-26T17:55:00+08:00,true
REV000130,PROD0017,SKU00044,ORD000249,BUY00200,5,"Đáng tiền, giao hàng cũng nhanh hơn dự kiến.",日常使用很方便，配送也较快。,Vietnamese,positive,none,2026-04-12T11:46:00+08:00,true
REV000131,PROD0091,SKU00241,ORD000126,BUY00243,4,Easy to use every day; delivery was also quicker than expected.,包装整洁，颜色与图片一致，性价比不错。,English,positive,none,2026-03-02T08:59:00+08:00,true
REV000132,PROD0070,SKU00187,ORD000429,BUY00284,3,สินค้าใช้งานได้ตามรายละเอียด แต่งานประกอบค่อนข้างธรรมดา,与价格基本相符，配送速度一般。,Thai,neutral,none,2026-02-20T16:10:00+08:00,true
REV000133,PROD0060,SKU00161,ORD000349,BUY00318,5,"Desain praktis, saya puas dengan pembelian ini.",包装整洁，颜色与图片一致，性价比不错。,Indonesian,positive,none,2026-03-28T08:52:00+08:00,true
REV000134,PROD0006,SKU00012,ORD000412,BUY00023,5,Ukuran pas dan bahannya terasa kuat untuk dipakai sehari-hari.,日常使用很方便，配送也较快。,Indonesian,positive,none,2026-04-04T08:39:00+08:00,true
REV000135,PROD0087,SKU00228,ORD000178,BUY00276,5,Maayos gamitin at mas matibay kaysa sa inaasahan ko.,包装整洁，颜色与图片一致，性价比不错。,Filipino,positive,none,2026-03-16T13:29:00+08:00,true
REV000136,PROD0095,SKU00251,ORD000351,BUY00140,4,Kích thước phù hợp và chất liệu khá chắc chắn.,包装整洁，颜色与图片一致，性价比不错。,Vietnamese,positive,none,2026-06-18T14:59:00+08:00,true
REV000137,PROD0060,SKU00161,ORD000349,BUY00318,2,Bahannya terasa lebih tipis daripada yang terlihat di halaman produk.,商品存在质量或使用体验问题。,Indonesian,negative,material,2026-03-31T10:52:00+08:00,true
REV000138,PROD0031,SKU00085,ORD000038,BUY00071,1,"The product is usable, but the outer box arrived crushed.",商品存在质量或使用体验问题。,English,negative,packaging,2026-04-04T15:58:00+08:00,true
REV000139,PROD0043,SKU00115,ORD000040,BUY00029,4,Works smoothly and feels sturdier than expected. Overall experience noted.,使用顺畅，做工比预期更结实。,English,positive,none,2026-03-16T08:57:00+08:00,true
REV000140,PROD0094,SKU00246,ORD000429,BUY00284,4,ดีไซน์ใช้งานได้จริง โดยรวมพอใจกับสินค้านี้,日常使用很方便，配送也较快。,Thai,positive,none,2026-02-12T17:10:00+08:00,true
REV000141,PROD0056,SKU00148,ORD000302,BUY00091,5,Reka bentuk praktikal dan saya berpuas hati dengan pembelian ini.,包装整洁，颜色与图片一致，性价比不错。,Malay,positive,none,2026-04-24T19:44:00+08:00,true
REV000142,PROD0079,SKU00207,ORD000169,BUY00170,2,"The issue was simple, but it took too long to get a clear reply. I hope the next batch improves.",商品存在质量或使用体验问题。,English,negative,customer_service,2026-05-02T09:52:00+08:00,true
REV000143,PROD0030,SKU00081,ORD000336,BUY00173,5,Produknya berfungsi baik dan kualitasnya lebih bagus dari perkiraan.,包装整洁，颜色与图片一致，性价比不错。,Indonesian,positive,none,2026-03-31T10:57:00+08:00,true
REV000144,PROD0030,SKU00082,ORD000200,BUY00153,1,Bahannya terasa lebih tipis daripada yang terlihat di halaman produk.,问题处理速度较慢，希望改进。,Indonesian,negative,material,2026-05-31T16:19:00+08:00,true
REV000145,PROD0030,SKU00080,ORD000485,BUY00247,5,"Harganya sepadan, pengiriman juga cukup cepat.",日常使用很方便，配送也较快。,Indonesian,positive,none,2026-05-04T00:14:00+08:00,true
REV000146,PROD0019,SKU00052,ORD000141,BUY00177,5,Very practical design. I would recommend it to friends.,日常使用很方便，配送也较快。,English,positive,none,2026-01-24T01:42:00+08:00,true
REV000147,PROD0091,SKU00240,ORD000146,BUY00043,4,The finish is clean and the size is exactly right for me. This was after several days of use.,日常使用很方便，配送也较快。,English,positive,none,2026-03-13T04:21:00+08:00,true
REV000148,PROD0032,SKU00086,ORD000329,BUY00288,2,"Masalahnya mudah, tetapi terlalu lama untuk menerima jawapan yang jelas.",商品存在质量或使用体验问题。,Malay,negative,customer_service,2026-06-19T15:39:00+08:00,true
REV000149,PROD0048,SKU00129,ORD000294,BUY00222,5,Produknya berfungsi baik dan kualitasnya lebih bagus dari perkiraan.,日常使用很方便，配送也较快。,Indonesian,positive,none,2026-05-15T12:34:00+08:00,true
REV000150,PROD0030,SKU00080,ORD000495,BUY00179,5,"Harganya sepadan, pengiriman juga cukup cepat.",日常使用很方便，配送也较快。,Indonesian,positive,none,2026-02-14T07:11:00+08:00,true
REV000151,PROD0018,SKU00049,ORD000330,BUY00052,5,"Desain praktis, saya puas dengan pembelian ini.",包装整洁，颜色与图片一致，性价比不错。,Indonesian,positive,none,2026-02-02T21:17:00+08:00,true
REV000152,PROD0038,SKU00104,ORD000175,BUY00214,5,Saiz sesuai dan bahan terasa kukuh untuk kegunaan harian.,包装整洁，颜色与图片一致，性价比不错。,Malay,positive,none,2026-04-22T00:43:00+08:00,true
REV000153,PROD0051,SKU00137,ORD000424,BUY00178,4,Sulit sa presyo at mas mabilis dumating kaysa sa inaasahan.,使用顺畅，做工比预期更结实。,Filipino,positive,none,2026-03-24T10:03:00+08:00,true
REV000154,PROD0043,SKU00118,ORD000045,BUY00126,5,"Good value, neat packaging, and the color matches the photos. I hope the next batch improves.",使用顺畅，做工比预期更结实。,English,positive,none,2026-06-07T13:31:00+08:00,true
REV000155,PROD0082,SKU00215,ORD000026,BUY00170,5,สินค้าใช้งานได้ดีและคุณภาพดีกว่าที่คาดไว้,包装整洁，颜色与图片一致，性价比不错。,Thai,positive,none,2026-03-05T11:39:00+08:00,true
REV000156,PROD0024,SKU00064,ORD000495,BUY00179,5,"Desain praktis, saya puas dengan pembelian ini.",包装整洁，颜色与图片一致，性价比不错。,Indonesian,positive,none,2026-02-12T22:11:00+08:00,true
REV000157,PROD0083,SKU00220,ORD000327,BUY00159,4,Kích thước phù hợp và chất liệu khá chắc chắn.,使用顺畅，做工比预期更结实。,Vietnamese,positive,none,2026-03-16T00:53:00+08:00,true
REV000158,PROD0069,SKU00182,ORD000129,BUY00173,3,Katanggap-tanggap sa presyo at normal ang tagal ng delivery.,功能符合描述，但做工比较普通。,Filipino,neutral,none,2026-06-06T01:15:00+08:00,true
REV000159,PROD0015,SKU00037,ORD000128,BUY00010,4,Praktikal ang disenyo at nasiyahan ako sa produktong ito.,使用顺畅，做工比预期更结实。,Filipino,positive,none,2026-01-31T11:51:00+08:00,true
REV000160,PROD0043,SKU00118,ORD000126,BUY00243,3,Acceptable for the price; delivery took the usual time.,与价格基本相符，配送速度一般。,English,neutral,none,2026-02-15T03:59:00+08:00,true
REV000161,PROD0025,SKU00068,ORD000473,BUY00218,5,Very practical design. I would recommend it to friends. Overall experience noted.,包装整洁，颜色与图片一致，性价比不错。,English,positive,none,2026-04-29T03:43:00+08:00,true
REV000162,PROD0097,SKU00255,ORD000322,BUY00098,5,"Good value, neat packaging, and the color matches the photos. I hope the next batch improves.",日常使用很方便，配送也较快。,English,positive,none,2026-03-03T19:55:00+08:00,true
REV000163,PROD0065,SKU00175,ORD000385,BUY00240,4,Sản phẩm hoạt động tốt và chất lượng tốt hơn mong đợi.,使用顺畅，做工比预期更结实。,Vietnamese,positive,none,2026-02-21T19:47:00+08:00,true
REV000164,PROD0095,SKU00251,ORD000103,BUY00288,4,"Đáng tiền, giao hàng cũng nhanh hơn dự kiến.",日常使用很方便，配送也较快。,Vietnamese,positive,none,2026-03-17T22:01:00+08:00,true
REV000165,PROD0037,SKU00100,ORD000075,BUY00020,5,Works smoothly and feels sturdier than expected. Overall experience noted.,日常使用很方便，配送也较快。,English,positive,none,2026-01-29T14:07:00+08:00,true
REV000166,PROD0043,SKU00115,ORD000040,BUY00029,5,Works smoothly and feels sturdier than expected.,使用顺畅，做工比预期更结实。,English,positive,none,2026-03-03T04:57:00+08:00,true
REV000167,PROD0082,SKU00218,ORD000130,BUY00279,5,ดีไซน์ใช้งานได้จริง โดยรวมพอใจกับสินค้านี้,包装整洁，颜色与图片一致，性价比不错。,Thai,positive,none,2026-06-19T16:35:00+08:00,true
REV000168,PROD0025,SKU00067,ORD000022,BUY00173,4,Works smoothly and feels sturdier than expected.,使用顺畅，做工比预期更结实。,English,positive,none,2026-02-25T15:44:00+08:00,true
REV000169,PROD0013,SKU00030,ORD000040,BUY00029,4,The finish is clean and the size is exactly right for me.,包装整洁，颜色与图片一致，性价比不错。,English,positive,none,2026-03-13T01:57:00+08:00,true
REV000170,PROD0036,SKU00096,ORD000039,BUY00221,5,"Desain praktis, saya puas dengan pembelian ini.",使用顺畅，做工比预期更结实。,Indonesian,positive,none,2026-06-14T19:43:00+08:00,true
REV000171,PROD0094,SKU00246,ORD000062,BUY00148,5,แพ็กเรียบร้อย สีตรงกับรูป และใช้งานง่าย,日常使用很方便，配送也较快。,Thai,positive,none,2026-05-07T18:48:00+08:00,true
REV000172,PROD0067,SKU00180,ORD000453,BUY00189,5,Very practical design. I would recommend it to friends. I hope the next batch improves.,包装整洁，颜色与图片一致，性价比不错。,English,positive,none,2026-02-03T07:17:00+08:00,true
REV000173,PROD0039,SKU00105,ORD000150,BUY00064,3,Gumagana ayon sa description pero simple lang ang finish.,与价格基本相符，配送速度一般。,Filipino,neutral,logistics,2026-01-16T14:18:00+08:00,true
REV000174,PROD0081,SKU00214,ORD000063,BUY00318,3,Katanggap-tanggap sa presyo at normal ang tagal ng delivery.,与价格基本相符，配送速度一般。,Filipino,neutral,packaging,2026-04-29T04:52:00+08:00,true
REV000175,PROD0025,SKU00068,ORD000453,BUY00189,1,"The item worked at first, but the build quality feels weak.",商品存在质量或使用体验问题。,English,negative,product_quality,2026-02-07T04:17:00+08:00,true
REV000176,PROD0073,SKU00192,ORD000415,BUY00305,5,The finish is clean and the size is exactly right for me. I hope the next batch improves.,包装整洁，颜色与图片一致，性价比不错。,English,positive,none,2026-06-09T13:16:00+08:00,true
REV000177,PROD0025,SKU00068,ORD000170,BUY00016,5,Easy to use every day; delivery was also quicker than expected.,日常使用很方便，配送也较快。,English,positive,none,2026-04-09T17:04:00+08:00,true
REV000178,PROD0078,SKU00204,ORD000317,BUY00234,3,"Produk berfungsi sesuai deskripsi, tetapi finishing-nya biasa saja.",功能符合描述，但做工比较普通。,Indonesian,neutral,none,2026-02-07T12:11:00+08:00,true
REV000179,PROD0041,SKU00110,ORD000207,BUY00089,5,"Thiết kế thực tế, tôi hài lòng với sản phẩm này.",使用顺畅，做工比预期更结实。,Vietnamese,positive,none,2026-05-28T01:26:00+08:00,true
REV000180,PROD0087,SKU00230,ORD000293,BUY00292,5,"Malinis ang packaging, tugma ang kulay sa larawan, at madaling gamitin.",包装整洁，颜色与图片一致，性价比不错。,Filipino,positive,none,2026-05-06T09:46:00+08:00,true
REV000181,PROD0015,SKU00039,ORD000193,BUY00201,5,"Malinis ang packaging, tugma ang kulay sa larawan, at madaling gamitin.",包装整洁，颜色与图片一致，性价比不错。,Filipino,positive,none,2026-06-11T22:00:00+08:00,true
REV000182,PROD0026,SKU00071,ORD000262,BUY00157,5,Produk berfungsi dengan baik dan kualitinya memuaskan.,使用顺畅，做工比预期更结实。,Malay,positive,none,2026-03-04T15:16:00+08:00,true
REV000183,PROD0055,SKU00146,ORD000093,BUY00183,3,"It works as described, though the finish is fairly basic. I hope the next batch improves.",与价格基本相符，配送速度一般。,English,neutral,none,2026-02-08T11:14:00+08:00,true
REV000184,PROD0081,SKU00214,ORD000063,BUY00318,4,Praktikal ang disenyo at nasiyahan ako sa produktong ito.,使用顺畅，做工比预期更结实。,Filipino,positive,none,2026-04-22T11:52:00+08:00,true
REV000185,PROD0079,SKU00206,ORD000437,BUY00022,4,Works smoothly and feels sturdier than expected. I hope the next batch improves.,使用顺畅，做工比预期更结实。,English,positive,none,2026-07-06T22:17:00+08:00,true
REV000186,PROD0039,SKU00105,ORD000150,BUY00064,3,Gumagana ayon sa description pero simple lang ang finish.,与价格基本相符，配送速度一般。,Filipino,neutral,none,2026-01-25T20:18:00+08:00,true
REV000187,PROD0047,SKU00126,ORD000217,BUY00041,4,Sản phẩm hoạt động tốt và chất lượng tốt hơn mong đợi.,日常使用很方便，配送也较快。,Vietnamese,positive,none,2026-05-19T01:55:00+08:00,true
REV000188,PROD0011,SKU00025,ORD000380,BUY00019,5,"Thiết kế thực tế, tôi hài lòng với sản phẩm này.",使用顺畅，做工比预期更结实。,Vietnamese,positive,none,2026-07-02T02:36:00+08:00,true
REV000189,PROD0043,SKU00117,ORD000248,BUY00283,3,Acceptable for the price; delivery took the usual time. Overall experience noted.,功能符合描述，但做工比较普通。,English,neutral,packaging,2026-04-03T17:07:00+08:00,true
REV000190,PROD0091,SKU00239,ORD000045,BUY00126,5,Works smoothly and feels sturdier than expected.,使用顺畅，做工比预期更结实。,English,positive,none,2026-06-11T09:31:00+08:00,true
REV000191,PROD0048,SKU00129,ORD000020,BUY00051,5,Produknya berfungsi baik dan kualitasnya lebih bagus dari perkiraan.,日常使用很方便，配送也较快。,Indonesian,positive,none,2026-06-12T19:01:00+08:00,true
REV000192,PROD0069,SKU00182,ORD000034,BUY00228,4,Praktikal ang disenyo at nasiyahan ako sa produktong ito.,日常使用很方便，配送也较快。,Filipino,positive,none,2026-06-23T09:48:00+08:00,true
REV000193,PROD0031,SKU00084,ORD000243,BUY00263,5,Easy to use every day; delivery was also quicker than expected. I hope the next batch improves.,包装整洁，颜色与图片一致，性价比不错。,English,positive,none,2026-02-19T20:02:00+08:00,true
REV000194,PROD0055,SKU00145,ORD000473,BUY00218,5,Works smoothly and feels sturdier than expected. Overall experience noted.,使用顺畅，做工比预期更结实。,English,positive,none,2026-04-28T09:43:00+08:00,true
REV000195,PROD0098,SKU00256,ORD000113,BUY00176,5,Produk berfungsi dengan baik dan kualitinya memuaskan.,使用顺畅，做工比预期更结实。,Malay,positive,none,2026-04-08T12:44:00+08:00,true
REV000196,PROD0008,SKU00017,ORD000299,BUY00103,5,Produk berfungsi dengan baik dan kualitinya memuaskan.,使用顺畅，做工比预期更结实。,Malay,positive,none,2026-07-11T06:41:00+08:00,true
REV000197,PROD0009,SKU00021,ORD000382,BUY00175,5,Praktikal ang disenyo at nasiyahan ako sa produktong ito.,包装整洁，颜色与图片一致，性价比不错。,Filipino,positive,none,2026-05-17T13:46:00+08:00,true
REV000198,PROD0047,SKU00128,ORD000380,BUY00019,5,"Đóng gói gọn gàng, màu giống hình và dễ sử dụng.",使用顺畅，做工比预期更结实。,Vietnamese,positive,none,2026-06-25T23:36:00+08:00,true
REV000199,PROD0013,SKU00031,ORD000001,BUY00155,5,The finish is clean and the size is exactly right for me.,包装整洁，颜色与图片一致，性价比不错。,English,positive,none,2026-06-22T06:48:00+08:00,true
REV000200,PROD0058,SKU00154,ORD000429,BUY00284,4,แพ็กเรียบร้อย สีตรงกับรูป และใช้งานง่าย,日常使用很方便，配送也较快。,Thai,positive,none,2026-02-09T19:10:00+08:00,true
REV000201,PROD0027,SKU00074,ORD000251,BUY00310,5,Tamang-tama ang sukat at mukhang matibay ang materyal.,使用顺畅，做工比预期更结实。,Filipino,positive,none,2026-05-30T15:46:00+08:00,true
REV000202,PROD0094,SKU00246,ORD000062,BUY00148,2,วัสดุบางกว่าที่เห็นในหน้ารายการสินค้า,问题处理速度较慢，希望改进。,Thai,negative,material,2026-05-12T23:48:00+08:00,true
REV000203,PROD0089,SKU00234,ORD000002,BUY00142,5,"Đóng gói gọn gàng, màu giống hình và dễ sử dụng.",包装整洁，颜色与图片一致，性价比不错。,Vietnamese,positive,none,2026-06-23T06:17:00+08:00,true
REV000204,PROD0027,SKU00074,ORD000424,BUY00178,4,Tamang-tama ang sukat at mukhang matibay ang materyal.,使用顺畅，做工比预期更结实。,Filipino,positive,none,2026-04-05T19:03:00+08:00,true
REV000205,PROD0062,SKU00164,ORD000113,BUY00176,5,Reka bentuk praktikal dan saya berpuas hati dengan pembelian ini.,使用顺畅，做工比预期更结实。,Malay,positive,none,2026-04-08T23:44:00+08:00,true
REV000206,PROD0044,SKU00119,ORD000381,BUY00112,5,"Pembungkusan kemas, warna sama seperti gambar dan mudah digunakan.",包装整洁，颜色与图片一致，性价比不错。,Malay,positive,none,2026-03-10T16:26:00+08:00,true
REV000207,PROD0030,SKU00081,ORD000336,BUY00173,5,Ukuran pas dan bahannya terasa kuat untuk dipakai sehari-hari.,包装整洁，颜色与图片一致，性价比不错。,Indonesian,positive,none,2026-04-18T16:57:00+08:00,true
REV000208,PROD0068,SKU00181,ORD000414,BUY00059,5,Reka bentuk praktikal dan saya berpuas hati dengan pembelian ini.,日常使用很方便，配送也较快。,Malay,positive,none,2026-05-24T23:12:00+08:00,true
REV000209,PROD0046,SKU00122,ORD000363,BUY00166,5,สินค้าใช้งานได้ดีและคุณภาพดีกว่าที่คาดไว้,使用顺畅，做工比预期更结实。,Thai,positive,none,2026-05-05T08:00:00+08:00,true
REV000210,PROD0090,SKU00235,ORD000140,BUY00030,5,"Kemasan rapi, warna sesuai foto, dan mudah digunakan.",使用顺畅，做工比预期更结实。,Indonesian,positive,none,2026-02-21T14:13:00+08:00,true
REV000211,PROD0036,SKU00097,ORD000487,BUY00194,5,"Desain praktis, saya puas dengan pembelian ini.",使用顺畅，做工比预期更结实。,Indonesian,positive,none,2026-02-17T14:43:00+08:00,true
REV000212,PROD0025,SKU00067,ORD000373,BUY00037,5,"Good value, neat packaging, and the color matches the photos. This was after several days of use.",包装整洁，颜色与图片一致，性价比不错。,English,positive,none,2026-03-23T20:31:00+08:00,true
REV000213,PROD0057,SKU00151,ORD000378,BUY00028,5,Maayos gamitin at mas matibay kaysa sa inaasahan ko.,包装整洁，颜色与图片一致，性价比不错。,Filipino,positive,none,2026-04-23T20:10:00+08:00,true
REV000214,PROD0068,SKU00181,ORD000414,BUY00059,5,"Pembungkusan kemas, warna sama seperti gambar dan mudah digunakan.",日常使用很方便，配送也较快。,Malay,positive,none,2026-05-06T19:12:00+08:00,true
REV000215,PROD0056,SKU00148,ORD000029,BUY00194,4,"Berbaloi dengan harga, penghantaran juga lebih cepat daripada jangkaan.",包装整洁，颜色与图片一致，性价比不错。,Malay,positive,none,2026-06-08T18:05:00+08:00,true
REV000216,PROD0066,SKU00177,ORD000485,BUY00247,4,Produknya berfungsi baik dan kualitasnya lebih bagus dari perkiraan.,包装整洁，颜色与图片一致，性价比不错。,Indonesian,positive,none,2026-05-13T22:14:00+08:00,true
REV000217,PROD0043,SKU00117,ORD000156,BUY00076,5,The finish is clean and the size is exactly right for me. This was after several days of use.,包装整洁，颜色与图片一致，性价比不错。,English,positive,none,2026-06-04T14:55:00+08:00,true
REV000218,PROD0011,SKU00025,ORD000398,BUY00262,5,Sản phẩm hoạt động tốt và chất lượng tốt hơn mong đợi.,日常使用很方便，配送也较快。,Vietnamese,positive,none,2026-03-26T04:13:00+08:00,true
REV000219,PROD0025,SKU00068,ORD000453,BUY00189,5,The finish is clean and the size is exactly right for me. This was after several days of use.,使用顺畅，做工比预期更结实。,English,positive,none,2026-02-04T12:17:00+08:00,true
REV000220,PROD0045,SKU00121,ORD000129,BUY00173,5,Praktikal ang disenyo at nasiyahan ako sa produktong ito.,使用顺畅，做工比预期更结实。,Filipino,positive,none,2026-05-29T08:15:00+08:00,true
REV000221,PROD0023,SKU00063,ORD000052,BUY00270,5,Kích thước phù hợp và chất liệu khá chắc chắn.,使用顺畅，做工比预期更结实。,Vietnamese,positive,none,2026-02-19T12:21:00+08:00,true
REV000222,PROD0071,SKU00188,ORD000460,BUY00205,4,"Đóng gói gọn gàng, màu giống hình và dễ sử dụng.",使用顺畅，做工比预期更结实。,Vietnamese,positive,none,2026-02-01T18:37:00+08:00,true
REV000223,PROD0059,SKU00157,ORD000077,BUY00039,5,"Đóng gói gọn gàng, màu giống hình và dễ sử dụng.",日常使用很方便，配送也较快。,Vietnamese,positive,none,2026-04-13T07:39:00+08:00,true
REV000224,PROD0047,SKU00126,ORD000217,BUY00041,4,"Thiết kế thực tế, tôi hài lòng với sản phẩm này.",使用顺畅，做工比预期更结实。,Vietnamese,positive,none,2026-05-29T17:55:00+08:00,true
REV000225,PROD0012,SKU00027,ORD000418,BUY00164,5,Ukuran pas dan bahannya terasa kuat untuk dipakai sehari-hari.,包装整洁，颜色与图片一致，性价比不错。,Indonesian,positive,none,2026-02-22T14:44:00+08:00,true
REV000226,PROD0062,SKU00164,ORD000085,BUY00251,5,Produk berfungsi dengan baik dan kualitinya memuaskan.,包装整洁，颜色与图片一致，性价比不错。,Malay,positive,none,2026-07-25T07:14:00+08:00,true
REV000227,PROD0055,SKU00146,ORD000170,BUY00016,5,The finish is clean and the size is exactly right for me. This was after several days of use.,使用顺畅，做工比预期更结实。,English,positive,none,2026-04-12T05:04:00+08:00,true
REV000228,PROD0098,SKU00257,ORD000135,BUY00225,5,Produk berfungsi dengan baik dan kualitinya memuaskan.,包装整洁，颜色与图片一致，性价比不错。,Malay,positive,none,2026-05-27T15:29:00+08:00,true
REV000229,PROD0011,SKU00025,ORD000103,BUY00288,4,"Thiết kế thực tế, tôi hài lòng với sản phẩm này.",使用顺畅，做工比预期更结实。,Vietnamese,positive,none,2026-03-10T17:01:00+08:00,true
REV000230,PROD0043,SKU00115,ORD000040,BUY00029,4,Easy to use every day; delivery was also quicker than expected. I hope the next batch improves.,日常使用很方便，配送也较快。,English,positive,none,2026-03-02T17:57:00+08:00,true
REV000231,PROD0009,SKU00021,ORD000181,BUY00031,4,"Malinis ang packaging, tugma ang kulay sa larawan, at madaling gamitin.",包装整洁，颜色与图片一致，性价比不错。,Filipino,positive,none,2026-02-19T01:27:00+08:00,true
REV000232,PROD0035,SKU00095,ORD000249,BUY00200,4,"Đóng gói gọn gàng, màu giống hình và dễ sử dụng.",包装整洁，颜色与图片一致，性价比不错。,Vietnamese,positive,none,2026-04-13T04:46:00+08:00,true
REV000233,PROD0020,SKU00055,ORD000012,BUY00315,5,Produk berfungsi dengan baik dan kualitinya memuaskan.,使用顺畅，做工比预期更结实。,Malay,positive,none,2026-05-14T01:11:00+08:00,true
REV000234,PROD0089,SKU00234,ORD000249,BUY00200,5,"Thiết kế thực tế, tôi hài lòng với sản phẩm này.",日常使用很方便，配送也较快。,Vietnamese,positive,none,2026-04-22T21:46:00+08:00,true
REV000235,PROD0016,SKU00042,ORD000328,BUY00283,4,คุ้มค่ากับราคา การจัดส่งเร็วกว่าที่คิด,使用顺畅，做工比预期更结实。,Thai,positive,none,2026-04-01T09:07:00+08:00,true
REV000236,PROD0095,SKU00251,ORD000102,BUY00135,5,"Đóng gói gọn gàng, màu giống hình và dễ sử dụng.",使用顺畅，做工比预期更结实。,Vietnamese,positive,none,2026-05-24T03:21:00+08:00,true
REV000237,PROD0010,SKU00024,ORD000446,BUY00296,5,คุ้มค่ากับราคา การจัดส่งเร็วกว่าที่คิด,日常使用很方便，配送也较快。,Thai,positive,none,2026-03-12T05:25:00+08:00,true
REV000238,PROD0072,SKU00191,ORD000349,BUY00318,2,Bahannya terasa lebih tipis daripada yang terlihat di halaman produk.,问题处理速度较慢，希望改进。,Indonesian,negative,material,2026-04-02T18:52:00+08:00,true
REV000239,PROD0067,SKU00180,ORD000221,BUY00103,5,"Good value, neat packaging, and the color matches the photos. This was after several days of use.",包装整洁，颜色与图片一致，性价比不错。,English,positive,none,2026-07-08T22:23:00+08:00,true
REV000240,PROD0042,SKU00111,ORD000092,BUY00203,5,Ukuran pas dan bahannya terasa kuat untuk dipakai sehari-hari.,包装整洁，颜色与图片一致，性价比不错。,Indonesian,positive,none,2026-06-18T08:30:00+08:00,true
REV000241,PROD0085,SKU00225,ORD000379,BUY00103,5,Works smoothly and feels sturdier than expected.,包装整洁，颜色与图片一致，性价比不错。,English,positive,none,2026-02-19T13:44:00+08:00,true
REV000242,PROD0087,SKU00230,ORD000171,BUY00187,2,Ibang variation ang natanggap ko kaysa sa inorder.,问题处理速度较慢，希望改进。,Filipino,negative,wrong_item,2026-04-18T16:45:00+08:00,true
REV000243,PROD0035,SKU00093,ORD000493,BUY00135,4,Sản phẩm hoạt động tốt và chất lượng tốt hơn mong đợi.,日常使用很方便，配送也较快。,Vietnamese,positive,none,2026-04-07T21:00:00+08:00,true
REV000244,PROD0023,SKU00063,ORD000052,BUY00270,5,Sản phẩm hoạt động tốt và chất lượng tốt hơn mong đợi.,包装整洁，颜色与图片一致，性价比不错。,Vietnamese,positive,none,2026-02-25T17:21:00+08:00,true
REV000245,PROD0095,SKU00251,ORD000403,BUY00311,5,Sản phẩm hoạt động tốt và chất lượng tốt hơn mong đợi.,日常使用很方便，配送也较快。,Vietnamese,positive,none,2026-02-26T16:09:00+08:00,true
REV000246,PROD0055,SKU00145,ORD000043,BUY00282,4,The finish is clean and the size is exactly right for me. This was after several days of use.,包装整洁，颜色与图片一致，性价比不错。,English,positive,none,2026-05-20T01:19:00+08:00,true
REV000247,PROD0068,SKU00181,ORD000414,BUY00059,5,Produk berfungsi dengan baik dan kualitinya memuaskan.,日常使用很方便，配送也较快。,Malay,positive,none,2026-05-11T03:12:00+08:00,true
REV000248,PROD0001,SKU00001,ORD000271,BUY00224,5,"Good value, neat packaging, and the color matches the photos. Overall experience noted.",包装整洁，颜色与图片一致，性价比不错。,English,positive,none,2026-06-17T22:09:00+08:00,true
REV000249,PROD0095,SKU00250,ORD000274,BUY00118,5,"Thiết kế thực tế, tôi hài lòng với sản phẩm này.",日常使用很方便，配送也较快。,Vietnamese,positive,none,2026-06-08T21:49:00+08:00,true
REV000250,PROD0082,SKU00216,ORD000247,BUY00240,5,ขนาดพอดีและวัสดุดูแข็งแรงสำหรับใช้ทุกวัน,日常使用很方便，配送也较快。,Thai,positive,none,2026-03-29T07:26:00+08:00,true
REV000251,PROD0066,SKU00176,ORD000099,BUY00085,5,"Harganya sepadan, pengiriman juga cukup cepat.",包装整洁，颜色与图片一致，性价比不错。,Indonesian,positive,none,2026-04-18T21:22:00+08:00,true
REV000252,PROD0069,SKU00183,ORD000137,BUY00107,4,"Malinis ang packaging, tugma ang kulay sa larawan, at madaling gamitin.",日常使用很方便，配送也较快。,Filipino,positive,none,2026-03-30T15:11:00+08:00,true
REV000253,PROD0094,SKU00245,ORD000089,BUY00105,5,แพ็กเรียบร้อย สีตรงกับรูป และใช้งานง่าย,包装整洁，颜色与图片一致，性价比不错。,Thai,positive,none,2026-04-01T22:08:00+08:00,true
REV000254,PROD0009,SKU00019,ORD000046,BUY00303,5,"Malinis ang packaging, tugma ang kulay sa larawan, at madaling gamitin.",使用顺畅，做工比预期更结实。,Filipino,positive,none,2026-05-08T19:08:00+08:00,true
REV000255,PROD0071,SKU00189,ORD000493,BUY00135,5,"Thiết kế thực tế, tôi hài lòng với sản phẩm này.",包装整洁，颜色与图片一致，性价比不错。,Vietnamese,positive,none,2026-04-02T23:00:00+08:00,true
REV000256,PROD0030,SKU00080,ORD000495,BUY00179,4,Produknya berfungsi baik dan kualitasnya lebih bagus dari perkiraan.,包装整洁，颜色与图片一致，性价比不错。,Indonesian,positive,none,2026-01-29T15:11:00+08:00,true
REV000257,PROD0002,SKU00004,ORD000094,BUY00160,4,Reka bentuk praktikal dan saya berpuas hati dengan pembelian ini.,日常使用很方便，配送也较快。,Malay,positive,none,2026-05-19T11:21:00+08:00,true
REV000258,PROD0044,SKU00119,ORD000104,BUY00063,4,Saiz sesuai dan bahan terasa kukuh untuk kegunaan harian.,包装整洁，颜色与图片一致，性价比不错。,Malay,positive,none,2026-03-06T21:15:00+08:00,true
REV000259,PROD0060,SKU00159,ORD000067,BUY00110,2,"Masalahnya sederhana, tetapi balasan yang jelas datang terlalu lama.",收到的商品或配送服务未达到预期。,Indonesian,negative,customer_service,2026-02-06T04:00:00+08:00,true
REV000260,PROD0079,SKU00206,ORD000097,BUY00155,5,Very practical design. I would recommend it to friends. This was after several days of use.,包装整洁，颜色与图片一致，性价比不错。,English,positive,none,2026-06-23T02:20:00+08:00,true
REV000261,PROD0025,SKU00066,ORD000005,BUY00110,5,"Good value, neat packaging, and the color matches the photos.",包装整洁，颜色与图片一致，性价比不错。,English,positive,none,2026-02-13T11:57:00+08:00,true
REV000262,PROD0039,SKU00105,ORD000378,BUY00028,4,Tamang-tama ang sukat at mukhang matibay ang materyal.,包装整洁，颜色与图片一致，性价比不错。,Filipino,positive,none,2026-04-26T11:10:00+08:00,true
REV000263,PROD0011,SKU00025,ORD000157,BUY00261,5,"Đóng gói gọn gàng, màu giống hình và dễ sử dụng.",包装整洁，颜色与图片一致，性价比不错。,Vietnamese,positive,none,2026-05-16T11:30:00+08:00,true
REV000264,PROD0030,SKU00080,ORD000315,BUY00275,5,"Desain praktis, saya puas dengan pembelian ini.",使用顺畅，做工比预期更结实。,Indonesian,positive,none,2026-05-09T18:07:00+08:00,true
REV000265,PROD0022,SKU00061,ORD000257,BUY00154,5,คุ้มค่ากับราคา การจัดส่งเร็วกว่าที่คิด,包装整洁，颜色与图片一致，性价比不错。,Thai,positive,none,2026-07-23T08:45:00+08:00,true
REV000266,PROD0079,SKU00207,ORD000169,BUY00170,5,Works smoothly and feels sturdier than expected.,使用顺畅，做工比预期更结实。,English,positive,none,2026-05-19T07:52:00+08:00,true
REV000267,PROD0005,SKU00010,ORD000397,BUY00046,5,"Đáng tiền, giao hàng cũng nhanh hơn dự kiến.",日常使用很方便，配送也较快。,Vietnamese,positive,none,2026-03-08T11:35:00+08:00,true
REV000268,PROD0095,SKU00251,ORD000074,BUY00017,3,"Chất lượng phù hợp với giá, thời gian giao hàng bình thường.",与价格基本相符，配送速度一般。,Vietnamese,neutral,none,2026-03-23T20:04:00+08:00,true
REV000269,PROD0071,SKU00190,ORD000321,BUY00285,3,"Chất lượng phù hợp với giá, thời gian giao hàng bình thường.",与价格基本相符，配送速度一般。,Vietnamese,neutral,none,2026-04-22T16:08:00+08:00,true
REV000270,PROD0094,SKU00246,ORD000062,BUY00148,5,ขนาดพอดีและวัสดุดูแข็งแรงสำหรับใช้ทุกวัน,使用顺畅，做工比预期更结实。,Thai,positive,none,2026-05-10T02:48:00+08:00,true
REV000271,PROD0083,SKU00220,ORD000327,BUY00159,5,"Thiết kế thực tế, tôi hài lòng với sản phẩm này.",包装整洁，颜色与图片一致，性价比不错。,Vietnamese,positive,none,2026-03-13T02:53:00+08:00,true
REV000272,PROD0012,SKU00026,ORD000090,BUY00251,5,"Desain praktis, saya puas dengan pembelian ini.",使用顺畅，做工比预期更结实。,Indonesian,positive,none,2026-01-31T10:56:00+08:00,true
REV000273,PROD0061,SKU00162,ORD000045,BUY00126,5,Very practical design. I would recommend it to friends. This was after several days of use.,使用顺畅，做工比预期更结实。,English,positive,none,2026-06-10T12:31:00+08:00,true
REV000274,PROD0041,SKU00109,ORD000438,BUY00247,5,"Đáng tiền, giao hàng cũng nhanh hơn dự kiến.",使用顺畅，做工比预期更结实。,Vietnamese,positive,none,2026-06-01T16:30:00+08:00,true
REV000275,PROD0063,SKU00168,ORD000366,BUY00056,5,Maayos gamitin at mas matibay kaysa sa inaasahan ko.,日常使用很方便，配送也较快。,Filipino,positive,none,2026-02-26T10:09:00+08:00,true
REV000276,PROD0073,SKU00194,ORD000473,BUY00218,5,Easy to use every day; delivery was also quicker than expected. I hope the next batch improves.,包装整洁，颜色与图片一致，性价比不错。,English,positive,none,2026-05-07T18:43:00+08:00,true
REV000277,PROD0064,SKU00172,ORD000133,BUY00132,4,แพ็กเรียบร้อย สีตรงกับรูป และใช้งานง่าย,日常使用很方便，配送也较快。,Thai,positive,none,2026-05-05T00:26:00+08:00,true
REV000278,PROD0063,SKU00170,ORD000036,BUY00047,4,Praktikal ang disenyo at nasiyahan ako sa produktong ito.,日常使用很方便，配送也较快。,Filipino,positive,none,2026-06-01T09:33:00+08:00,true
REV000279,PROD0091,SKU00239,ORD000097,BUY00155,5,"Good value, neat packaging, and the color matches the photos. I hope the next batch improves.",日常使用很方便，配送也较快。,English,positive,none,2026-06-15T15:20:00+08:00,true
REV000280,PROD0036,SKU00098,ORD000159,BUY00222,5,"Kemasan rapi, warna sesuai foto, dan mudah digunakan.",使用顺畅，做工比预期更结实。,Indonesian,positive,none,2026-06-06T08:13:00+08:00,true
REV000281,PROD0095,SKU00251,ORD000102,BUY00135,5,"Đáng tiền, giao hàng cũng nhanh hơn dự kiến.",包装整洁，颜色与图片一致，性价比不错。,Vietnamese,positive,none,2026-05-14T18:21:00+08:00,true
REV000282,PROD0027,SKU00075,ORD000367,BUY00085,5,Maayos gamitin at mas matibay kaysa sa inaasahan ko.,包装整洁，颜色与图片一致，性价比不错。,Filipino,positive,none,2026-03-31T08:21:00+08:00,true
REV000283,PROD0073,SKU00192,ORD000270,BUY00287,4,Easy to use every day; delivery was also quicker than expected. Overall experience noted.,使用顺畅，做工比预期更结实。,English,positive,none,2026-04-23T09:06:00+08:00,true
REV000284,PROD0056,SKU00147,ORD000012,BUY00315,5,Saiz sesuai dan bahan terasa kukuh untuk kegunaan harian.,包装整洁，颜色与图片一致，性价比不错。,Malay,positive,none,2026-05-23T08:11:00+08:00,true
REV000285,PROD0025,SKU00067,ORD000022,BUY00173,3,Acceptable for the price; delivery took the usual time. I hope the next batch improves.,与价格基本相符，配送速度一般。,English,neutral,none,2026-02-17T01:44:00+08:00,true
REV000286,PROD0074,SKU00195,ORD000082,BUY00209,3,"Produk berfungsi seperti diterangkan, tetapi kemasannya biasa sahaja.",与价格基本相符，配送速度一般。,Malay,neutral,none,2026-03-27T05:56:00+08:00,true
REV000287,PROD0027,SKU00074,ORD000424,BUY00178,5,Maayos gamitin at mas matibay kaysa sa inaasahan ko.,包装整洁，颜色与图片一致，性价比不错。,Filipino,positive,none,2026-03-27T04:03:00+08:00,true
REV000288,PROD0038,SKU00103,ORD000082,BUY00209,4,Reka bentuk praktikal dan saya berpuas hati dengan pembelian ini.,使用顺畅，做工比预期更结实。,Malay,positive,none,2026-03-30T15:56:00+08:00,true
REV000289,PROD0079,SKU00207,ORD000292,BUY00074,5,Very practical design. I would recommend it to friends. I hope the next batch improves.,包装整洁，颜色与图片一致，性价比不错。,English,positive,none,2026-03-26T08:07:00+08:00,true
REV000290,PROD0018,SKU00048,ORD000464,BUY00236,5,"Desain praktis, saya puas dengan pembelian ini.",包装整洁，颜色与图片一致，性价比不错。,Indonesian,positive,none,2026-04-01T19:15:00+08:00,true
REV000291,PROD0041,SKU00109,ORD000426,BUY00168,4,Kích thước phù hợp và chất liệu khá chắc chắn.,使用顺畅，做工比预期更结实。,Vietnamese,positive,none,2026-07-13T08:13:00+08:00,true
REV000292,PROD0095,SKU00249,ORD000027,BUY00085,4,"Đáng tiền, giao hàng cũng nhanh hơn dự kiến.",包装整洁，颜色与图片一致，性价比不错。,Vietnamese,positive,none,2026-05-23T20:39:00+08:00,true
REV000293,PROD0087,SKU00230,ORD000063,BUY00318,5,"Malinis ang packaging, tugma ang kulay sa larawan, at madaling gamitin.",包装整洁，颜色与图片一致，性价比不错。,Filipino,positive,none,2026-04-27T04:52:00+08:00,true
REV000294,PROD0029,SKU00079,ORD000074,BUY00017,4,"Thiết kế thực tế, tôi hài lòng với sản phẩm này.",包装整洁，颜色与图片一致，性价比不错。,Vietnamese,positive,none,2026-03-19T15:04:00+08:00,true
REV000295,PROD0093,SKU00244,ORD000461,BUY00241,5,Praktikal ang disenyo at nasiyahan ako sa produktong ito.,使用顺畅，做工比预期更结实。,Filipino,positive,none,2026-05-21T02:12:00+08:00,true
REV000296,PROD0055,SKU00146,ORD000170,BUY00016,5,The finish is clean and the size is exactly right for me. This was after several days of use.,使用顺畅，做工比预期更结实。,English,positive,none,2026-04-01T02:04:00+08:00,true
REV000297,PROD0019,SKU00051,ORD000322,BUY00098,5,Very practical design. I would recommend it to friends. This was after several days of use.,日常使用很方便，配送也较快。,English,positive,none,2026-03-18T17:55:00+08:00,true
REV000298,PROD0076,SKU00200,ORD000343,BUY00010,5,ดีไซน์ใช้งานได้จริง โดยรวมพอใจกับสินค้านี้,使用顺畅，做工比预期更结实。,Thai,positive,none,2026-05-24T06:26:00+08:00,true
REV000299,PROD0040,SKU00107,ORD000295,BUY00007,4,สินค้าใช้งานได้ดีและคุณภาพดีกว่าที่คาดไว้,包装整洁，颜色与图片一致，性价比不错。,Thai,positive,none,2026-07-04T11:40:00+08:00,true
REV000300,PROD0048,SKU00130,ORD000354,BUY00184,5,"Harganya sepadan, pengiriman juga cukup cepat.",日常使用很方便，配送也较快。,Indonesian,positive,none,2026-04-07T12:38:00+08:00,true
REV000301,PROD0073,SKU00192,ORD000441,BUY00220,5,Easy to use every day; delivery was also quicker than expected.,包装整洁，颜色与图片一致，性价比不错。,English,positive,none,2026-04-22T09:38:00+08:00,true
REV000302,PROD0015,SKU00036,ORD000266,BUY00235,5,Praktikal ang disenyo at nasiyahan ako sa produktong ito.,使用顺畅，做工比预期更结实。,Filipino,positive,none,2026-03-13T19:09:00+08:00,true
REV000303,PROD0014,SKU00033,ORD000416,BUY00200,5,"Pembungkusan kemas, warna sama seperti gambar dan mudah digunakan.",使用顺畅，做工比预期更结实。,Malay,positive,none,2026-06-16T11:02:00+08:00,true
REV000304,PROD0062,SKU00167,ORD000085,BUY00251,5,Reka bentuk praktikal dan saya berpuas hati dengan pembelian ini.,日常使用很方便，配送也较快。,Malay,positive,none,2026-07-20T23:14:00+08:00,true
REV000305,PROD0030,SKU00083,ORD000240,BUY00159,4,"Kemasan rapi, warna sesuai foto, dan mudah digunakan.",日常使用很方便，配送也较快。,Indonesian,positive,none,2026-05-01T08:34:00+08:00,true
REV000306,PROD0095,SKU00251,ORD000250,BUY00046,5,"Đóng gói gọn gàng, màu giống hình và dễ sử dụng.",日常使用很方便，配送也较快。,Vietnamese,positive,none,2026-02-23T06:41:00+08:00,true
REV000307,PROD0081,SKU00214,ORD000063,BUY00318,4,"Malinis ang packaging, tugma ang kulay sa larawan, at madaling gamitin.",包装整洁，颜色与图片一致，性价比不错。,Filipino,positive,none,2026-04-26T06:52:00+08:00,true
REV000308,PROD0092,SKU00243,ORD000082,BUY00209,5,"Pembungkusan kemas, warna sama seperti gambar dan mudah digunakan.",包装整洁，颜色与图片一致，性价比不错。,Malay,positive,none,2026-03-25T23:56:00+08:00,true
REV000309,PROD0063,SKU00170,ORD000191,BUY00234,5,Maayos gamitin at mas matibay kaysa sa inaasahan ko.,使用顺畅，做工比预期更结实。,Filipino,positive,none,2026-07-06T05:32:00+08:00,true
REV000310,PROD0090,SKU00238,ORD000464,BUY00236,2,"Barang sempat berfungsi, tetapi kualitas rakitannya terasa kurang kuat.",收到的商品或配送服务未达到预期。,Indonesian,negative,product_quality,2026-04-10T19:15:00+08:00,true
REV000311,PROD0082,SKU00216,ORD000295,BUY00007,5,ขนาดพอดีและวัสดุดูแข็งแรงสำหรับใช้ทุกวัน,包装整洁，颜色与图片一致，性价比不错。,Thai,positive,none,2026-07-02T08:40:00+08:00,true
REV000312,PROD0039,SKU00105,ORD000150,BUY00064,5,Praktikal ang disenyo at nasiyahan ako sa produktong ito.,使用顺畅，做工比预期更结实。,Filipino,positive,none,2026-01-18T01:18:00+08:00,true
REV000313,PROD0042,SKU00114,ORD000285,BUY00089,2,Saya menerima variasi yang berbeda dari pilihan pesanan.,商品存在质量或使用体验问题。,Indonesian,negative,wrong_item,2026-07-13T17:10:00+08:00,true
REV000314,PROD0090,SKU00238,ORD000004,BUY00135,4,"Harganya sepadan, pengiriman juga cukup cepat.",使用顺畅，做工比预期更结实。,Indonesian,positive,none,2026-05-11T06:47:00+08:00,true
REV000315,PROD0079,SKU00207,ORD000400,BUY00123,5,The finish is clean and the size is exactly right for me. I hope the next batch improves.,包装整洁，颜色与图片一致，性价比不错。,English,positive,none,2026-02-08T00:30:00+08:00,true
REV000316,PROD0074,SKU00196,ORD000205,BUY00202,5,Saiz sesuai dan bahan terasa kukuh untuk kegunaan harian.,包装整洁，颜色与图片一致，性价比不错。,Malay,positive,none,2026-02-17T00:09:00+08:00,true
REV000317,PROD0098,SKU00258,ORD000381,BUY00112,5,Saiz sesuai dan bahan terasa kukuh untuk kegunaan harian.,使用顺畅，做工比预期更结实。,Malay,positive,none,2026-03-05T15:26:00+08:00,true
REV000318,PROD0013,SKU00031,ORD000005,BUY00110,5,Works smoothly and feels sturdier than expected.,日常使用很方便，配送也较快。,English,positive,none,2026-02-14T05:57:00+08:00,true
REV000319,PROD0063,SKU00170,ORD000191,BUY00234,4,Praktikal ang disenyo at nasiyahan ako sa produktong ito.,日常使用很方便，配送也较快。,Filipino,positive,none,2026-07-06T06:32:00+08:00,true
REV000320,PROD0061,SKU00163,ORD000280,BUY00006,5,Works smoothly and feels sturdier than expected. I hope the next batch improves.,使用顺畅，做工比预期更结实。,English,positive,none,2026-06-15T12:37:00+08:00,true
REV000321,PROD0039,SKU00106,ORD000266,BUY00235,4,Praktikal ang disenyo at nasiyahan ako sa produktong ito.,包装整洁，颜色与图片一致，性价比不错。,Filipino,positive,none,2026-03-04T17:09:00+08:00,true
REV000322,PROD0091,SKU00240,ORD000146,BUY00043,5,"Good value, neat packaging, and the color matches the photos. I hope the next batch improves.",使用顺畅，做工比预期更结实。,English,positive,none,2026-02-22T23:21:00+08:00,true
REV000323,PROD0031,SKU00085,ORD000422,BUY00095,5,The finish is clean and the size is exactly right for me.,使用顺畅，做工比预期更结实。,English,positive,none,2026-04-02T16:31:00+08:00,true
REV000324,PROD0043,SKU00117,ORD000126,BUY00243,5,"Good value, neat packaging, and the color matches the photos. I hope the next batch improves.",包装整洁，颜色与图片一致，性价比不错。,English,positive,none,2026-02-24T16:59:00+08:00,true
REV000325,PROD0073,SKU00194,ORD000342,BUY00209,4,"Good value, neat packaging, and the color matches the photos. Overall experience noted.",使用顺畅，做工比预期更结实。,English,positive,none,2026-07-10T11:52:00+08:00,true
REV000326,PROD0091,SKU00239,ORD000001,BUY00155,3,Acceptable for the price; delivery took the usual time.,与价格基本相符，配送速度一般。,English,neutral,none,2026-06-18T03:48:00+08:00,true
REV000327,PROD0043,SKU00116,ORD000379,BUY00103,5,The finish is clean and the size is exactly right for me. This was after several days of use.,日常使用很方便，配送也较快。,English,positive,none,2026-02-18T04:44:00+08:00,true
REV000328,PROD0016,SKU00041,ORD000363,BUY00166,2,สินค้ายังใช้ได้ แต่กล่องด้านนอกมาถึงในสภาพบุบ,收到的商品或配送服务未达到预期。,Thai,negative,packaging,2026-04-29T13:00:00+08:00,true
REV000329,PROD0092,SKU00243,ORD000151,BUY00146,5,Produk berfungsi dengan baik dan kualitinya memuaskan.,使用顺畅，做工比预期更结实。,Malay,positive,none,2026-02-16T08:42:00+08:00,true
REV000330,PROD0049,SKU00132,ORD000146,BUY00043,3,Acceptable for the price; delivery took the usual time.,功能符合描述，但做工比较普通。,English,neutral,none,2026-03-07T07:21:00+08:00,true
REV000331,PROD0091,SKU00242,ORD000358,BUY00073,4,The finish is clean and the size is exactly right for me. Overall experience noted.,日常使用很方便，配送也较快。,English,positive,none,2026-02-26T01:48:00+08:00,true
REV000332,PROD0079,SKU00207,ORD000292,BUY00074,4,"Good value, neat packaging, and the color matches the photos. This was after several days of use.",使用顺畅，做工比预期更结实。,English,positive,none,2026-03-11T13:07:00+08:00,true
REV000333,PROD0064,SKU00171,ORD000055,BUY00195,5,สินค้าใช้งานได้ดีและคุณภาพดีกว่าที่คาดไว้,日常使用很方便，配送也较快。,Thai,positive,none,2026-02-21T12:37:00+08:00,true
REV000334,PROD0063,SKU00168,ORD000114,BUY00299,5,"Malinis ang packaging, tugma ang kulay sa larawan, at madaling gamitin.",包装整洁，颜色与图片一致，性价比不错。,Filipino,positive,none,2026-04-30T23:17:00+08:00,true
REV000335,PROD0086,SKU00227,ORD000396,BUY00314,5,Saiz sesuai dan bahan terasa kukuh untuk kegunaan harian.,使用顺畅，做工比预期更结实。,Malay,positive,none,2026-04-22T08:02:00+08:00,true
REV000336,PROD0094,SKU00246,ORD000101,BUY00031,5,คุ้มค่ากับราคา การจัดส่งเร็วกว่าที่คิด,日常使用很方便，配送也较快。,Thai,positive,none,2026-05-03T00:29:00+08:00,true
REV000337,PROD0057,SKU00151,ORD000378,BUY00028,5,"Malinis ang packaging, tugma ang kulay sa larawan, at madaling gamitin.",使用顺畅，做工比预期更结实。,Filipino,positive,none,2026-04-14T11:10:00+08:00,true
REV000338,PROD0043,SKU00116,ORD000379,BUY00103,2,"The item worked at first, but the build quality feels weak. Overall experience noted.",问题处理速度较慢，希望改进。,English,negative,product_quality,2026-02-26T07:44:00+08:00,true
REV000339,PROD0045,SKU00121,ORD000223,BUY00026,3,Katanggap-tanggap sa presyo at normal ang tagal ng delivery.,与价格基本相符，配送速度一般。,Filipino,neutral,packaging,2026-04-13T14:48:00+08:00,true
REV000340,PROD0084,SKU00221,ORD000016,BUY00083,5,"Kemasan rapi, warna sesuai foto, dan mudah digunakan.",日常使用很方便，配送也较快。,Indonesian,positive,none,2026-02-13T01:41:00+08:00,true
REV000341,PROD0008,SKU00018,ORD000456,BUY00199,4,"Berbaloi dengan harga, penghantaran juga lebih cepat daripada jangkaan.",包装整洁，颜色与图片一致，性价比不错。,Malay,positive,none,2026-06-23T03:01:00+08:00,true
REV000342,PROD0039,SKU00105,ORD000378,BUY00028,5,Maayos gamitin at mas matibay kaysa sa inaasahan ko.,使用顺畅，做工比预期更结实。,Filipino,positive,none,2026-04-24T05:10:00+08:00,true
REV000343,PROD0082,SKU00218,ORD000130,BUY00279,2,สินค้ายังใช้ได้ แต่กล่องด้านนอกมาถึงในสภาพบุบ,收到的商品或配送服务未达到预期。,Thai,negative,packaging,2026-06-29T12:35:00+08:00,true
REV000344,PROD0023,SKU00062,ORD000154,BUY00057,1,Sản phẩm vẫn dùng được nhưng hộp bên ngoài bị móp.,问题处理速度较慢，希望改进。,Vietnamese,negative,packaging,2026-06-11T11:10:00+08:00,true
REV000345,PROD0058,SKU00154,ORD000328,BUY00283,5,คุ้มค่ากับราคา การจัดส่งเร็วกว่าที่คิด,包装整洁，颜色与图片一致，性价比不错。,Thai,positive,none,2026-03-26T21:07:00+08:00,true
REV000346,PROD0071,SKU00190,ORD000321,BUY00285,5,"Đóng gói gọn gàng, màu giống hình và dễ sử dụng.",使用顺畅，做工比预期更结实。,Vietnamese,positive,none,2026-04-11T22:08:00+08:00,true
REV000347,PROD0029,SKU00077,ORD000327,BUY00159,4,"Thiết kế thực tế, tôi hài lòng với sản phẩm này.",包装整洁，颜色与图片一致，性价比不错。,Vietnamese,positive,none,2026-03-27T17:53:00+08:00,true
REV000348,PROD0094,SKU00245,ORD000391,BUY00168,4,แพ็กเรียบร้อย สีตรงกับรูป และใช้งานง่าย,包装整洁，颜色与图片一致，性价比不错。,Thai,positive,none,2026-06-30T23:54:00+08:00,true
REV000349,PROD0073,SKU00193,ORD000043,BUY00282,5,Works smoothly and feels sturdier than expected. Overall experience noted.,日常使用很方便，配送也较快。,English,positive,none,2026-06-06T05:19:00+08:00,true
REV000350,PROD0031,SKU00084,ORD000022,BUY00173,5,Easy to use every day; delivery was also quicker than expected. Overall experience noted.,日常使用很方便，配送也较快。,English,positive,none,2026-02-15T09:44:00+08:00,true
REV000351,PROD0044,SKU00119,ORD000381,BUY00112,4,"Pembungkusan kemas, warna sama seperti gambar dan mudah digunakan.",包装整洁，颜色与图片一致，性价比不错。,Malay,positive,none,2026-03-10T03:26:00+08:00,true
REV000352,PROD0087,SKU00230,ORD000063,BUY00318,2,Ibang variation ang natanggap ko kaysa sa inorder.,问题处理速度较慢，希望改进。,Filipino,negative,wrong_item,2026-04-25T01:52:00+08:00,true
REV000353,PROD0095,SKU00251,ORD000102,BUY00135,5,"Đáng tiền, giao hàng cũng nhanh hơn dự kiến.",日常使用很方便，配送也较快。,Vietnamese,positive,none,2026-05-29T11:21:00+08:00,true
REV000354,PROD0032,SKU00088,ORD000361,BUY00027,5,Reka bentuk praktikal dan saya berpuas hati dengan pembelian ini.,使用顺畅，做工比预期更结实。,Malay,positive,none,2026-05-18T11:51:00+08:00,true
REV000355,PROD0076,SKU00200,ORD000343,BUY00010,3,สินค้าใช้งานได้ตามรายละเอียด แต่งานประกอบค่อนข้างธรรมดา,功能符合描述，但做工比较普通。,Thai,neutral,none,2026-05-14T02:26:00+08:00,true
REV000356,PROD0031,SKU00084,ORD000022,BUY00173,4,"Good value, neat packaging, and the color matches the photos. Overall experience noted.",包装整洁，颜色与图片一致，性价比不错。,English,positive,none,2026-03-04T13:44:00+08:00,true
REV000357,PROD0094,SKU00245,ORD000391,BUY00168,3,สินค้าใช้งานได้ตามรายละเอียด แต่งานประกอบค่อนข้างธรรมดา,功能符合描述，但做工比较普通。,Thai,neutral,none,2026-06-27T02:54:00+08:00,true
REV000358,PROD0092,SKU00243,ORD000082,BUY00209,4,"Berbaloi dengan harga, penghantaran juga lebih cepat daripada jangkaan.",包装整洁，颜色与图片一致，性价比不错。,Malay,positive,none,2026-04-10T20:56:00+08:00,true
REV000359,PROD0035,SKU00092,ORD000488,BUY00006,2,Sản phẩm vẫn dùng được nhưng hộp bên ngoài bị móp.,收到的商品或配送服务未达到预期。,Vietnamese,negative,packaging,2026-07-05T06:19:00+08:00,true
REV000360,PROD0080,SKU00210,ORD000161,BUY00218,1,"Produk boleh digunakan pada awalnya, tetapi kualiti binaan terasa lemah.",商品存在质量或使用体验问题。,Malay,negative,product_quality,2026-02-05T19:10:00+08:00,true
REV000361,PROD0086,SKU00227,ORD000396,BUY00314,2,Saiz sebenar lebih kecil daripada ukuran yang dinyatakan.,问题处理速度较慢，希望改进。,Malay,negative,size,2026-04-23T23:02:00+08:00,true
REV000362,PROD0087,SKU00230,ORD000223,BUY00026,1,Mas maliit ang actual size kaysa sa nakasaad na sukat.,商品存在质量或使用体验问题。,Filipino,negative,size,2026-04-21T07:48:00+08:00,true
REV000363,PROD0033,SKU00089,ORD000216,BUY00092,3,Katanggap-tanggap sa presyo at normal ang tagal ng delivery.,功能符合描述，但做工比较普通。,Filipino,neutral,logistics,2026-02-28T22:38:00+08:00,true
REV000364,PROD0031,SKU00085,ORD000491,BUY00126,5,The finish is clean and the size is exactly right for me. This was after several days of use.,使用顺畅，做工比预期更结实。,English,positive,none,2026-06-20T10:58:00+08:00,true
REV000365,PROD0004,SKU00009,ORD000073,BUY00240,2,สินค้าใช้ได้ แต่การจัดส่งช้ากว่าที่แจ้งมาก,问题处理速度较慢，希望改进。,Thai,negative,logistics,2026-03-18T18:01:00+08:00,true
REV000366,PROD0060,SKU00161,ORD000409,BUY00178,2,Saya menerima variasi yang berbeda dari pilihan pesanan.,商品存在质量或使用体验问题。,Indonesian,negative,wrong_item,2026-05-23T03:44:00+08:00,true
REV000367,PROD0063,SKU00170,ORD000191,BUY00234,5,Sulit sa presyo at mas mabilis dumating kaysa sa inaasahan.,日常使用很方便，配送也较快。,Filipino,positive,none,2026-07-21T14:32:00+08:00,true
REV000368,PROD0090,SKU00238,ORD000407,BUY00271,4,Produknya berfungsi baik dan kualitasnya lebih bagus dari perkiraan.,包装整洁，颜色与图片一致，性价比不错。,Indonesian,positive,none,2026-05-02T07:25:00+08:00,true
REV000369,PROD0091,SKU00239,ORD000097,BUY00155,3,"It works as described, though the finish is fairly basic. This was after several days of use.",与价格基本相符，配送速度一般。,English,neutral,none,2026-06-07T15:20:00+08:00,true
REV000370,PROD0017,SKU00046,ORD000306,BUY00128,5,Kích thước phù hợp và chất liệu khá chắc chắn.,使用顺畅，做工比预期更结实。,Vietnamese,positive,none,2026-05-07T14:32:00+08:00,true
REV000371,PROD0046,SKU00123,ORD000064,BUY00197,1,ขนาดจริงเล็กกว่าตารางวัดที่แสดงไว้,收到的商品或配送服务未达到预期。,Thai,negative,size,2026-02-23T17:08:00+08:00,true
REV000372,PROD0087,SKU00231,ORD000046,BUY00303,5,Sulit sa presyo at mas mabilis dumating kaysa sa inaasahan.,使用顺畅，做工比预期更结实。,Filipino,positive,none,2026-05-11T07:08:00+08:00,true
REV000373,PROD0062,SKU00166,ORD000267,BUY00230,4,"Pembungkusan kemas, warna sama seperti gambar dan mudah digunakan.",包装整洁，颜色与图片一致，性价比不错。,Malay,positive,none,2026-04-29T09:11:00+08:00,true
REV000374,PROD0042,SKU00114,ORD000317,BUY00234,2,"Produknya masih bisa dipakai, tetapi kotak luarnya penyok.",收到的商品或配送服务未达到预期。,Indonesian,negative,packaging,2026-02-06T20:11:00+08:00,true
REV000375,PROD0055,SKU00146,ORD000093,BUY00183,5,Easy to use every day; delivery was also quicker than expected.,日常使用很方便，配送也较快。,English,positive,none,2026-02-06T19:14:00+08:00,true
REV000376,PROD0066,SKU00177,ORD000407,BUY00271,2,"Masalahnya sederhana, tetapi balasan yang jelas datang terlalu lama.",问题处理速度较慢，希望改进。,Indonesian,negative,customer_service,2026-05-14T05:25:00+08:00,true
REV000377,PROD0061,SKU00162,ORD000243,BUY00263,2,The sizing runs smaller than the measurements shown. Overall experience noted.,商品存在质量或使用体验问题。,English,negative,size,2026-02-02T08:02:00+08:00,true
REV000378,PROD0042,SKU00114,ORD000011,BUY00245,5,"Kemasan rapi, warna sesuai foto, dan mudah digunakan.",包装整洁，颜色与图片一致，性价比不错。,Indonesian,positive,none,2026-02-08T15:26:00+08:00,true
REV000379,PROD0036,SKU00098,ORD000423,BUY00190,5,"Kemasan rapi, warna sesuai foto, dan mudah digunakan.",包装整洁，颜色与图片一致，性价比不错。,Indonesian,positive,none,2026-07-01T01:33:00+08:00,true
REV000380,PROD0092,SKU00243,ORD000019,BUY00290,3,Sesuai dengan harga; masa penghantaran adalah sederhana.,与价格基本相符，配送速度一般。,Malay,neutral,none,2026-04-28T13:46:00+08:00,true
REV000381,PROD0054,SKU00144,ORD000419,BUY00199,5,"Harganya sepadan, pengiriman juga cukup cepat.",日常使用很方便，配送也较快。,Indonesian,positive,none,2026-06-15T06:05:00+08:00,true
REV000382,PROD0027,SKU00075,ORD000450,BUY00287,5,Sulit sa presyo at mas mabilis dumating kaysa sa inaasahan.,包装整洁，颜色与图片一致，性价比不错。,Filipino,positive,none,2026-03-21T20:10:00+08:00,true
REV000383,PROD0071,SKU00188,ORD000163,BUY00069,3,Sản phẩm đúng mô tả nhưng phần hoàn thiện khá cơ bản.,功能符合描述，但做工比较普通。,Vietnamese,neutral,none,2026-07-07T00:16:00+08:00,true
REV000384,PROD0006,SKU00013,ORD000155,BUY00176,3,Cukup sesuai harga; waktu pengiriman standar.,与价格基本相符，配送速度一般。,Indonesian,neutral,logistics,2026-07-30T01:58:00+08:00,true
REV000385,PROD0063,SKU00168,ORD000128,BUY00010,3,Gumagana ayon sa description pero simple lang ang finish.,功能符合描述，但做工比较普通。,Filipino,neutral,none,2026-02-13T05:51:00+08:00,true
REV000386,PROD0011,SKU00025,ORD000380,BUY00019,3,"Chất lượng phù hợp với giá, thời gian giao hàng bình thường.",与价格基本相符，配送速度一般。,Vietnamese,neutral,none,2026-07-04T12:36:00+08:00,true
REV000387,PROD0052,SKU00139,ORD000481,BUY00002,5,คุ้มค่ากับราคา การจัดส่งเร็วกว่าที่คิด,包装整洁，颜色与图片一致，性价比不错。,Thai,positive,none,2026-06-11T10:00:00+08:00,true
REV000388,PROD0046,SKU00123,ORD000446,BUY00296,3,คุณภาพเหมาะกับราคา ระยะเวลาจัดส่งปกติ,功能符合描述，但做工比较普通。,Thai,neutral,none,2026-03-12T19:25:00+08:00,true
REV000389,PROD0011,SKU00025,ORD000157,BUY00261,4,"Đóng gói gọn gàng, màu giống hình và dễ sử dụng.",使用顺畅，做工比预期更结实。,Vietnamese,positive,none,2026-05-03T08:30:00+08:00,true
REV000390,PROD0026,SKU00072,ORD000396,BUY00314,1,"Produk boleh digunakan pada awalnya, tetapi kualiti binaan terasa lemah.",问题处理速度较慢，希望改进。,Malay,negative,product_quality,2026-04-10T08:02:00+08:00,true
REV000391,PROD0047,SKU00128,ORD000072,BUY00070,4,"Thiết kế thực tế, tôi hài lòng với sản phẩm này.",日常使用很方便，配送也较快。,Vietnamese,positive,none,2026-04-07T15:20:00+08:00,true
REV000392,PROD0016,SKU00041,ORD000369,BUY00283,5,แพ็กเรียบร้อย สีตรงกับรูป และใช้งานง่าย,包装整洁，颜色与图片一致，性价比不错。,Thai,positive,none,2026-03-05T04:03:00+08:00,true
REV000393,PROD0060,SKU00159,ORD000004,BUY00135,1,"Barang sempat berfungsi, tetapi kualitas rakitannya terasa kurang kuat.",收到的商品或配送服务未达到预期。,Indonesian,negative,product_quality,2026-05-12T18:47:00+08:00,true
REV000394,PROD0015,SKU00036,ORD000132,BUY00262,4,Tamang-tama ang sukat at mukhang matibay ang materyal.,使用顺畅，做工比预期更结实。,Filipino,positive,none,2026-02-14T04:27:00+08:00,true
REV000395,PROD0030,SKU00083,ORD000214,BUY00272,5,"Desain praktis, saya puas dengan pembelian ini.",使用顺畅，做工比预期更结实。,Indonesian,positive,none,2026-05-06T06:35:00+08:00,true
REV000396,PROD0041,SKU00109,ORD000397,BUY00046,2,Sản phẩm ổn nhưng giao hàng chậm hơn dự kiến khá nhiều.,商品存在质量或使用体验问题。,Vietnamese,negative,logistics,2026-03-19T13:35:00+08:00,true
REV000397,PROD0015,SKU00036,ORD000132,BUY00262,3,Katanggap-tanggap sa presyo at normal ang tagal ng delivery.,与价格基本相符，配送速度一般。,Filipino,neutral,none,2026-02-15T09:27:00+08:00,true
REV000398,PROD0055,SKU00145,ORD000156,BUY00076,5,Works smoothly and feels sturdier than expected. Overall experience noted.,包装整洁，颜色与图片一致，性价比不错。,English,positive,none,2026-05-25T14:55:00+08:00,true
REV000399,PROD0048,SKU00129,ORD000020,BUY00051,5,"Kemasan rapi, warna sesuai foto, dan mudah digunakan.",使用顺畅，做工比预期更结实。,Indonesian,positive,none,2026-06-06T22:01:00+08:00,true
REV000400,PROD0058,SKU00156,ORD000298,BUY00011,5,ดีไซน์ใช้งานได้จริง โดยรวมพอใจกับสินค้านี้,日常使用很方便，配送也较快。,Thai,positive,none,2026-06-10T10:40:00+08:00,true
REV000401,PROD0044,SKU00119,ORD000104,BUY00063,3,Sesuai dengan harga; masa penghantaran adalah sederhana.,功能符合描述，但做工比较普通。,Malay,neutral,logistics,2026-02-19T17:15:00+08:00,true
REV000402,PROD0047,SKU00126,ORD000217,BUY00041,4,Kích thước phù hợp và chất liệu khá chắc chắn.,包装整洁，颜色与图片一致，性价比不错。,Vietnamese,positive,none,2026-06-04T14:55:00+08:00,true
REV000403,PROD0006,SKU00013,ORD000155,BUY00176,2,"Masalahnya sederhana, tetapi balasan yang jelas datang terlalu lama.",商品存在质量或使用体验问题。,Indonesian,negative,customer_service,2026-07-26T18:58:00+08:00,true
REV000404,PROD0046,SKU00123,ORD000009,BUY00001,4,แพ็กเรียบร้อย สีตรงกับรูป และใช้งานง่าย,包装整洁，颜色与图片一致，性价比不错。,Thai,positive,none,2026-04-24T18:33:00+08:00,true
REV000405,PROD0011,SKU00025,ORD000380,BUY00019,1,Tôi nhận được phiên bản khác với lựa chọn đã đặt.,问题处理速度较慢，希望改进。,Vietnamese,negative,wrong_item,2026-06-30T12:36:00+08:00,true
REV000406,PROD0027,SKU00075,ORD000293,BUY00292,1,Mas manipis ang materyal kaysa sa itsura sa listing.,商品存在质量或使用体验问题。,Filipino,negative,material,2026-05-15T12:46:00+08:00,true
REV000407,PROD0018,SKU00049,ORD000330,BUY00052,4,"Kemasan rapi, warna sesuai foto, dan mudah digunakan.",使用顺畅，做工比预期更结实。,Indonesian,positive,none,2026-02-12T01:17:00+08:00,true
REV000408,PROD0073,SKU00192,ORD000270,BUY00287,4,"Good value, neat packaging, and the color matches the photos. Overall experience noted.",使用顺畅，做工比预期更结实。,English,positive,none,2026-04-24T02:06:00+08:00,true
REV000409,PROD0060,SKU00161,ORD000294,BUY00222,5,"Kemasan rapi, warna sesuai foto, dan mudah digunakan.",包装整洁，颜色与图片一致，性价比不错。,Indonesian,positive,none,2026-05-15T12:34:00+08:00,true
REV000410,PROD0055,SKU00145,ORD000237,BUY00251,4,"Good value, neat packaging, and the color matches the photos.",使用顺畅，做工比预期更结实。,English,positive,none,2026-05-19T18:58:00+08:00,true
REV000411,PROD0049,SKU00132,ORD000146,BUY00043,1,"The item was acceptable, but delivery was much later than promised. I hope the next batch improves.",商品存在质量或使用体验问题。,English,negative,logistics,2026-03-09T00:21:00+08:00,true
REV000412,PROD0012,SKU00027,ORD000245,BUY00219,5,"Kemasan rapi, warna sesuai foto, dan mudah digunakan.",日常使用很方便，配送也较快。,Indonesian,positive,none,2026-03-07T00:27:00+08:00,true
REV000413,PROD0036,SKU00098,ORD000016,BUY00083,5,"Desain praktis, saya puas dengan pembelian ini.",日常使用很方便，配送也较快。,Indonesian,positive,none,2026-02-26T02:41:00+08:00,true
REV000414,PROD0087,SKU00228,ORD000068,BUY00031,5,"Malinis ang packaging, tugma ang kulay sa larawan, at madaling gamitin.",日常使用很方便，配送也较快。,Filipino,positive,none,2026-06-30T12:20:00+08:00,true
REV000415,PROD0095,SKU00252,ORD000199,BUY00005,5,"Đóng gói gọn gàng, màu giống hình và dễ sử dụng.",日常使用很方便，配送也较快。,Vietnamese,positive,none,2026-02-01T03:58:00+08:00,true
REV000416,PROD0039,SKU00105,ORD000251,BUY00310,5,Tamang-tama ang sukat at mukhang matibay ang materyal.,日常使用很方便，配送也较快。,Filipino,positive,none,2026-05-15T05:46:00+08:00,true
REV000417,PROD0071,SKU00188,ORD000163,BUY00069,3,"Chất lượng phù hợp với giá, thời gian giao hàng bình thường.",与价格基本相符，配送速度一般。,Vietnamese,neutral,logistics,2026-07-15T05:16:00+08:00,true
REV000418,PROD0013,SKU00031,ORD000001,BUY00155,5,The finish is clean and the size is exactly right for me. Overall experience noted.,使用顺畅，做工比预期更结实。,English,positive,none,2026-06-19T12:48:00+08:00,true
REV000419,PROD0061,SKU00162,ORD000342,BUY00209,5,Easy to use every day; delivery was also quicker than expected. This was after several days of use.,日常使用很方便，配送也较快。,English,positive,none,2026-07-02T10:52:00+08:00,true
REV000420,PROD0038,SKU00104,ORD000210,BUY00149,5,"Berbaloi dengan harga, penghantaran juga lebih cepat daripada jangkaan.",使用顺畅，做工比预期更结实。,Malay,positive,none,2026-02-20T05:42:00+08:00,true
REV000421,PROD0038,SKU00104,ORD000210,BUY00149,4,Reka bentuk praktikal dan saya berpuas hati dengan pembelian ini.,使用顺畅，做工比预期更结实。,Malay,positive,none,2026-02-19T05:42:00+08:00,true
REV000422,PROD0046,SKU00123,ORD000026,BUY00170,4,ดีไซน์ใช้งานได้จริง โดยรวมพอใจกับสินค้านี้,使用顺畅，做工比预期更结实。,Thai,positive,none,2026-02-17T07:39:00+08:00,true
REV000423,PROD0043,SKU00118,ORD000283,BUY00307,5,Very practical design. I would recommend it to friends.,使用顺畅，做工比预期更结实。,English,positive,none,2026-05-21T22:57:00+08:00,true
REV000424,PROD0079,SKU00207,ORD000237,BUY00251,5,Very practical design. I would recommend it to friends. I hope the next batch improves.,使用顺畅，做工比预期更结实。,English,positive,none,2026-05-21T09:58:00+08:00,true
REV000425,PROD0083,SKU00220,ORD000217,BUY00041,4,Kích thước phù hợp và chất liệu khá chắc chắn.,日常使用很方便，配送也较快。,Vietnamese,positive,none,2026-06-09T00:55:00+08:00,true
REV000426,PROD0025,SKU00068,ORD000146,BUY00043,5,"Good value, neat packaging, and the color matches the photos. I hope the next batch improves.",包装整洁，颜色与图片一致，性价比不错。,English,positive,none,2026-02-25T18:21:00+08:00,true
REV000427,PROD0030,SKU00081,ORD000336,BUY00173,4,Produknya berfungsi baik dan kualitasnya lebih bagus dari perkiraan.,日常使用很方便，配送也较快。,Indonesian,positive,none,2026-04-16T00:57:00+08:00,true
REV000428,PROD0088,SKU00232,ORD000348,BUY00297,2,ขนาดจริงเล็กกว่าตารางวัดที่แสดงไว้,收到的商品或配送服务未达到预期。,Thai,negative,size,2026-05-30T13:32:00+08:00,true
REV000429,PROD0064,SKU00171,ORD000377,BUY00120,3,คุณภาพเหมาะกับราคา ระยะเวลาจัดส่งปกติ,功能符合描述，但做工比较普通。,Thai,neutral,packaging,2026-05-10T20:59:00+08:00,true
REV000430,PROD0090,SKU00236,ORD000439,BUY00123,5,"Harganya sepadan, pengiriman juga cukup cepat.",包装整洁，颜色与图片一致，性价比不错。,Indonesian,positive,none,2026-01-27T02:22:00+08:00,true
REV000431,PROD0027,SKU00075,ORD000293,BUY00292,4,Sulit sa presyo at mas mabilis dumating kaysa sa inaasahan.,日常使用很方便，配送也较快。,Filipino,positive,none,2026-04-27T20:46:00+08:00,true
REV000432,PROD0070,SKU00186,ORD000133,BUY00132,5,สินค้าใช้งานได้ดีและคุณภาพดีกว่าที่คาดไว้,日常使用很方便，配送也较快。,Thai,positive,none,2026-04-28T02:26:00+08:00,true
REV000433,PROD0057,SKU00152,ORD000114,BUY00299,1,Gumana noong una pero mahina ang kalidad ng pagkakagawa.,问题处理速度较慢，希望改进。,Filipino,negative,product_quality,2026-04-27T22:17:00+08:00,true
REV000434,PROD0055,SKU00146,ORD000170,BUY00016,5,Easy to use every day; delivery was also quicker than expected. This was after several days of use.,日常使用很方便，配送也较快。,English,positive,none,2026-03-27T13:04:00+08:00,true
REV000435,PROD0091,SKU00242,ORD000358,BUY00073,5,Very practical design. I would recommend it to friends. Overall experience noted.,包装整洁，颜色与图片一致，性价比不错。,English,positive,none,2026-02-25T02:48:00+08:00,true
REV000436,PROD0043,SKU00118,ORD000283,BUY00307,5,Easy to use every day; delivery was also quicker than expected. Overall experience noted.,包装整洁，颜色与图片一致，性价比不错。,English,positive,none,2026-05-19T19:57:00+08:00,true
REV000437,PROD0029,SKU00079,ORD000306,BUY00128,4,"Đáng tiền, giao hàng cũng nhanh hơn dự kiến.",包装整洁，颜色与图片一致，性价比不错。,Vietnamese,positive,none,2026-05-08T09:32:00+08:00,true
REV000438,PROD0081,SKU00214,ORD000150,BUY00064,5,Praktikal ang disenyo at nasiyahan ako sa produktong ito.,包装整洁，颜色与图片一致，性价比不错。,Filipino,positive,none,2026-01-31T13:18:00+08:00,true
REV000439,PROD0082,SKU00217,ORD000348,BUY00297,4,ขนาดพอดีและวัสดุดูแข็งแรงสำหรับใช้ทุกวัน,包装整洁，颜色与图片一致，性价比不错。,Thai,positive,none,2026-05-29T09:32:00+08:00,true
REV000440,PROD0070,SKU00185,ORD000071,BUY00075,4,ขนาดพอดีและวัสดุดูแข็งแรงสำหรับใช้ทุกวัน,包装整洁，颜色与图片一致，性价比不错。,Thai,positive,none,2026-04-05T00:21:00+08:00,true
REV000441,PROD0064,SKU00171,ORD000377,BUY00120,5,คุ้มค่ากับราคา การจัดส่งเร็วกว่าที่คิด,包装整洁，颜色与图片一致，性价比不错。,Thai,positive,none,2026-05-20T16:59:00+08:00,true
REV000442,PROD0063,SKU00168,ORD000431,BUY00239,5,Maayos gamitin at mas matibay kaysa sa inaasahan ko.,使用顺畅，做工比预期更结实。,Filipino,positive,none,2026-06-19T21:56:00+08:00,true
REV000443,PROD0025,SKU00067,ORD000373,BUY00037,5,"Good value, neat packaging, and the color matches the photos.",使用顺畅，做工比预期更结实。,English,positive,none,2026-03-24T00:31:00+08:00,true
REV000444,PROD0074,SKU00197,ORD000381,BUY00112,5,Reka bentuk praktikal dan saya berpuas hati dengan pembelian ini.,使用顺畅，做工比预期更结实。,Malay,positive,none,2026-03-20T04:26:00+08:00,true
REV000445,PROD0089,SKU00234,ORD000077,BUY00039,3,"Chất lượng phù hợp với giá, thời gian giao hàng bình thường.",功能符合描述，但做工比较普通。,Vietnamese,neutral,none,2026-04-14T10:39:00+08:00,true
REV000446,PROD0043,SKU00117,ORD000156,BUY00076,4,Works smoothly and feels sturdier than expected.,日常使用很方便，配送也较快。,English,positive,none,2026-06-10T14:55:00+08:00,true
REV000447,PROD0043,SKU00118,ORD000284,BUY00091,4,Very practical design. I would recommend it to friends. I hope the next batch improves.,日常使用很方便，配送也较快。,English,positive,none,2026-02-03T22:55:00+08:00,true
REV000448,PROD0058,SKU00154,ORD000300,BUY00248,1,ปัญหาไม่ซับซ้อน แต่ใช้เวลานานกว่าจะได้รับคำตอบที่ชัดเจน,问题处理速度较慢，希望改进。,Thai,negative,customer_service,2026-04-05T03:55:00+08:00,true
REV000449,PROD0015,SKU00037,ORD000216,BUY00092,1,Mas manipis ang materyal kaysa sa itsura sa listing.,问题处理速度较慢，希望改进。,Filipino,negative,material,2026-03-10T19:38:00+08:00,true
REV000450,PROD0043,SKU00117,ORD000260,BUY00229,4,Easy to use every day; delivery was also quicker than expected.,包装整洁，颜色与图片一致，性价比不错。,English,positive,none,2026-05-30T20:36:00+08:00,true
REV000451,PROD0092,SKU00243,ORD000082,BUY00209,4,"Pembungkusan kemas, warna sama seperti gambar dan mudah digunakan.",包装整洁，颜色与图片一致，性价比不错。,Malay,positive,none,2026-04-03T14:56:00+08:00,true
REV000452,PROD0008,SKU00018,ORD000019,BUY00290,5,Reka bentuk praktikal dan saya berpuas hati dengan pembelian ini.,包装整洁，颜色与图片一致，性价比不错。,Malay,positive,none,2026-04-29T22:46:00+08:00,true
REV000453,PROD0014,SKU00033,ORD000416,BUY00200,3,Sesuai dengan harga; masa penghantaran adalah sederhana.,与价格基本相符，配送速度一般。,Malay,neutral,none,2026-06-08T10:02:00+08:00,true
REV000454,PROD0020,SKU00055,ORD000012,BUY00315,5,Saiz sesuai dan bahan terasa kukuh untuk kegunaan harian.,日常使用很方便，配送也较快。,Malay,positive,none,2026-05-29T22:11:00+08:00,true
REV000455,PROD0036,SKU00096,ORD000487,BUY00194,5,"Harganya sepadan, pengiriman juga cukup cepat.",包装整洁，颜色与图片一致，性价比不错。,Indonesian,positive,none,2026-02-16T20:43:00+08:00,true
REV000456,PROD0050,SKU00136,ORD000272,BUY00246,5,Reka bentuk praktikal dan saya berpuas hati dengan pembelian ini.,使用顺畅，做工比预期更结实。,Malay,positive,none,2026-04-03T06:51:00+08:00,true
REV000457,PROD0094,SKU00246,ORD000089,BUY00105,4,คุ้มค่ากับราคา การจัดส่งเร็วกว่าที่คิด,使用顺畅，做工比预期更结实。,Thai,positive,none,2026-04-04T14:08:00+08:00,true
REV000458,PROD0024,SKU00064,ORD000495,BUY00179,5,"Desain praktis, saya puas dengan pembelian ini.",包装整洁，颜色与图片一致，性价比不错。,Indonesian,positive,none,2026-02-10T19:11:00+08:00,true
REV000459,PROD0047,SKU00128,ORD000398,BUY00262,5,"Thiết kế thực tế, tôi hài lòng với sản phẩm này.",日常使用很方便，配送也较快。,Vietnamese,positive,none,2026-03-26T03:13:00+08:00,true
REV000460,PROD0053,SKU00140,ORD000006,BUY00020,4,"Đóng gói gọn gàng, màu giống hình và dễ sử dụng.",包装整洁，颜色与图片一致，性价比不错。,Vietnamese,positive,none,2026-05-28T07:34:00+08:00,true
REV000461,PROD0016,SKU00041,ORD000363,BUY00166,4,แพ็กเรียบร้อย สีตรงกับรูป และใช้งานง่าย,包装整洁，颜色与图片一致，性价比不错。,Thai,positive,none,2026-05-01T08:00:00+08:00,true
REV000462,PROD0031,SKU00085,ORD000152,BUY00019,5,Works smoothly and feels sturdier than expected. I hope the next batch improves.,包装整洁，颜色与图片一致，性价比不错。,English,positive,none,2026-03-01T06:41:00+08:00,true
REV000463,PROD0058,SKU00154,ORD000328,BUY00283,5,สินค้าใช้งานได้ดีและคุณภาพดีกว่าที่คาดไว้,使用顺畅，做工比预期更结实。,Thai,positive,none,2026-03-24T21:07:00+08:00,true
REV000464,PROD0092,SKU00243,ORD000082,BUY00209,3,"Produk berfungsi seperti diterangkan, tetapi kemasannya biasa sahaja.",与价格基本相符，配送速度一般。,Malay,neutral,none,2026-04-04T20:56:00+08:00,true
REV000465,PROD0004,SKU00009,ORD000073,BUY00240,3,สินค้าใช้งานได้ตามรายละเอียด แต่งานประกอบค่อนข้างธรรมดา,功能符合描述，但做工比较普通。,Thai,neutral,none,2026-03-18T08:01:00+08:00,true
REV000466,PROD0018,SKU00048,ORD000464,BUY00236,5,Ukuran pas dan bahannya terasa kuat untuk dipakai sehari-hari.,使用顺畅，做工比预期更结实。,Indonesian,positive,none,2026-04-04T06:15:00+08:00,true
REV000467,PROD0046,SKU00123,ORD000009,BUY00001,5,ดีไซน์ใช้งานได้จริง โดยรวมพอใจกับสินค้านี้,包装整洁，颜色与图片一致，性价比不错。,Thai,positive,none,2026-04-27T04:33:00+08:00,true
REV000468,PROD0053,SKU00140,ORD000488,BUY00006,5,Kích thước phù hợp và chất liệu khá chắc chắn.,包装整洁，颜色与图片一致，性价比不错。,Vietnamese,positive,none,2026-07-07T03:19:00+08:00,true
REV000469,PROD0039,SKU00105,ORD000450,BUY00287,5,Tamang-tama ang sukat at mukhang matibay ang materyal.,包装整洁，颜色与图片一致，性价比不错。,Filipino,positive,none,2026-03-31T06:10:00+08:00,true
REV000470,PROD0035,SKU00093,ORD000493,BUY00135,2,Chất liệu mỏng hơn so với hình ảnh trên trang sản phẩm.,收到的商品或配送服务未达到预期。,Vietnamese,negative,material,2026-04-05T07:00:00+08:00,true
REV000471,PROD0030,SKU00081,ORD000336,BUY00173,4,"Kemasan rapi, warna sesuai foto, dan mudah digunakan.",包装整洁，颜色与图片一致，性价比不错。,Indonesian,positive,none,2026-04-06T07:57:00+08:00,true
REV000472,PROD0073,SKU00193,ORD000075,BUY00020,5,Easy to use every day; delivery was also quicker than expected. This was after several days of use.,包装整洁，颜色与图片一致，性价比不错。,English,positive,none,2026-01-31T09:07:00+08:00,true
REV000473,PROD0035,SKU00095,ORD000160,BUY00055,5,Kích thước phù hợp và chất liệu khá chắc chắn.,使用顺畅，做工比预期更结实。,Vietnamese,positive,none,2026-04-11T07:45:00+08:00,true
REV000474,PROD0065,SKU00175,ORD000385,BUY00240,2,Sản phẩm dùng được lúc đầu nhưng chất lượng hoàn thiện chưa chắc chắn.,问题处理速度较慢，希望改进。,Vietnamese,negative,product_quality,2026-02-16T21:47:00+08:00,true
REV000475,PROD0012,SKU00027,ORD000418,BUY00164,4,"Kemasan rapi, warna sesuai foto, dan mudah digunakan.",包装整洁，颜色与图片一致，性价比不错。,Indonesian,positive,none,2026-02-13T08:44:00+08:00,true
REV000476,PROD0070,SKU00187,ORD000429,BUY00284,4,แพ็กเรียบร้อย สีตรงกับรูป และใช้งานง่าย,使用顺畅，做工比预期更结实。,Thai,positive,none,2026-02-21T14:10:00+08:00,true
REV000477,PROD0032,SKU00086,ORD000329,BUY00288,2,"Produk boleh digunakan pada awalnya, tetapi kualiti binaan terasa lemah.",问题处理速度较慢，希望改进。,Malay,negative,product_quality,2026-06-14T12:39:00+08:00,true
REV000478,PROD0085,SKU00226,ORD000415,BUY00305,5,Works smoothly and feels sturdier than expected.,包装整洁，颜色与图片一致，性价比不错。,English,positive,none,2026-06-14T11:16:00+08:00,true
REV000479,PROD0035,SKU00093,ORD000493,BUY00135,3,"Chất lượng phù hợp với giá, thời gian giao hàng bình thường.",与价格基本相符，配送速度一般。,Vietnamese,neutral,none,2026-04-01T09:00:00+08:00,true
REV000480,PROD0030,SKU00082,ORD000099,BUY00085,4,Produknya berfungsi baik dan kualitasnya lebih bagus dari perkiraan.,日常使用很方便，配送也较快。,Indonesian,positive,none,2026-04-24T04:22:00+08:00,true
REV000481,PROD0082,SKU00216,ORD000301,BUY00052,5,คุ้มค่ากับราคา การจัดส่งเร็วกว่าที่คิด,日常使用很方便，配送也较快。,Thai,positive,none,2026-04-16T01:09:00+08:00,true
REV000482,PROD0048,SKU00129,ORD000020,BUY00051,5,Ukuran pas dan bahannya terasa kuat untuk dipakai sehari-hari.,包装整洁，颜色与图片一致，性价比不错。,Indonesian,positive,none,2026-06-06T12:01:00+08:00,true
REV000483,PROD0065,SKU00174,ORD000207,BUY00089,5,"Thiết kế thực tế, tôi hài lòng với sản phẩm này.",包装整洁，颜色与图片一致，性价比不错。,Vietnamese,positive,none,2026-06-08T06:26:00+08:00,true
REV000484,PROD0015,SKU00036,ORD000132,BUY00262,5,Maayos gamitin at mas matibay kaysa sa inaasahan ko.,使用顺畅，做工比预期更结实。,Filipino,positive,none,2026-02-13T17:27:00+08:00,true
REV000485,PROD0070,SKU00185,ORD000071,BUY00075,4,แพ็กเรียบร้อย สีตรงกับรูป และใช้งานง่าย,包装整洁，颜色与图片一致，性价比不错。,Thai,positive,none,2026-03-15T11:21:00+08:00,true
REV000486,PROD0043,SKU00117,ORD000491,BUY00126,4,The finish is clean and the size is exactly right for me. I hope the next batch improves.,使用顺畅，做工比预期更结实。,English,positive,none,2026-06-10T22:58:00+08:00,true
REV000487,PROD0098,SKU00257,ORD000353,BUY00268,4,Produk berfungsi dengan baik dan kualitinya memuaskan.,使用顺畅，做工比预期更结实。,Malay,positive,none,2026-01-23T20:47:00+08:00,true
REV000488,PROD0030,SKU00080,ORD000495,BUY00179,5,"Desain praktis, saya puas dengan pembelian ini.",包装整洁，颜色与图片一致，性价比不错。,Indonesian,positive,none,2026-02-09T14:11:00+08:00,true
REV000489,PROD0016,SKU00042,ORD000328,BUY00283,4,ขนาดพอดีและวัสดุดูแข็งแรงสำหรับใช้ทุกวัน,日常使用很方便，配送也较快。,Thai,positive,none,2026-03-20T23:07:00+08:00,true
REV000490,PROD0098,SKU00257,ORD000135,BUY00225,5,Reka bentuk praktikal dan saya berpuas hati dengan pembelian ini.,包装整洁，颜色与图片一致，性价比不错。,Malay,positive,none,2026-05-15T07:29:00+08:00,true
REV000491,PROD0016,SKU00041,ORD000363,BUY00166,3,คุณภาพเหมาะกับราคา ระยะเวลาจัดส่งปกติ,与价格基本相符，配送速度一般。,Thai,neutral,none,2026-04-26T03:00:00+08:00,true
REV000492,PROD0098,SKU00258,ORD000085,BUY00251,4,Saiz sesuai dan bahan terasa kukuh untuk kegunaan harian.,日常使用很方便，配送也较快。,Malay,positive,none,2026-07-21T23:14:00+08:00,true
REV000493,PROD0036,SKU00099,ORD000336,BUY00173,3,Cukup sesuai harga; waktu pengiriman standar.,功能符合描述，但做工比较普通。,Indonesian,neutral,none,2026-04-11T21:57:00+08:00,true
REV000494,PROD0043,SKU00115,ORD000322,BUY00098,5,Works smoothly and feels sturdier than expected.,使用顺畅，做工比预期更结实。,English,positive,none,2026-03-18T14:55:00+08:00,true
REV000495,PROD0025,SKU00068,ORD000146,BUY00043,4,Very practical design. I would recommend it to friends. This was after several days of use.,日常使用很方便，配送也较快。,English,positive,none,2026-03-02T19:21:00+08:00,true
REV000496,PROD0013,SKU00030,ORD000322,BUY00098,5,Easy to use every day; delivery was also quicker than expected.,包装整洁，颜色与图片一致，性价比不错。,English,positive,none,2026-03-12T13:55:00+08:00,true
REV000497,PROD0008,SKU00018,ORD000456,BUY00199,2,Jangka hayat bateri lebih pendek daripada jangkaan.,商品存在质量或使用体验问题。,Malay,negative,battery,2026-06-06T10:01:00+08:00,true
REV000498,PROD0024,SKU00064,ORD000495,BUY00179,5,Ukuran pas dan bahannya terasa kuat untuk dipakai sehari-hari.,日常使用很方便，配送也较快。,Indonesian,positive,none,2026-02-06T23:11:00+08:00,true
REV000499,PROD0026,SKU00072,ORD000346,BUY00234,4,Produk berfungsi dengan baik dan kualitinya memuaskan.,使用顺畅，做工比预期更结实。,Malay,positive,none,2026-04-28T08:45:00+08:00,true
REV000500,PROD0084,SKU00224,ORD000331,BUY00145,5,Ukuran pas dan bahannya terasa kuat untuk dipakai sehari-hari.,包装整洁，颜色与图片一致，性价比不错。,Indonesian,positive,none,2026-05-25T10:57:00+08:00,true
REV000501,PROD0066,SKU00177,ORD000423,BUY00190,4,Produknya berfungsi baik dan kualitasnya lebih bagus dari perkiraan.,使用顺畅，做工比预期更结实。,Indonesian,positive,none,2026-06-23T21:33:00+08:00,true
REV000502,PROD0067,SKU00180,ORD000453,BUY00189,1,"The item worked at first, but the build quality feels weak. Overall experience noted.",问题处理速度较慢，希望改进。,English,negative,product_quality,2026-02-03T12:17:00+08:00,true
REV000503,PROD0043,SKU00117,ORD000248,BUY00283,5,Easy to use every day; delivery was also quicker than expected.,使用顺畅，做工比预期更结实。,English,positive,none,2026-04-09T22:07:00+08:00,true
REV000504,PROD0095,SKU00251,ORD000102,BUY00135,5,Sản phẩm hoạt động tốt và chất lượng tốt hơn mong đợi.,包装整洁，颜色与图片一致，性价比不错。,Vietnamese,positive,none,2026-05-27T19:21:00+08:00,true
REV000505,PROD0009,SKU00020,ORD000118,BUY00070,5,Praktikal ang disenyo at nasiyahan ako sa produktong ito.,包装整洁，颜色与图片一致，性价比不错。,Filipino,positive,none,2026-03-12T13:02:00+08:00,true
REV000506,PROD0022,SKU00060,ORD000234,BUY00232,4,ดีไซน์ใช้งานได้จริง โดยรวมพอใจกับสินค้านี้,包装整洁，颜色与图片一致，性价比不错。,Thai,positive,none,2026-06-29T19:25:00+08:00,true
REV000507,PROD0094,SKU00248,ORD000089,BUY00105,5,ดีไซน์ใช้งานได้จริง โดยรวมพอใจกับสินค้านี้,包装整洁，颜色与图片一致，性价比不错。,Thai,positive,none,2026-04-05T12:08:00+08:00,true
REV000508,PROD0065,SKU00174,ORD000282,BUY00161,5,Kích thước phù hợp và chất liệu khá chắc chắn.,日常使用很方便，配送也较快。,Vietnamese,positive,none,2026-07-02T05:44:00+08:00,true
REV000509,PROD0022,SKU00060,ORD000300,BUY00248,5,คุ้มค่ากับราคา การจัดส่งเร็วกว่าที่คิด,使用顺畅，做工比预期更结实。,Thai,positive,none,2026-04-06T11:55:00+08:00,true
REV000510,PROD0022,SKU00060,ORD000301,BUY00052,5,คุ้มค่ากับราคา การจัดส่งเร็วกว่าที่คิด,包装整洁，颜色与图片一致，性价比不错。,Thai,positive,none,2026-04-09T13:09:00+08:00,true
REV000511,PROD0022,SKU00060,ORD000101,BUY00031,5,สินค้าใช้งานได้ดีและคุณภาพดีกว่าที่คาดไว้,包装整洁，颜色与图片一致，性价比不错。,Thai,positive,none,2026-05-02T22:29:00+08:00,true
REV000512,PROD0038,SKU00103,ORD000082,BUY00209,5,Saiz sesuai dan bahan terasa kukuh untuk kegunaan harian.,日常使用很方便，配送也较快。,Malay,positive,none,2026-04-06T07:56:00+08:00,true
REV000513,PROD0012,SKU00027,ORD000245,BUY00219,5,Produknya berfungsi baik dan kualitasnya lebih bagus dari perkiraan.,日常使用很方便，配送也较快。,Indonesian,positive,none,2026-03-22T00:27:00+08:00,true
REV000514,PROD0023,SKU00062,ORD000250,BUY00046,4,Kích thước phù hợp và chất liệu khá chắc chắn.,包装整洁，颜色与图片一致，性价比不错。,Vietnamese,positive,none,2026-03-07T19:41:00+08:00,true
REV000515,PROD0043,SKU00115,ORD000468,BUY00118,5,Easy to use every day; delivery was also quicker than expected.,日常使用很方便，配送也较快。,English,positive,none,2026-03-22T18:39:00+08:00,true
REV000516,PROD0095,SKU00251,ORD000351,BUY00140,5,Kích thước phù hợp và chất liệu khá chắc chắn.,包装整洁，颜色与图片一致，性价比不错。,Vietnamese,positive,none,2026-05-30T15:59:00+08:00,true
REV000517,PROD0026,SKU00071,ORD000262,BUY00157,5,Reka bentuk praktikal dan saya berpuas hati dengan pembelian ini.,使用顺畅，做工比预期更结实。,Malay,positive,none,2026-03-04T09:16:00+08:00,true
REV000518,PROD0093,SKU00244,ORD000211,BUY00226,5,Sulit sa presyo at mas mabilis dumating kaysa sa inaasahan.,包装整洁，颜色与图片一致，性价比不错。,Filipino,positive,none,2026-05-29T13:40:00+08:00,true
REV000519,PROD0056,SKU00147,ORD000416,BUY00200,5,"Berbaloi dengan harga, penghantaran juga lebih cepat daripada jangkaan.",日常使用很方便，配送也较快。,Malay,positive,none,2026-06-19T09:02:00+08:00,true
REV000520,PROD0031,SKU00084,ORD000022,BUY00173,5,Works smoothly and feels sturdier than expected. This was after several days of use.,日常使用很方便，配送也较快。,English,positive,none,2026-03-07T05:44:00+08:00,true
REV000521,PROD0031,SKU00085,ORD000422,BUY00095,5,"Good value, neat packaging, and the color matches the photos. I hope the next batch improves.",使用顺畅，做工比预期更结实。,English,positive,none,2026-03-31T05:31:00+08:00,true
REV000522,PROD0020,SKU00055,ORD000012,BUY00315,4,"Pembungkusan kemas, warna sama seperti gambar dan mudah digunakan.",日常使用很方便，配送也较快。,Malay,positive,none,2026-05-31T03:11:00+08:00,true
REV000523,PROD0092,SKU00243,ORD000396,BUY00314,1,"Produk masih boleh digunakan, tetapi kotak luar tiba dalam keadaan kemek.",问题处理速度较慢，希望改进。,Malay,negative,packaging,2026-04-26T23:02:00+08:00,true
REV000524,PROD0091,SKU00240,ORD000031,BUY00312,5,Very practical design. I would recommend it to friends. Overall experience noted.,包装整洁，颜色与图片一致，性价比不错。,English,positive,none,2026-05-25T18:47:00+08:00,true
REV000525,PROD0080,SKU00211,ORD000324,BUY00085,5,"Berbaloi dengan harga, penghantaran juga lebih cepat daripada jangkaan.",日常使用很方便，配送也较快。,Malay,positive,none,2026-04-18T00:17:00+08:00,true
REV000526,PROD0031,SKU00084,ORD000400,BUY00123,4,The finish is clean and the size is exactly right for me. This was after several days of use.,日常使用很方便，配送也较快。,English,positive,none,2026-01-25T16:30:00+08:00,true
REV000527,PROD0087,SKU00228,ORD000178,BUY00276,3,Katanggap-tanggap sa presyo at normal ang tagal ng delivery.,功能符合描述，但做工比较普通。,Filipino,neutral,none,2026-03-20T18:29:00+08:00,true
REV000528,PROD0057,SKU00152,ORD000421,BUY00083,5,Maayos gamitin at mas matibay kaysa sa inaasahan ko.,日常使用很方便，配送也较快。,Filipino,positive,none,2026-06-04T07:09:00+08:00,true
REV000529,PROD0025,SKU00068,ORD000284,BUY00091,4,Easy to use every day; delivery was also quicker than expected.,日常使用很方便，配送也较快。,English,positive,none,2026-02-14T21:55:00+08:00,true
REV000530,PROD0019,SKU00052,ORD000141,BUY00177,5,Works smoothly and feels sturdier than expected. Overall experience noted.,使用顺畅，做工比预期更结实。,English,positive,none,2026-01-30T13:42:00+08:00,true
REV000531,PROD0015,SKU00039,ORD000193,BUY00201,5,Tamang-tama ang sukat at mukhang matibay ang materyal.,包装整洁，颜色与图片一致，性价比不错。,Filipino,positive,none,2026-06-07T13:00:00+08:00,true
REV000532,PROD0065,SKU00174,ORD000282,BUY00161,5,Sản phẩm hoạt động tốt và chất lượng tốt hơn mong đợi.,日常使用很方便，配送也较快。,Vietnamese,positive,none,2026-07-01T00:44:00+08:00,true
REV000533,PROD0052,SKU00139,ORD000481,BUY00002,5,ดีไซน์ใช้งานได้จริง โดยรวมพอใจกับสินค้านี้,日常使用很方便，配送也较快。,Thai,positive,none,2026-06-22T16:00:00+08:00,true
REV000534,PROD0043,SKU00117,ORD000284,BUY00091,2,I received a different variation from the one selected.,收到的商品或配送服务未达到预期。,English,negative,wrong_item,2026-02-02T13:55:00+08:00,true
REV000535,PROD0091,SKU00240,ORD000146,BUY00043,4,Very practical design. I would recommend it to friends. Overall experience noted.,包装整洁，颜色与图片一致，性价比不错。,English,positive,none,2026-03-06T13:21:00+08:00,true
REV000536,PROD0006,SKU00013,ORD000376,BUY00273,5,"Harganya sepadan, pengiriman juga cukup cepat.",包装整洁，颜色与图片一致，性价比不错。,Indonesian,positive,none,2026-04-25T01:48:00+08:00,true
REV000537,PROD0038,SKU00102,ORD000318,BUY00072,3,Sesuai dengan harga; masa penghantaran adalah sederhana.,功能符合描述，但做工比较普通。,Malay,neutral,none,2026-05-28T15:55:00+08:00,true
REV000538,PROD0029,SKU00079,ORD000074,BUY00017,5,"Thiết kế thực tế, tôi hài lòng với sản phẩm này.",日常使用很方便，配送也较快。,Vietnamese,positive,none,2026-03-27T15:04:00+08:00,true
REV000539,PROD0013,SKU00031,ORD000040,BUY00029,5,The finish is clean and the size is exactly right for me. Overall experience noted.,包装整洁，颜色与图片一致，性价比不错。,English,positive,none,2026-03-12T15:57:00+08:00,true
REV000540,PROD0065,SKU00175,ORD000398,BUY00262,5,"Đóng gói gọn gàng, màu giống hình và dễ sử dụng.",日常使用很方便，配送也较快。,Vietnamese,positive,none,2026-03-26T06:13:00+08:00,true
REV000541,PROD0090,SKU00236,ORD000439,BUY00123,4,Produknya berfungsi baik dan kualitasnya lebih bagus dari perkiraan.,使用顺畅，做工比预期更结实。,Indonesian,positive,none,2026-01-26T00:22:00+08:00,true
REV000542,PROD0017,SKU00044,ORD000321,BUY00285,5,Kích thước phù hợp và chất liệu khá chắc chắn.,日常使用很方便，配送也较快。,Vietnamese,positive,none,2026-04-22T05:08:00+08:00,true
REV000543,PROD0047,SKU00128,ORD000072,BUY00070,1,Vấn đề đơn giản nhưng mất quá lâu mới nhận được phản hồi rõ ràng.,收到的商品或配送服务未达到预期。,Vietnamese,negative,customer_service,2026-04-21T07:20:00+08:00,true
REV000544,PROD0079,SKU00207,ORD000237,BUY00251,5,Very practical design. I would recommend it to friends. This was after several days of use.,日常使用很方便，配送也较快。,English,positive,none,2026-06-05T16:58:00+08:00,true
REV000545,PROD0026,SKU00071,ORD000262,BUY00157,2,Jangka hayat bateri lebih pendek daripada jangkaan.,问题处理速度较慢，希望改进。,Malay,negative,battery,2026-02-20T18:16:00+08:00,true
REV000546,PROD0031,SKU00085,ORD000491,BUY00126,5,Works smoothly and feels sturdier than expected. I hope the next batch improves.,日常使用很方便，配送也较快。,English,positive,none,2026-06-17T22:58:00+08:00,true
REV000547,PROD0011,SKU00025,ORD000274,BUY00118,5,Kích thước phù hợp và chất liệu khá chắc chắn.,使用顺畅，做工比预期更结实。,Vietnamese,positive,none,2026-05-30T20:49:00+08:00,true
REV000548,PROD0029,SKU00077,ORD000158,BUY00233,5,Sản phẩm hoạt động tốt và chất lượng tốt hơn mong đợi.,包装整洁，颜色与图片一致，性价比不错。,Vietnamese,positive,none,2026-07-16T20:06:00+08:00,true
REV000549,PROD0089,SKU00233,ORD000460,BUY00205,5,Kích thước phù hợp và chất liệu khá chắc chắn.,使用顺畅，做工比预期更结实。,Vietnamese,positive,none,2026-01-28T10:37:00+08:00,true
REV000550,PROD0004,SKU00008,ORD000257,BUY00154,5,สินค้าใช้งานได้ดีและคุณภาพดีกว่าที่คาดไว้,日常使用很方便，配送也较快。,Thai,positive,none,2026-07-20T02:45:00+08:00,true
REV000551,PROD0012,SKU00027,ORD000245,BUY00219,5,Produknya berfungsi baik dan kualitasnya lebih bagus dari perkiraan.,使用顺畅，做工比预期更结实。,Indonesian,positive,none,2026-03-13T23:27:00+08:00,true
REV000552,PROD0061,SKU00162,ORD000271,BUY00224,2,"The item worked at first, but the build quality feels weak. This was after several days of use.",收到的商品或配送服务未达到预期。,English,negative,product_quality,2026-05-31T18:09:00+08:00,true
REV000553,PROD0031,SKU00085,ORD000280,BUY00006,5,Easy to use every day; delivery was also quicker than expected.,包装整洁，颜色与图片一致，性价比不错。,English,positive,none,2026-06-20T09:37:00+08:00,true
REV000554,PROD0046,SKU00123,ORD000026,BUY00170,4,แพ็กเรียบร้อย สีตรงกับรูป และใช้งานง่าย,使用顺畅，做工比预期更结实。,Thai,positive,none,2026-02-23T07:39:00+08:00,true
REV000555,PROD0035,SKU00095,ORD000165,BUY00269,5,"Đóng gói gọn gàng, màu giống hình và dễ sử dụng.",包装整洁，颜色与图片一致，性价比不错。,Vietnamese,positive,none,2026-04-22T07:42:00+08:00,true
REV000556,PROD0083,SKU00220,ORD000154,BUY00057,3,Sản phẩm đúng mô tả nhưng phần hoàn thiện khá cơ bản.,功能符合描述，但做工比较普通。,Vietnamese,neutral,none,2026-06-01T10:10:00+08:00,true
REV000557,PROD0081,SKU00213,ORD000408,BUY00260,5,Tamang-tama ang sukat at mukhang matibay ang materyal.,包装整洁，颜色与图片一致，性价比不错。,Filipino,positive,none,2026-02-12T12:01:00+08:00,true
REV000558,PROD0005,SKU00010,ORD000447,BUY00178,3,"Chất lượng phù hợp với giá, thời gian giao hàng bình thường.",与价格基本相符，配送速度一般。,Vietnamese,neutral,none,2026-05-31T09:01:00+08:00,true
REV000559,PROD0049,SKU00133,ORD000177,BUY00246,4,Works smoothly and feels sturdier than expected. Overall experience noted.,使用顺畅，做工比预期更结实。,English,positive,none,2026-05-19T20:48:00+08:00,true
REV000560,PROD0044,SKU00120,ORD000267,BUY00230,5,"Berbaloi dengan harga, penghantaran juga lebih cepat daripada jangkaan.",日常使用很方便，配送也较快。,Malay,positive,none,2026-05-14T06:11:00+08:00,true
REV000561,PROD0091,SKU00239,ORD000284,BUY00091,3,"It works as described, though the finish is fairly basic.",功能符合描述，但做工比较普通。,English,neutral,none,2026-01-30T22:55:00+08:00,true
REV000562,PROD0031,SKU00084,ORD000473,BUY00218,3,"It works as described, though the finish is fairly basic. This was after several days of use.",与价格基本相符，配送速度一般。,English,neutral,packaging,2026-05-03T13:43:00+08:00,true
REV000563,PROD0022,SKU00060,ORD000234,BUY00232,5,ขนาดพอดีและวัสดุดูแข็งแรงสำหรับใช้ทุกวัน,日常使用很方便，配送也较快。,Thai,positive,none,2026-06-29T21:25:00+08:00,true
REV000564,PROD0100,SKU00260,ORD000401,BUY00149,5,ขนาดพอดีและวัสดุดูแข็งแรงสำหรับใช้ทุกวัน,包装整洁，颜色与图片一致，性价比不错。,Thai,positive,none,2026-06-17T02:02:00+08:00,true
REV000565,PROD0013,SKU00031,ORD000001,BUY00155,2,"The item was acceptable, but delivery was much later than promised. This was after several days of use.",收到的商品或配送服务未达到预期。,English,negative,logistics,2026-06-18T03:48:00+08:00,true
REV000566,PROD0031,SKU00085,ORD000038,BUY00071,5,Easy to use every day; delivery was also quicker than expected. This was after several days of use.,使用顺畅，做工比预期更结实。,English,positive,none,2026-04-18T02:58:00+08:00,true
REV000567,PROD0061,SKU00162,ORD000271,BUY00224,4,The finish is clean and the size is exactly right for me.,使用顺畅，做工比预期更结实。,English,positive,none,2026-06-11T06:09:00+08:00,true
REV000568,PROD0017,SKU00046,ORD000306,BUY00128,4,"Đóng gói gọn gàng, màu giống hình và dễ sử dụng.",日常使用很方便，配送也较快。,Vietnamese,positive,none,2026-04-20T22:32:00+08:00,true
REV000569,PROD0074,SKU00195,ORD000094,BUY00160,3,"Produk berfungsi seperti diterangkan, tetapi kemasannya biasa sahaja.",与价格基本相符，配送速度一般。,Malay,neutral,none,2026-05-18T07:21:00+08:00,true
REV000570,PROD0071,SKU00189,ORD000493,BUY00135,4,Kích thước phù hợp và chất liệu khá chắc chắn.,包装整洁，颜色与图片一致，性价比不错。,Vietnamese,positive,none,2026-03-17T21:00:00+08:00,true
REV000571,PROD0083,SKU00219,ORD000102,BUY00135,5,Kích thước phù hợp và chất liệu khá chắc chắn.,包装整洁，颜色与图片一致，性价比不错。,Vietnamese,positive,none,2026-05-16T16:21:00+08:00,true
REV000572,PROD0041,SKU00110,ORD000008,BUY00183,5,"Đóng gói gọn gàng, màu giống hình và dễ sử dụng.",包装整洁，颜色与图片一致，性价比不错。,Vietnamese,positive,none,2026-04-23T18:12:00+08:00,true
REV000573,PROD0082,SKU00218,ORD000133,BUY00132,4,ดีไซน์ใช้งานได้จริง โดยรวมพอใจกับสินค้านี้,日常使用很方便，配送也较快。,Thai,positive,none,2026-05-02T02:26:00+08:00,true
REV000574,PROD0091,SKU00242,ORD000358,BUY00073,4,Easy to use every day; delivery was also quicker than expected. This was after several days of use.,日常使用很方便，配送也较快。,English,positive,none,2026-02-28T00:48:00+08:00,true
REV000575,PROD0074,SKU00196,ORD000299,BUY00103,2,Bahan terasa lebih nipis daripada yang kelihatan dalam senarai.,商品存在质量或使用体验问题。,Malay,negative,material,2026-07-04T03:41:00+08:00,true
REV000576,PROD0076,SKU00200,ORD000300,BUY00248,3,สินค้าใช้งานได้ตามรายละเอียด แต่งานประกอบค่อนข้างธรรมดา,功能符合描述，但做工比较普通。,Thai,neutral,none,2026-04-08T07:55:00+08:00,true
REV000577,PROD0071,SKU00189,ORD000493,BUY00135,1,Sản phẩm ổn nhưng giao hàng chậm hơn dự kiến khá nhiều.,收到的商品或配送服务未达到预期。,Vietnamese,negative,logistics,2026-03-20T01:00:00+08:00,true
REV000578,PROD0042,SKU00114,ORD000317,BUY00234,5,"Desain praktis, saya puas dengan pembelian ini.",包装整洁，颜色与图片一致，性价比不错。,Indonesian,positive,none,2026-02-03T13:11:00+08:00,true
REV000579,PROD0091,SKU00239,ORD000045,BUY00126,5,The finish is clean and the size is exactly right for me. Overall experience noted.,日常使用很方便，配送也较快。,English,positive,none,2026-06-13T16:31:00+08:00,true
REV000580,PROD0041,SKU00109,ORD000438,BUY00247,5,"Đóng gói gọn gàng, màu giống hình và dễ sử dụng.",使用顺畅，做工比预期更结实。,Vietnamese,positive,none,2026-05-14T10:30:00+08:00,true
REV000581,PROD0056,SKU00148,ORD000302,BUY00091,4,"Berbaloi dengan harga, penghantaran juga lebih cepat daripada jangkaan.",日常使用很方便，配送也较快。,Malay,positive,none,2026-05-10T07:44:00+08:00,true
REV000582,PROD0025,SKU00067,ORD000373,BUY00037,5,Easy to use every day; delivery was also quicker than expected. Overall experience noted.,包装整洁，颜色与图片一致，性价比不错。,English,positive,none,2026-03-21T05:31:00+08:00,true
REV000583,PROD0018,SKU00048,ORD000464,BUY00236,5,Ukuran pas dan bahannya terasa kuat untuk dipakai sehari-hari.,使用顺畅，做工比预期更结实。,Indonesian,positive,none,2026-03-30T12:15:00+08:00,true
REV000584,PROD0043,SKU00115,ORD000040,BUY00029,4,The finish is clean and the size is exactly right for me.,使用顺畅，做工比预期更结实。,English,positive,none,2026-03-07T18:57:00+08:00,true
REV000585,PROD0067,SKU00180,ORD000097,BUY00155,4,"Good value, neat packaging, and the color matches the photos.",包装整洁，颜色与图片一致，性价比不错。,English,positive,none,2026-06-07T14:20:00+08:00,true
REV000586,PROD0013,SKU00030,ORD000322,BUY00098,5,"Good value, neat packaging, and the color matches the photos. I hope the next batch improves.",使用顺畅，做工比预期更结实。,English,positive,none,2026-03-02T10:55:00+08:00,true
REV000587,PROD0100,SKU00260,ORD000401,BUY00149,5,ดีไซน์ใช้งานได้จริง โดยรวมพอใจกับสินค้านี้,日常使用很方便，配送也较快。,Thai,positive,none,2026-06-17T05:02:00+08:00,true
REV000588,PROD0070,SKU00186,ORD000133,BUY00132,4,แพ็กเรียบร้อย สีตรงกับรูป และใช้งานง่าย,包装整洁，颜色与图片一致，性价比不错。,Thai,positive,none,2026-04-28T03:26:00+08:00,true
REV000589,PROD0043,SKU00115,ORD000322,BUY00098,5,The finish is clean and the size is exactly right for me. This was after several days of use.,日常使用很方便，配送也较快。,English,positive,none,2026-03-16T17:55:00+08:00,true
REV000590,PROD0009,SKU00021,ORD000378,BUY00028,5,Maayos gamitin at mas matibay kaysa sa inaasahan ko.,日常使用很方便，配送也较快。,Filipino,positive,none,2026-04-07T15:10:00+08:00,true
REV000591,PROD0029,SKU00079,ORD000306,BUY00128,5,Sản phẩm hoạt động tốt và chất lượng tốt hơn mong đợi.,使用顺畅，做工比预期更结实。,Vietnamese,positive,none,2026-05-07T21:32:00+08:00,true
REV000592,PROD0025,SKU00068,ORD000284,BUY00091,5,Easy to use every day; delivery was also quicker than expected. This was after several days of use.,日常使用很方便，配送也较快。,English,positive,none,2026-02-01T12:55:00+08:00,true
REV000593,PROD0035,SKU00093,ORD000493,BUY00135,2,Sản phẩm ổn nhưng giao hàng chậm hơn dự kiến khá nhiều.,商品存在质量或使用体验问题。,Vietnamese,negative,logistics,2026-03-23T15:00:00+08:00,true
REV000594,PROD0030,SKU00080,ORD000485,BUY00247,3,Cukup sesuai harga; waktu pengiriman standar.,功能符合描述，但做工比较普通。,Indonesian,neutral,none,2026-05-04T15:14:00+08:00,true
REV000595,PROD0013,SKU00029,ORD000468,BUY00118,5,Works smoothly and feels sturdier than expected. This was after several days of use.,包装整洁，颜色与图片一致，性价比不错。,English,positive,none,2026-04-08T17:39:00+08:00,true
REV000596,PROD0061,SKU00162,ORD000243,BUY00263,5,"Good value, neat packaging, and the color matches the photos. Overall experience noted.",日常使用很方便，配送也较快。,English,positive,none,2026-02-06T11:02:00+08:00,true
REV000597,PROD0060,SKU00158,ORD000140,BUY00030,5,Produknya berfungsi baik dan kualitasnya lebih bagus dari perkiraan.,使用顺畅，做工比预期更结实。,Indonesian,positive,none,2026-02-10T16:13:00+08:00,true
REV000598,PROD0064,SKU00172,ORD000059,BUY00182,4,ดีไซน์ใช้งานได้จริง โดยรวมพอใจกับสินค้านี้,包装整洁，颜色与图片一致，性价比不错。,Thai,positive,none,2026-02-13T20:14:00+08:00,true
REV000599,PROD0015,SKU00039,ORD000193,BUY00201,1,Mas maikli ang battery life kaysa sa inaasahan.,收到的商品或配送服务未达到预期。,Filipino,negative,battery,2026-06-01T23:00:00+08:00,true
REV000600,PROD0015,SKU00039,ORD000193,BUY00201,5,Maayos gamitin at mas matibay kaysa sa inaasahan ko.,使用顺畅，做工比预期更结实。,Filipino,positive,none,2026-05-23T14:00:00+08:00,true
REV000601,PROD0081,SKU00214,ORD000150,BUY00064,5,Sulit sa presyo at mas mabilis dumating kaysa sa inaasahan.,使用顺畅，做工比预期更结实。,Filipino,positive,none,2026-02-04T08:18:00+08:00,true
REV000602,PROD0054,SKU00144,ORD000336,BUY00173,5,Produknya berfungsi baik dan kualitasnya lebih bagus dari perkiraan.,日常使用很方便，配送也较快。,Indonesian,positive,none,2026-04-16T15:57:00+08:00,true
REV000603,PROD0035,SKU00092,ORD000233,BUY00270,4,Kích thước phù hợp và chất liệu khá chắc chắn.,日常使用很方便，配送也较快。,Vietnamese,positive,none,2026-04-20T00:15:00+08:00,true
REV000604,PROD0011,SKU00025,ORD000103,BUY00288,1,Sản phẩm vẫn dùng được nhưng hộp bên ngoài bị móp.,商品存在质量或使用体验问题。,Vietnamese,negative,packaging,2026-03-06T17:01:00+08:00,true
REV000605,PROD0091,SKU00239,ORD000221,BUY00103,5,Very practical design. I would recommend it to friends. I hope the next batch improves.,使用顺畅，做工比预期更结实。,English,positive,none,2026-07-20T21:23:00+08:00,true
REV000606,PROD0021,SKU00056,ORD000150,BUY00064,5,Maayos gamitin at mas matibay kaysa sa inaasahan ko.,日常使用很方便，配送也较快。,Filipino,positive,none,2026-02-06T14:18:00+08:00,true
REV000607,PROD0032,SKU00088,ORD000210,BUY00149,5,"Pembungkusan kemas, warna sama seperti gambar dan mudah digunakan.",使用顺畅，做工比预期更结实。,Malay,positive,none,2026-02-04T22:42:00+08:00,true
REV000608,PROD0009,SKU00019,ORD000366,BUY00056,5,Maayos gamitin at mas matibay kaysa sa inaasahan ko.,包装整洁，颜色与图片一致，性价比不错。,Filipino,positive,none,2026-03-09T04:09:00+08:00,true
REV000609,PROD0056,SKU00147,ORD000259,BUY00046,3,Sesuai dengan harga; masa penghantaran adalah sederhana.,与价格基本相符，配送速度一般。,Malay,neutral,none,2026-05-15T01:56:00+08:00,true
REV000610,PROD0072,SKU00191,ORD000119,BUY00100,5,Produknya berfungsi baik dan kualitasnya lebih bagus dari perkiraan.,包装整洁，颜色与图片一致，性价比不错。,Indonesian,positive,none,2026-06-17T18:03:00+08:00,true
REV000611,PROD0027,SKU00074,ORD000408,BUY00260,1,Maayos ang item pero masyadong huli ang delivery.,收到的商品或配送服务未达到预期。,Filipino,negative,logistics,2026-02-01T15:01:00+08:00,true
REV000612,PROD0071,SKU00188,ORD000371,BUY00241,3,"Chất lượng phù hợp với giá, thời gian giao hàng bình thường.",与价格基本相符，配送速度一般。,Vietnamese,neutral,none,2026-04-04T17:08:00+08:00,true
REV000613,PROD0005,SKU00010,ORD000397,BUY00046,5,"Đáng tiền, giao hàng cũng nhanh hơn dự kiến.",使用顺畅，做工比预期更结实。,Vietnamese,positive,none,2026-03-02T18:35:00+08:00,true
REV000614,PROD0023,SKU00063,ORD000489,BUY00227,4,Sản phẩm hoạt động tốt và chất lượng tốt hơn mong đợi.,包装整洁，颜色与图片一致，性价比不错。,Vietnamese,positive,none,2026-03-24T11:34:00+08:00,true
REV000615,PROD0049,SKU00133,ORD000038,BUY00071,5,Very practical design. I would recommend it to friends. Overall experience noted.,包装整洁，颜色与图片一致，性价比不错。,English,positive,none,2026-03-31T08:58:00+08:00,true
REV000616,PROD0006,SKU00012,ORD000419,BUY00199,4,"Harganya sepadan, pengiriman juga cukup cepat.",日常使用很方便，配送也较快。,Indonesian,positive,none,2026-06-14T23:05:00+08:00,true
REV000617,PROD0066,SKU00177,ORD000376,BUY00273,1,"Barang sempat berfungsi, tetapi kualitas rakitannya terasa kurang kuat.",问题处理速度较慢，希望改进。,Indonesian,negative,product_quality,2026-04-29T05:48:00+08:00,true
REV000618,PROD0073,SKU00193,ORD000043,BUY00282,2,"The item worked at first, but the build quality feels weak.",问题处理速度较慢，希望改进。,English,negative,product_quality,2026-05-16T07:19:00+08:00,true
REV000619,PROD0023,SKU00062,ORD000250,BUY00046,5,"Thiết kế thực tế, tôi hài lòng với sản phẩm này.",日常使用很方便，配送也较快。,Vietnamese,positive,none,2026-03-07T22:41:00+08:00,true
REV000620,PROD0030,SKU00081,ORD000172,BUY00079,2,"Produknya masih bisa dipakai, tetapi kotak luarnya penyok.",问题处理速度较慢，希望改进。,Indonesian,negative,packaging,2026-01-31T05:20:00+08:00,true
REV000621,PROD0047,SKU00128,ORD000072,BUY00070,5,"Thiết kế thực tế, tôi hài lòng với sản phẩm này.",包装整洁，颜色与图片一致，性价比不错。,Vietnamese,positive,none,2026-04-18T05:20:00+08:00,true
REV000622,PROD0047,SKU00128,ORD000027,BUY00085,5,"Đóng gói gọn gàng, màu giống hình và dễ sử dụng.",日常使用很方便，配送也较快。,Vietnamese,positive,none,2026-05-15T03:39:00+08:00,true
REV000623,PROD0031,SKU00085,ORD000152,BUY00019,4,Easy to use every day; delivery was also quicker than expected. I hope the next batch improves.,日常使用很方便，配送也较快。,English,positive,none,2026-02-24T21:41:00+08:00,true
REV000624,PROD0043,SKU00118,ORD000284,BUY00091,3,"It works as described, though the finish is fairly basic. This was after several days of use.",功能符合描述，但做工比较普通。,English,neutral,none,2026-02-11T09:55:00+08:00,true
REV000625,PROD0039,SKU00106,ORD000266,BUY00235,3,Gumagana ayon sa description pero simple lang ang finish.,与价格基本相符，配送速度一般。,Filipino,neutral,packaging,2026-03-13T17:09:00+08:00,true
REV000626,PROD0054,SKU00143,ORD000439,BUY00123,5,"Kemasan rapi, warna sesuai foto, dan mudah digunakan.",日常使用很方便，配送也较快。,Indonesian,positive,none,2026-02-07T15:22:00+08:00,true
REV000627,PROD0049,SKU00133,ORD000038,BUY00071,3,"It works as described, though the finish is fairly basic. This was after several days of use.",功能符合描述，但做工比较普通。,English,neutral,none,2026-04-14T10:58:00+08:00,true
REV000628,PROD0012,SKU00026,ORD000090,BUY00251,2,"Produknya masih bisa dipakai, tetapi kotak luarnya penyok.",收到的商品或配送服务未达到预期。,Indonesian,negative,packaging,2026-01-20T20:56:00+08:00,true
REV000629,PROD0020,SKU00055,ORD000318,BUY00072,4,"Pembungkusan kemas, warna sama seperti gambar dan mudah digunakan.",使用顺畅，做工比预期更结实。,Malay,positive,none,2026-05-26T11:55:00+08:00,true
REV000630,PROD0065,SKU00175,ORD000385,BUY00240,5,"Đáng tiền, giao hàng cũng nhanh hơn dự kiến.",日常使用很方便，配送也较快。,Vietnamese,positive,none,2026-02-06T23:47:00+08:00,true
REV000631,PROD0050,SKU00136,ORD000272,BUY00246,4,"Berbaloi dengan harga, penghantaran juga lebih cepat daripada jangkaan.",日常使用很方便，配送也较快。,Malay,positive,none,2026-04-11T13:51:00+08:00,true
REV000632,PROD0027,SKU00075,ORD000367,BUY00085,5,Praktikal ang disenyo at nasiyahan ako sa produktong ito.,包装整洁，颜色与图片一致，性价比不错。,Filipino,positive,none,2026-03-27T21:21:00+08:00,true
REV000633,PROD0017,SKU00046,ORD000447,BUY00178,3,Sản phẩm đúng mô tả nhưng phần hoàn thiện khá cơ bản.,与价格基本相符，配送速度一般。,Vietnamese,neutral,none,2026-05-29T21:01:00+08:00,true
REV000634,PROD0058,SKU00156,ORD000399,BUY00237,5,สินค้าใช้งานได้ดีและคุณภาพดีกว่าที่คาดไว้,使用顺畅，做工比预期更结实。,Thai,positive,none,2026-06-01T12:46:00+08:00,true
REV000635,PROD0043,SKU00116,ORD000243,BUY00263,4,"Good value, neat packaging, and the color matches the photos. I hope the next batch improves.",日常使用很方便，配送也较快。,English,positive,none,2026-02-14T07:02:00+08:00,true
REV000636,PROD0095,SKU00251,ORD000250,BUY00046,3,"Chất lượng phù hợp với giá, thời gian giao hàng bình thường.",功能符合描述，但做工比较普通。,Vietnamese,neutral,none,2026-02-25T05:41:00+08:00,true
REV000637,PROD0058,SKU00154,ORD000300,BUY00248,3,คุณภาพเหมาะกับราคา ระยะเวลาจัดส่งปกติ,与价格基本相符，配送速度一般。,Thai,neutral,logistics,2026-04-03T02:55:00+08:00,true
REV000638,PROD0071,SKU00189,ORD000493,BUY00135,5,Kích thước phù hợp và chất liệu khá chắc chắn.,日常使用很方便，配送也较快。,Vietnamese,positive,none,2026-04-01T19:00:00+08:00,true
REV000639,PROD0063,SKU00170,ORD000191,BUY00234,5,"Malinis ang packaging, tugma ang kulay sa larawan, at madaling gamitin.",包装整洁，颜色与图片一致，性价比不错。,Filipino,positive,none,2026-07-12T17:32:00+08:00,true
REV000640,PROD0036,SKU00098,ORD000423,BUY00190,5,"Harganya sepadan, pengiriman juga cukup cepat.",包装整洁，颜色与图片一致，性价比不错。,Indonesian,positive,none,2026-06-30T04:33:00+08:00,true
REV000641,PROD0032,SKU00088,ORD000361,BUY00027,5,"Berbaloi dengan harga, penghantaran juga lebih cepat daripada jangkaan.",使用顺畅，做工比预期更结实。,Malay,positive,none,2026-05-18T21:51:00+08:00,true
REV000642,PROD0095,SKU00249,ORD000084,BUY00087,4,"Thiết kế thực tế, tôi hài lòng với sản phẩm này.",日常使用很方便，配送也较快。,Vietnamese,positive,none,2026-04-09T12:05:00+08:00,true
REV000643,PROD0066,SKU00176,ORD000099,BUY00085,2,Saya menerima variasi yang berbeda dari pilihan pesanan.,收到的商品或配送服务未达到预期。,Indonesian,negative,wrong_item,2026-04-18T17:22:00+08:00,true
REV000644,PROD0085,SKU00225,ORD000379,BUY00103,5,Works smoothly and feels sturdier than expected.,包装整洁，颜色与图片一致，性价比不错。,English,positive,none,2026-03-01T01:44:00+08:00,true
REV000645,PROD0009,SKU00019,ORD000293,BUY00292,5,Praktikal ang disenyo at nasiyahan ako sa produktong ito.,包装整洁，颜色与图片一致，性价比不错。,Filipino,positive,none,2026-05-09T10:46:00+08:00,true
REV000646,PROD0080,SKU00210,ORD000272,BUY00246,5,"Berbaloi dengan harga, penghantaran juga lebih cepat daripada jangkaan.",日常使用很方便，配送也较快。,Malay,positive,none,2026-04-11T21:51:00+08:00,true
REV000647,PROD0038,SKU00102,ORD000135,BUY00225,3,"Produk berfungsi seperti diterangkan, tetapi kemasannya biasa sahaja.",功能符合描述，但做工比较普通。,Malay,neutral,none,2026-05-12T09:29:00+08:00,true
REV000648,PROD0082,SKU00217,ORD000391,BUY00168,5,แพ็กเรียบร้อย สีตรงกับรูป และใช้งานง่าย,使用顺畅，做工比预期更结实。,Thai,positive,none,2026-06-24T23:54:00+08:00,true
REV000649,PROD0066,SKU00177,ORD000423,BUY00190,5,"Desain praktis, saya puas dengan pembelian ini.",使用顺畅，做工比预期更结实。,Indonesian,positive,none,2026-07-05T00:33:00+08:00,true
REV000650,PROD0066,SKU00176,ORD000011,BUY00245,2,"Produknya masih bisa dipakai, tetapi kotak luarnya penyok.",问题处理速度较慢，希望改进。,Indonesian,negative,packaging,2026-02-07T01:26:00+08:00,true
REV000651,PROD0012,SKU00027,ORD000418,BUY00164,5,"Desain praktis, saya puas dengan pembelian ini.",日常使用很方便，配送也较快。,Indonesian,positive,none,2026-02-18T07:44:00+08:00,true
REV000652,PROD0071,SKU00188,ORD000460,BUY00205,5,"Thiết kế thực tế, tôi hài lòng với sản phẩm này.",使用顺畅，做工比预期更结实。,Vietnamese,positive,none,2026-01-13T21:37:00+08:00,true
REV000653,PROD0082,SKU00216,ORD000301,BUY00052,5,คุ้มค่ากับราคา การจัดส่งเร็วกว่าที่คิด,日常使用很方便，配送也较快。,Thai,positive,none,2026-04-01T19:09:00+08:00,true
REV000654,PROD0012,SKU00027,ORD000245,BUY00219,5,"Desain praktis, saya puas dengan pembelian ini.",日常使用很方便，配送也较快。,Indonesian,positive,none,2026-03-24T18:27:00+08:00,true
REV000655,PROD0015,SKU00037,ORD000128,BUY00010,3,Gumagana ayon sa description pero simple lang ang finish.,功能符合描述，但做工比较普通。,Filipino,neutral,none,2026-01-30T02:51:00+08:00,true
REV000656,PROD0065,SKU00174,ORD000207,BUY00089,5,Kích thước phù hợp và chất liệu khá chắc chắn.,使用顺畅，做工比预期更结实。,Vietnamese,positive,none,2026-05-21T02:26:00+08:00,true
REV000657,PROD0093,SKU00244,ORD000486,BUY00125,5,Sulit sa presyo at mas mabilis dumating kaysa sa inaasahan.,日常使用很方便，配送也较快。,Filipino,positive,none,2026-07-10T06:11:00+08:00,true
REV000658,PROD0043,SKU00115,ORD000468,BUY00118,5,"Good value, neat packaging, and the color matches the photos. Overall experience noted.",日常使用很方便，配送也较快。,English,positive,none,2026-04-11T07:39:00+08:00,true
REV000659,PROD0015,SKU00036,ORD000132,BUY00262,5,Tamang-tama ang sukat at mukhang matibay ang materyal.,使用顺畅，做工比预期更结实。,Filipino,positive,none,2026-02-09T18:27:00+08:00,true
REV000660,PROD0053,SKU00140,ORD000488,BUY00006,5,"Đáng tiền, giao hàng cũng nhanh hơn dự kiến.",包装整洁，颜色与图片一致，性价比不错。,Vietnamese,positive,none,2026-07-06T21:19:00+08:00,true
REV000661,PROD0030,SKU00082,ORD000016,BUY00083,4,Produknya berfungsi baik dan kualitasnya lebih bagus dari perkiraan.,使用顺畅，做工比预期更结实。,Indonesian,positive,none,2026-02-15T19:41:00+08:00,true
REV000662,PROD0078,SKU00205,ORD000004,BUY00135,5,"Desain praktis, saya puas dengan pembelian ini.",日常使用很方便，配送也较快。,Indonesian,positive,none,2026-05-01T02:47:00+08:00,true
REV000663,PROD0015,SKU00036,ORD000132,BUY00262,5,Praktikal ang disenyo at nasiyahan ako sa produktong ito.,日常使用很方便，配送也较快。,Filipino,positive,none,2026-02-19T17:27:00+08:00,true
REV000664,PROD0025,SKU00068,ORD000284,BUY00091,4,Very practical design. I would recommend it to friends.,包装整洁，颜色与图片一致，性价比不错。,English,positive,none,2026-02-02T12:55:00+08:00,true
REV000665,PROD0067,SKU00180,ORD000097,BUY00155,5,Very practical design. I would recommend it to friends. This was after several days of use.,日常使用很方便，配送也较快。,English,positive,none,2026-06-04T15:20:00+08:00,true
REV000666,PROD0073,SKU00194,ORD000473,BUY00218,3,"It works as described, though the finish is fairly basic. This was after several days of use.",功能符合描述，但做工比较普通。,English,neutral,none,2026-05-09T22:43:00+08:00,true
REV000667,PROD0017,SKU00044,ORD000321,BUY00285,4,Kích thước phù hợp và chất liệu khá chắc chắn.,使用顺畅，做工比预期更结实。,Vietnamese,positive,none,2026-04-22T03:08:00+08:00,true
REV000668,PROD0100,SKU00260,ORD000401,BUY00149,5,ดีไซน์ใช้งานได้จริง โดยรวมพอใจกับสินค้านี้,使用顺畅，做工比预期更结实。,Thai,positive,none,2026-06-09T19:02:00+08:00,true
REV000669,PROD0046,SKU00123,ORD000009,BUY00001,2,ได้รับตัวเลือกสินค้าไม่ตรงกับที่สั่ง,商品存在质量或使用体验问题。,Thai,negative,wrong_item,2026-05-01T07:33:00+08:00,true
REV000670,PROD0098,SKU00257,ORD000353,BUY00268,4,"Pembungkusan kemas, warna sama seperti gambar dan mudah digunakan.",日常使用很方便，配送也较快。,Malay,positive,none,2026-02-05T08:47:00+08:00,true
REV000671,PROD0097,SKU00255,ORD000322,BUY00098,4,Works smoothly and feels sturdier than expected.,使用顺畅，做工比预期更结实。,English,positive,none,2026-03-05T01:55:00+08:00,true
REV000672,PROD0046,SKU00123,ORD000009,BUY00001,5,แพ็กเรียบร้อย สีตรงกับรูป และใช้งานง่าย,日常使用很方便，配送也较快。,Thai,positive,none,2026-05-04T09:33:00+08:00,true
REV000673,PROD0057,SKU00152,ORD000431,BUY00239,2,Gumana noong una pero mahina ang kalidad ng pagkakagawa.,商品存在质量或使用体验问题。,Filipino,negative,product_quality,2026-06-20T07:56:00+08:00,true
REV000674,PROD0100,SKU00260,ORD000401,BUY00149,5,ดีไซน์ใช้งานได้จริง โดยรวมพอใจกับสินค้านี้,包装整洁，颜色与图片一致，性价比不错。,Thai,positive,none,2026-06-09T18:02:00+08:00,true
REV000675,PROD0016,SKU00042,ORD000073,BUY00240,5,คุ้มค่ากับราคา การจัดส่งเร็วกว่าที่คิด,包装整洁，颜色与图片一致，性价比不错。,Thai,positive,none,2026-03-15T02:01:00+08:00,true
REV000676,PROD0089,SKU00233,ORD000460,BUY00205,3,"Chất lượng phù hợp với giá, thời gian giao hàng bình thường.",与价格基本相符，配送速度一般。,Vietnamese,neutral,none,2026-01-30T11:37:00+08:00,true
REV000677,PROD0054,SKU00144,ORD000336,BUY00173,3,"Produk berfungsi sesuai deskripsi, tetapi finishing-nya biasa saja.",与价格基本相符，配送速度一般。,Indonesian,neutral,none,2026-04-18T23:57:00+08:00,true
REV000678,PROD0063,SKU00168,ORD000114,BUY00299,2,Mas maikli ang battery life kaysa sa inaasahan.,商品存在质量或使用体验问题。,Filipino,negative,battery,2026-04-18T02:17:00+08:00,true
REV000679,PROD0099,SKU00259,ORD000191,BUY00234,5,Maayos gamitin at mas matibay kaysa sa inaasahan ko.,日常使用很方便，配送也较快。,Filipino,positive,none,2026-07-03T14:32:00+08:00,true
REV000680,PROD0059,SKU00157,ORD000074,BUY00017,3,"Chất lượng phù hợp với giá, thời gian giao hàng bình thường.",功能符合描述，但做工比较普通。,Vietnamese,neutral,none,2026-03-28T00:04:00+08:00,true
REV000681,PROD0052,SKU00139,ORD000481,BUY00002,5,ดีไซน์ใช้งานได้จริง โดยรวมพอใจกับสินค้านี้,使用顺畅，做工比预期更结实。,Thai,positive,none,2026-06-25T05:00:00+08:00,true
REV000682,PROD0096,SKU00253,ORD000208,BUY00016,5,Produknya berfungsi baik dan kualitasnya lebih bagus dari perkiraan.,使用顺畅，做工比预期更结实。,Indonesian,positive,none,2026-05-13T06:20:00+08:00,true
REV000683,PROD0051,SKU00137,ORD000118,BUY00070,2,Maayos ang item pero masyadong huli ang delivery.,收到的商品或配送服务未达到预期。,Filipino,negative,logistics,2026-03-15T07:02:00+08:00,true
REV000684,PROD0071,SKU00188,ORD000460,BUY00205,5,"Đáng tiền, giao hàng cũng nhanh hơn dự kiến.",使用顺畅，做工比预期更结实。,Vietnamese,positive,none,2026-02-02T09:37:00+08:00,true
REV000685,PROD0062,SKU00164,ORD000113,BUY00176,5,"Berbaloi dengan harga, penghantaran juga lebih cepat daripada jangkaan.",使用顺畅，做工比预期更结实。,Malay,positive,none,2026-04-16T00:44:00+08:00,true
REV000686,PROD0017,SKU00045,ORD000447,BUY00178,5,Kích thước phù hợp và chất liệu khá chắc chắn.,日常使用很方便，配送也较快。,Vietnamese,positive,none,2026-06-14T08:01:00+08:00,true
REV000687,PROD0025,SKU00067,ORD000373,BUY00037,5,"Good value, neat packaging, and the color matches the photos. Overall experience noted.",包装整洁，颜色与图片一致，性价比不错。,English,positive,none,2026-03-23T01:31:00+08:00,true
REV000688,PROD0070,SKU00184,ORD000369,BUY00283,5,แพ็กเรียบร้อย สีตรงกับรูป และใช้งานง่าย,使用顺畅，做工比预期更结实。,Thai,positive,none,2026-03-14T04:03:00+08:00,true
REV000689,PROD0015,SKU00039,ORD000421,BUY00083,2,Simple lang ang problema pero matagal bago nakakuha ng malinaw na sagot.,收到的商品或配送服务未达到预期。,Filipino,negative,customer_service,2026-06-05T18:09:00+08:00,true
REV000690,PROD0058,SKU00156,ORD000298,BUY00011,5,ขนาดพอดีและวัสดุดูแข็งแรงสำหรับใช้ทุกวัน,包装整洁，颜色与图片一致，性价比不错。,Thai,positive,none,2026-06-15T20:40:00+08:00,true
REV000691,PROD0096,SKU00253,ORD000159,BUY00222,5,"Kemasan rapi, warna sesuai foto, dan mudah digunakan.",包装整洁，颜色与图片一致，性价比不错。,Indonesian,positive,none,2026-05-17T12:13:00+08:00,true
REV000692,PROD0035,SKU00094,ORD000222,BUY00293,2,Vấn đề đơn giản nhưng mất quá lâu mới nhận được phản hồi rõ ràng.,收到的商品或配送服务未达到预期。,Vietnamese,negative,customer_service,2026-02-02T09:22:00+08:00,true
REV000693,PROD0015,SKU00037,ORD000431,BUY00239,5,Maayos gamitin at mas matibay kaysa sa inaasahan ko.,日常使用很方便，配送也较快。,Filipino,positive,none,2026-06-21T14:56:00+08:00,true
REV000694,PROD0078,SKU00203,ORD000240,BUY00159,5,"Desain praktis, saya puas dengan pembelian ini.",使用顺畅，做工比预期更结实。,Indonesian,positive,none,2026-05-11T11:34:00+08:00,true
REV000695,PROD0025,SKU00069,ORD000221,BUY00103,4,The finish is clean and the size is exactly right for me. This was after several days of use.,包装整洁，颜色与图片一致，性价比不错。,English,positive,none,2026-07-19T10:23:00+08:00,true
REV000696,PROD0025,SKU00069,ORD000379,BUY00103,5,"Good value, neat packaging, and the color matches the photos.",使用顺畅，做工比预期更结实。,English,positive,none,2026-02-16T14:44:00+08:00,true
REV000697,PROD0017,SKU00044,ORD000249,BUY00200,5,"Đáng tiền, giao hàng cũng nhanh hơn dự kiến.",包装整洁，颜色与图片一致，性价比不错。,Vietnamese,positive,none,2026-04-09T09:46:00+08:00,true
REV000698,PROD0032,SKU00088,ORD000210,BUY00149,5,Produk berfungsi dengan baik dan kualitinya memuaskan.,包装整洁，颜色与图片一致，性价比不错。,Malay,positive,none,2026-02-05T11:42:00+08:00,true
REV000699,PROD0063,SKU00168,ORD000431,BUY00239,5,Tamang-tama ang sukat at mukhang matibay ang materyal.,包装整洁，颜色与图片一致，性价比不错。,Filipino,positive,none,2026-06-29T22:56:00+08:00,true
REV000700,PROD0015,SKU00039,ORD000421,BUY00083,3,Gumagana ayon sa description pero simple lang ang finish.,功能符合描述，但做工比较普通。,Filipino,neutral,packaging,2026-06-02T15:09:00+08:00,true
REV000701,PROD0043,SKU00118,ORD000437,BUY00022,3,Acceptable for the price; delivery took the usual time. This was after several days of use.,功能符合描述，但做工比较普通。,English,neutral,none,2026-07-03T14:17:00+08:00,true
REV000702,PROD0026,SKU00070,ORD000196,BUY00257,4,Saiz sesuai dan bahan terasa kukuh untuk kegunaan harian.,包装整洁，颜色与图片一致，性价比不错。,Malay,positive,none,2026-05-25T17:37:00+08:00,true
REV000703,PROD0038,SKU00103,ORD000448,BUY00205,5,Saiz sesuai dan bahan terasa kukuh untuk kegunaan harian.,使用顺畅，做工比预期更结实。,Malay,positive,none,2026-03-06T09:08:00+08:00,true
REV000704,PROD0042,SKU00113,ORD000140,BUY00030,4,Produknya berfungsi baik dan kualitasnya lebih bagus dari perkiraan.,使用顺畅，做工比预期更结实。,Indonesian,positive,none,2026-02-04T17:13:00+08:00,true
REV000705,PROD0055,SKU00146,ORD000170,BUY00016,5,Very practical design. I would recommend it to friends. This was after several days of use.,使用顺畅，做工比预期更结实。,English,positive,none,2026-03-22T15:04:00+08:00,true
REV000706,PROD0009,SKU00020,ORD000118,BUY00070,5,"Malinis ang packaging, tugma ang kulay sa larawan, at madaling gamitin.",包装整洁，颜色与图片一致，性价比不错。,Filipino,positive,none,2026-03-10T20:02:00+08:00,true
REV000707,PROD0095,SKU00252,ORD000199,BUY00005,5,Sản phẩm hoạt động tốt và chất lượng tốt hơn mong đợi.,使用顺畅，做工比预期更结实。,Vietnamese,positive,none,2026-01-21T17:58:00+08:00,true
REV000708,PROD0026,SKU00070,ORD000361,BUY00027,4,"Pembungkusan kemas, warna sama seperti gambar dan mudah digunakan.",使用顺畅，做工比预期更结实。,Malay,positive,none,2026-05-18T06:51:00+08:00,true
REV000709,PROD0034,SKU00090,ORD000101,BUY00031,3,คุณภาพเหมาะกับราคา ระยะเวลาจัดส่งปกติ,与价格基本相符，配送速度一般。,Thai,neutral,packaging,2026-05-13T02:29:00+08:00,true
REV000710,PROD0032,SKU00087,ORD000083,BUY00292,4,"Berbaloi dengan harga, penghantaran juga lebih cepat daripada jangkaan.",日常使用很方便，配送也较快。,Malay,positive,none,2026-04-01T10:34:00+08:00,true
REV000711,PROD0073,SKU00192,ORD000270,BUY00287,3,Acceptable for the price; delivery took the usual time. This was after several days of use.,与价格基本相符，配送速度一般。,English,neutral,logistics,2026-04-19T06:06:00+08:00,true
REV000712,PROD0058,SKU00154,ORD000446,BUY00296,4,ดีไซน์ใช้งานได้จริง โดยรวมพอใจกับสินค้านี้,使用顺畅，做工比预期更结实。,Thai,positive,none,2026-03-07T12:25:00+08:00,true
REV000713,PROD0006,SKU00013,ORD000092,BUY00203,4,"Kemasan rapi, warna sesuai foto, dan mudah digunakan.",使用顺畅，做工比预期更结实。,Indonesian,positive,none,2026-07-03T10:30:00+08:00,true
REV000714,PROD0100,SKU00260,ORD000071,BUY00075,4,คุ้มค่ากับราคา การจัดส่งเร็วกว่าที่คิด,日常使用很方便，配送也较快。,Thai,positive,none,2026-03-15T05:21:00+08:00,true
REV000715,PROD0020,SKU00055,ORD000012,BUY00315,2,Saiz sebenar lebih kecil daripada ukuran yang dinyatakan.,收到的商品或配送服务未达到预期。,Malay,negative,size,2026-05-20T05:11:00+08:00,true
REV000716,PROD0061,SKU00162,ORD000342,BUY00209,5,The finish is clean and the size is exactly right for me. This was after several days of use.,使用顺畅，做工比预期更结实。,English,positive,none,2026-06-23T07:52:00+08:00,true
REV000717,PROD0079,SKU00206,ORD000097,BUY00155,4,"Good value, neat packaging, and the color matches the photos.",包装整洁，颜色与图片一致，性价比不错。,English,positive,none,2026-06-21T00:20:00+08:00,true
REV000718,PROD0009,SKU00019,ORD000450,BUY00287,5,Praktikal ang disenyo at nasiyahan ako sa produktong ito.,使用顺畅，做工比预期更结实。,Filipino,positive,none,2026-04-01T05:10:00+08:00,true
REV000719,PROD0082,SKU00217,ORD000348,BUY00297,1,วัสดุบางกว่าที่เห็นในหน้ารายการสินค้า,问题处理速度较慢，希望改进。,Thai,negative,material,2026-05-09T17:32:00+08:00,true
REV000720,PROD0042,SKU00114,ORD000285,BUY00089,5,"Desain praktis, saya puas dengan pembelian ini.",使用顺畅，做工比预期更结实。,Indonesian,positive,none,2026-07-05T07:10:00+08:00,true
REV000721,PROD0025,SKU00068,ORD000284,BUY00091,5,The finish is clean and the size is exactly right for me.,使用顺畅，做工比预期更结实。,English,positive,none,2026-02-13T22:55:00+08:00,true
REV000722,PROD0074,SKU00196,ORD000346,BUY00234,5,"Berbaloi dengan harga, penghantaran juga lebih cepat daripada jangkaan.",使用顺畅，做工比预期更结实。,Malay,positive,none,2026-04-25T08:45:00+08:00,true
REV000723,PROD0029,SKU00077,ORD000238,BUY00075,5,Kích thước phù hợp và chất liệu khá chắc chắn.,包装整洁，颜色与图片一致，性价比不错。,Vietnamese,positive,none,2026-03-14T09:18:00+08:00,true
REV000724,PROD0073,SKU00193,ORD000415,BUY00305,5,Works smoothly and feels sturdier than expected.,使用顺畅，做工比预期更结实。,English,positive,none,2026-05-31T16:16:00+08:00,true
REV000725,PROD0093,SKU00244,ORD000486,BUY00125,2,Maayos ang item pero masyadong huli ang delivery.,问题处理速度较慢，希望改进。,Filipino,negative,logistics,2026-07-10T01:11:00+08:00,true
REV000726,PROD0031,SKU00084,ORD000038,BUY00071,5,Easy to use every day; delivery was also quicker than expected. Overall experience noted.,包装整洁，颜色与图片一致，性价比不错。,English,positive,none,2026-04-15T11:58:00+08:00,true
REV000727,PROD0030,SKU00081,ORD000172,BUY00079,1,"Produknya masih bisa dipakai, tetapi kotak luarnya penyok.",问题处理速度较慢，希望改进。,Indonesian,negative,packaging,2026-02-12T18:20:00+08:00,true
REV000728,PROD0034,SKU00091,ORD000377,BUY00120,5,ดีไซน์ใช้งานได้จริง โดยรวมพอใจกับสินค้านี้,使用顺畅，做工比预期更结实。,Thai,positive,none,2026-05-28T17:59:00+08:00,true
REV000729,PROD0052,SKU00139,ORD000481,BUY00002,4,ดีไซน์ใช้งานได้จริง โดยรวมพอใจกับสินค้านี้,日常使用很方便，配送也较快。,Thai,positive,none,2026-06-11T11:00:00+08:00,true
REV000730,PROD0039,SKU00105,ORD000450,BUY00287,5,Tamang-tama ang sukat at mukhang matibay ang materyal.,日常使用很方便，配送也较快。,Filipino,positive,none,2026-04-03T15:10:00+08:00,true
REV000731,PROD0006,SKU00012,ORD000407,BUY00271,5,"Harganya sepadan, pengiriman juga cukup cepat.",使用顺畅，做工比预期更结实。,Indonesian,positive,none,2026-05-01T14:25:00+08:00,true
REV000732,PROD0054,SKU00142,ORD000028,BUY00152,4,"Desain praktis, saya puas dengan pembelian ini.",日常使用很方便，配送也较快。,Indonesian,positive,none,2026-06-22T01:13:00+08:00,true
REV000733,PROD0056,SKU00147,ORD000125,BUY00096,5,"Pembungkusan kemas, warna sama seperti gambar dan mudah digunakan.",日常使用很方便，配送也较快。,Malay,positive,none,2026-06-30T11:59:00+08:00,true
REV000734,PROD0090,SKU00236,ORD000485,BUY00247,5,"Desain praktis, saya puas dengan pembelian ini.",包装整洁，颜色与图片一致，性价比不错。,Indonesian,positive,none,2026-05-09T03:14:00+08:00,true
REV000735,PROD0089,SKU00234,ORD000002,BUY00142,5,"Thiết kế thực tế, tôi hài lòng với sản phẩm này.",包装整洁，颜色与图片一致，性价比不错。,Vietnamese,positive,none,2026-06-21T01:17:00+08:00,true
REV000736,PROD0097,SKU00255,ORD000001,BUY00155,5,"Good value, neat packaging, and the color matches the photos. This was after several days of use.",包装整洁，颜色与图片一致，性价比不错。,English,positive,none,2026-06-21T16:48:00+08:00,true
REV000737,PROD0004,SKU00007,ORD000047,BUY00227,3,คุณภาพเหมาะกับราคา ระยะเวลาจัดส่งปกติ,功能符合描述，但做工比较普通。,Thai,neutral,logistics,2026-04-27T18:22:00+08:00,true
REV000738,PROD0043,SKU00117,ORD000156,BUY00076,5,Very practical design. I would recommend it to friends. I hope the next batch improves.,日常使用很方便，配送也较快。,English,positive,none,2026-05-24T00:55:00+08:00,true
REV000739,PROD0060,SKU00161,ORD000349,BUY00318,4,"Desain praktis, saya puas dengan pembelian ini.",使用顺畅，做工比预期更结实。,Indonesian,positive,none,2026-03-26T03:52:00+08:00,true
REV000740,PROD0006,SKU00012,ORD000215,BUY00263,5,"Desain praktis, saya puas dengan pembelian ini.",包装整洁，颜色与图片一致，性价比不错。,Indonesian,positive,none,2026-06-25T14:54:00+08:00,true
REV000741,PROD0032,SKU00088,ORD000210,BUY00149,5,"Berbaloi dengan harga, penghantaran juga lebih cepat daripada jangkaan.",包装整洁，颜色与图片一致，性价比不错。,Malay,positive,none,2026-02-23T23:42:00+08:00,true
REV000742,PROD0023,SKU00063,ORD000249,BUY00200,4,"Đóng gói gọn gàng, màu giống hình và dễ sử dụng.",日常使用很方便，配送也较快。,Vietnamese,positive,none,2026-04-07T07:46:00+08:00,true
REV000743,PROD0090,SKU00238,ORD000004,BUY00135,4,"Harganya sepadan, pengiriman juga cukup cepat.",日常使用很方便，配送也较快。,Indonesian,positive,none,2026-05-06T05:47:00+08:00,true
REV000744,PROD0079,SKU00207,ORD000237,BUY00251,3,Acceptable for the price; delivery took the usual time. This was after several days of use.,与价格基本相符，配送速度一般。,English,neutral,none,2026-06-02T08:58:00+08:00,true
REV000745,PROD0061,SKU00162,ORD000045,BUY00126,5,Easy to use every day; delivery was also quicker than expected. This was after several days of use.,日常使用很方便，配送也较快。,English,positive,none,2026-06-25T03:31:00+08:00,true
REV000746,PROD0043,SKU00118,ORD000134,BUY00317,5,Works smoothly and feels sturdier than expected. Overall experience noted.,包装整洁，颜色与图片一致，性价比不错。,English,positive,none,2026-05-27T13:11:00+08:00,true
REV000747,PROD0046,SKU00125,ORD000257,BUY00154,5,ขนาดพอดีและวัสดุดูแข็งแรงสำหรับใช้ทุกวัน,包装整洁，颜色与图片一致，性价比不错。,Thai,positive,none,2026-07-17T07:45:00+08:00,true
REV000748,PROD0047,SKU00126,ORD000217,BUY00041,4,"Đóng gói gọn gàng, màu giống hình và dễ sử dụng.",包装整洁，颜色与图片一致，性价比不错。,Vietnamese,positive,none,2026-05-23T17:55:00+08:00,true
REV000749,PROD0066,SKU00179,ORD000330,BUY00052,4,Produknya berfungsi baik dan kualitasnya lebih bagus dari perkiraan.,日常使用很方便，配送也较快。,Indonesian,positive,none,2026-02-02T23:17:00+08:00,true
REV000750,PROD0006,SKU00012,ORD000412,BUY00023,5,Ukuran pas dan bahannya terasa kuat untuk dipakai sehari-hari.,日常使用很方便，配送也较快。,Indonesian,positive,none,2026-04-18T06:39:00+08:00,true
REV000751,PROD0065,SKU00175,ORD000306,BUY00128,4,Sản phẩm hoạt động tốt và chất lượng tốt hơn mong đợi.,使用顺畅，做工比预期更结实。,Vietnamese,positive,none,2026-04-21T04:32:00+08:00,true
REV000752,PROD0059,SKU00157,ORD000077,BUY00039,4,"Thiết kế thực tế, tôi hài lòng với sản phẩm này.",日常使用很方便，配送也较快。,Vietnamese,positive,none,2026-04-15T01:39:00+08:00,true
REV000753,PROD0043,SKU00118,ORD000045,BUY00126,5,Very practical design. I would recommend it to friends. I hope the next batch improves.,使用顺畅，做工比预期更结实。,English,positive,none,2026-06-05T12:31:00+08:00,true
REV000754,PROD0022,SKU00060,ORD000234,BUY00232,5,สินค้าใช้งานได้ดีและคุณภาพดีกว่าที่คาดไว้,日常使用很方便，配送也较快。,Thai,positive,none,2026-06-20T18:25:00+08:00,true
REV000755,PROD0049,SKU00133,ORD000441,BUY00220,5,Very practical design. I would recommend it to friends. I hope the next batch improves.,包装整洁，颜色与图片一致，性价比不错。,English,positive,none,2026-04-17T09:38:00+08:00,true
REV000756,PROD0094,SKU00246,ORD000388,BUY00159,3,สินค้าใช้งานได้ตามรายละเอียด แต่งานประกอบค่อนข้างธรรมดา,与价格基本相符，配送速度一般。,Thai,neutral,none,2026-01-24T08:38:00+08:00,true
REV000757,PROD0069,SKU00183,ORD000137,BUY00107,5,Tamang-tama ang sukat at mukhang matibay ang materyal.,使用顺畅，做工比预期更结实。,Filipino,positive,none,2026-04-03T10:11:00+08:00,true
REV000758,PROD0016,SKU00041,ORD000047,BUY00227,5,แพ็กเรียบร้อย สีตรงกับรูป และใช้งานง่าย,包装整洁，颜色与图片一致，性价比不错。,Thai,positive,none,2026-05-04T16:22:00+08:00,true
REV000759,PROD0037,SKU00100,ORD000075,BUY00020,5,The finish is clean and the size is exactly right for me. I hope the next batch improves.,包装整洁，颜色与图片一致，性价比不错。,English,positive,none,2026-02-02T20:07:00+08:00,true
REV000760,PROD0071,SKU00188,ORD000163,BUY00069,5,"Thiết kế thực tế, tôi hài lòng với sản phẩm này.",使用顺畅，做工比预期更结实。,Vietnamese,positive,none,2026-07-10T03:16:00+08:00,true
REV000761,PROD0030,SKU00082,ORD000423,BUY00190,4,"Harganya sepadan, pengiriman juga cukup cepat.",日常使用很方便，配送也较快。,Indonesian,positive,none,2026-06-22T21:33:00+08:00,true
REV000762,PROD0021,SKU00056,ORD000150,BUY00064,3,Gumagana ayon sa description pero simple lang ang finish.,功能符合描述，但做工比较普通。,Filipino,neutral,none,2026-01-23T01:18:00+08:00,true
REV000763,PROD0031,SKU00085,ORD000152,BUY00019,5,Very practical design. I would recommend it to friends. Overall experience noted.,使用顺畅，做工比预期更结实。,English,positive,none,2026-02-19T21:41:00+08:00,true
REV000764,PROD0055,SKU00146,ORD000415,BUY00305,5,Very practical design. I would recommend it to friends. This was after several days of use.,日常使用很方便，配送也较快。,English,positive,none,2026-06-14T13:16:00+08:00,true
REV000765,PROD0094,SKU00246,ORD000429,BUY00284,5,คุ้มค่ากับราคา การจัดส่งเร็วกว่าที่คิด,包装整洁，颜色与图片一致，性价比不错。,Thai,positive,none,2026-02-24T16:10:00+08:00,true
REV000766,PROD0024,SKU00065,ORD000336,BUY00173,2,Saya menerima variasi yang berbeda dari pilihan pesanan.,问题处理速度较慢，希望改进。,Indonesian,negative,wrong_item,2026-04-03T20:57:00+08:00,true
REV000767,PROD0091,SKU00240,ORD000146,BUY00043,1,The sizing runs smaller than the measurements shown.,收到的商品或配送服务未达到预期。,English,negative,size,2026-03-07T03:21:00+08:00,true
REV000768,PROD0082,SKU00216,ORD000301,BUY00052,5,ดีไซน์ใช้งานได้จริง โดยรวมพอใจกับสินค้านี้,包装整洁，颜色与图片一致，性价比不错。,Thai,positive,none,2026-04-02T10:09:00+08:00,true
REV000769,PROD0091,SKU00239,ORD000045,BUY00126,5,"Good value, neat packaging, and the color matches the photos. Overall experience noted.",使用顺畅，做工比预期更结实。,English,positive,none,2026-06-13T06:31:00+08:00,true
REV000770,PROD0065,SKU00175,ORD000385,BUY00240,4,Kích thước phù hợp và chất liệu khá chắc chắn.,使用顺畅，做工比预期更结实。,Vietnamese,positive,none,2026-02-17T16:47:00+08:00,true
REV000771,PROD0083,SKU00219,ORD000102,BUY00135,5,Sản phẩm hoạt động tốt và chất lượng tốt hơn mong đợi.,包装整洁，颜色与图片一致，性价比不错。,Vietnamese,positive,none,2026-06-04T09:21:00+08:00,true
REV000772,PROD0063,SKU00169,ORD000424,BUY00178,1,Nagagamit pa ang produkto pero yupi ang kahon pagdating.,问题处理速度较慢，希望改进。,Filipino,negative,packaging,2026-04-07T20:03:00+08:00,true
REV000773,PROD0014,SKU00032,ORD000083,BUY00292,5,"Berbaloi dengan harga, penghantaran juga lebih cepat daripada jangkaan.",使用顺畅，做工比预期更结实。,Malay,positive,none,2026-03-21T07:34:00+08:00,true
REV000774,PROD0020,SKU00055,ORD000012,BUY00315,5,Saiz sesuai dan bahan terasa kukuh untuk kegunaan harian.,日常使用很方便，配送也较快。,Malay,positive,none,2026-05-26T10:11:00+08:00,true
REV000775,PROD0036,SKU00097,ORD000485,BUY00247,4,"Harganya sepadan, pengiriman juga cukup cepat.",日常使用很方便，配送也较快。,Indonesian,positive,none,2026-05-22T11:14:00+08:00,true
REV000776,PROD0020,SKU00054,ORD000353,BUY00268,5,"Pembungkusan kemas, warna sama seperti gambar dan mudah digunakan.",使用顺畅，做工比预期更结实。,Malay,positive,none,2026-02-03T16:47:00+08:00,true
REV000777,PROD0094,SKU00248,ORD000089,BUY00105,3,สินค้าใช้งานได้ตามรายละเอียด แต่งานประกอบค่อนข้างธรรมดา,功能符合描述，但做工比较普通。,Thai,neutral,none,2026-03-30T07:08:00+08:00,true
REV000778,PROD0039,SKU00105,ORD000150,BUY00064,5,Praktikal ang disenyo at nasiyahan ako sa produktong ito.,日常使用很方便，配送也较快。,Filipino,positive,none,2026-02-07T01:18:00+08:00,true
REV000779,PROD0026,SKU00070,ORD000196,BUY00257,1,"Masalahnya mudah, tetapi terlalu lama untuk menerima jawapan yang jelas.",问题处理速度较慢，希望改进。,Malay,negative,customer_service,2026-05-28T08:37:00+08:00,true
REV000780,PROD0015,SKU00039,ORD000193,BUY00201,1,Simple lang ang problema pero matagal bago nakakuha ng malinaw na sagot.,问题处理速度较慢，希望改进。,Filipino,negative,customer_service,2026-06-08T07:00:00+08:00,true
REV000781,PROD0017,SKU00046,ORD000163,BUY00069,5,"Đóng gói gọn gàng, màu giống hình và dễ sử dụng.",使用顺畅，做工比预期更结实。,Vietnamese,positive,none,2026-07-09T11:16:00+08:00,true
REV000782,PROD0095,SKU00251,ORD000102,BUY00135,5,"Đóng gói gọn gàng, màu giống hình và dễ sử dụng.",使用顺畅，做工比预期更结实。,Vietnamese,positive,none,2026-05-15T08:21:00+08:00,true
REV000783,PROD0049,SKU00132,ORD000146,BUY00043,5,Very practical design. I would recommend it to friends.,日常使用很方便，配送也较快。,English,positive,none,2026-03-04T19:21:00+08:00,true
REV000784,PROD0084,SKU00221,ORD000016,BUY00083,5,"Harganya sepadan, pengiriman juga cukup cepat.",日常使用很方便，配送也较快。,Indonesian,positive,none,2026-02-07T09:41:00+08:00,true
REV000785,PROD0070,SKU00185,ORD000071,BUY00075,5,ดีไซน์ใช้งานได้จริง โดยรวมพอใจกับสินค้านี้,使用顺畅，做工比预期更结实。,Thai,positive,none,2026-03-24T18:21:00+08:00,true
REV000786,PROD0037,SKU00100,ORD000075,BUY00020,5,Very practical design. I would recommend it to friends.,日常使用很方便，配送也较快。,English,positive,none,2026-02-01T09:07:00+08:00,true
REV000787,PROD0095,SKU00250,ORD000274,BUY00118,5,Sản phẩm hoạt động tốt và chất lượng tốt hơn mong đợi.,使用顺畅，做工比预期更结实。,Vietnamese,positive,none,2026-05-31T21:49:00+08:00,true
REV000788,PROD0009,SKU00020,ORD000191,BUY00234,4,Praktikal ang disenyo at nasiyahan ako sa produktong ito.,使用顺畅，做工比预期更结实。,Filipino,positive,none,2026-07-18T17:32:00+08:00,true
REV000789,PROD0033,SKU00089,ORD000366,BUY00056,4,Praktikal ang disenyo at nasiyahan ako sa produktong ito.,使用顺畅，做工比预期更结实。,Filipino,positive,none,2026-03-02T00:09:00+08:00,true
REV000790,PROD0051,SKU00137,ORD000424,BUY00178,5,Tamang-tama ang sukat at mukhang matibay ang materyal.,使用顺畅，做工比预期更结实。,Filipino,positive,none,2026-04-07T07:03:00+08:00,true
REV000791,PROD0057,SKU00153,ORD000118,BUY00070,5,Sulit sa presyo at mas mabilis dumating kaysa sa inaasahan.,日常使用很方便，配送也较快。,Filipino,positive,none,2026-03-12T01:02:00+08:00,true
REV000792,PROD0081,SKU00213,ORD000223,BUY00026,5,Maayos gamitin at mas matibay kaysa sa inaasahan ko.,包装整洁，颜色与图片一致，性价比不错。,Filipino,positive,none,2026-04-12T01:48:00+08:00,true
REV000793,PROD0094,SKU00245,ORD000401,BUY00149,5,สินค้าใช้งานได้ดีและคุณภาพดีกว่าที่คาดไว้,使用顺畅，做工比预期更结实。,Thai,positive,none,2026-06-10T21:02:00+08:00,true
REV000794,PROD0043,SKU00117,ORD000284,BUY00091,5,The finish is clean and the size is exactly right for me. Overall experience noted.,日常使用很方便，配送也较快。,English,positive,none,2026-02-11T08:55:00+08:00,true
REV000795,PROD0098,SKU00258,ORD000085,BUY00251,5,Reka bentuk praktikal dan saya berpuas hati dengan pembelian ini.,包装整洁，颜色与图片一致，性价比不错。,Malay,positive,none,2026-07-17T18:14:00+08:00,true
REV000796,PROD0023,SKU00063,ORD000489,BUY00227,5,"Đóng gói gọn gàng, màu giống hình và dễ sử dụng.",包装整洁，颜色与图片一致，性价比不错。,Vietnamese,positive,none,2026-03-25T12:34:00+08:00,true
REV000797,PROD0081,SKU00213,ORD000063,BUY00318,5,Tamang-tama ang sukat at mukhang matibay ang materyal.,使用顺畅，做工比预期更结实。,Filipino,positive,none,2026-04-26T03:52:00+08:00,true
REV000798,PROD0030,SKU00083,ORD000155,BUY00176,3,"Produk berfungsi sesuai deskripsi, tetapi finishing-nya biasa saja.",与价格基本相符，配送速度一般。,Indonesian,neutral,none,2026-07-24T12:58:00+08:00,true
REV000799,PROD0091,SKU00239,ORD000045,BUY00126,4,The finish is clean and the size is exactly right for me. This was after several days of use.,包装整洁，颜色与图片一致，性价比不错。,English,positive,none,2026-06-18T03:31:00+08:00,true
REV000800,PROD0008,SKU00018,ORD000456,BUY00199,3,"Produk berfungsi seperti diterangkan, tetapi kemasannya biasa sahaja.",功能符合描述，但做工比较普通。,Malay,neutral,packaging,2026-06-14T05:01:00+08:00,true
REV000801,PROD0019,SKU00052,ORD000182,BUY00037,5,Easy to use every day; delivery was also quicker than expected.,使用顺畅，做工比预期更结实。,English,positive,none,2026-03-25T23:03:00+08:00,true
REV000802,PROD0077,SKU00202,ORD000207,BUY00089,3,Sản phẩm đúng mô tả nhưng phần hoàn thiện khá cơ bản.,功能符合描述，但做工比较普通。,Vietnamese,neutral,none,2026-05-29T22:26:00+08:00,true
REV000803,PROD0046,SKU00123,ORD000446,BUY00296,3,สินค้าใช้งานได้ตามรายละเอียด แต่งานประกอบค่อนข้างธรรมดา,功能符合描述，但做工比较普通。,Thai,neutral,none,2026-02-21T23:25:00+08:00,true
REV000804,PROD0081,SKU00214,ORD000063,BUY00318,5,Praktikal ang disenyo at nasiyahan ako sa produktong ito.,包装整洁，颜色与图片一致，性价比不错。,Filipino,positive,none,2026-05-01T14:52:00+08:00,true
REV000805,PROD0038,SKU00104,ORD000175,BUY00214,5,Saiz sesuai dan bahan terasa kukuh untuk kegunaan harian.,包装整洁，颜色与图片一致，性价比不错。,Malay,positive,none,2026-05-10T10:43:00+08:00,true
REV000806,PROD0058,SKU00154,ORD000429,BUY00284,1,ขนาดจริงเล็กกว่าตารางวัดที่แสดงไว้,收到的商品或配送服务未达到预期。,Thai,negative,size,2026-02-17T07:10:00+08:00,true
REV000807,PROD0026,SKU00070,ORD000396,BUY00314,5,Reka bentuk praktikal dan saya berpuas hati dengan pembelian ini.,使用顺畅，做工比预期更结实。,Malay,positive,none,2026-04-22T06:02:00+08:00,true
REV000808,PROD0083,SKU00219,ORD000426,BUY00168,5,"Đóng gói gọn gàng, màu giống hình và dễ sử dụng.",包装整洁，颜色与图片一致，性价比不错。,Vietnamese,positive,none,2026-07-05T22:13:00+08:00,true
REV000809,PROD0030,SKU00083,ORD000240,BUY00159,4,"Desain praktis, saya puas dengan pembelian ini.",使用顺畅，做工比预期更结实。,Indonesian,positive,none,2026-04-27T16:34:00+08:00,true
REV000810,PROD0054,SKU00142,ORD000354,BUY00184,5,"Harganya sepadan, pengiriman juga cukup cepat.",使用顺畅，做工比预期更结实。,Indonesian,positive,none,2026-03-27T17:38:00+08:00,true
REV000811,PROD0065,SKU00174,ORD000282,BUY00161,5,"Đóng gói gọn gàng, màu giống hình và dễ sử dụng.",使用顺畅，做工比预期更结实。,Vietnamese,positive,none,2026-07-11T22:44:00+08:00,true
REV000812,PROD0024,SKU00064,ORD000495,BUY00179,3,"Produk berfungsi sesuai deskripsi, tetapi finishing-nya biasa saja.",与价格基本相符，配送速度一般。,Indonesian,neutral,none,2026-02-14T22:11:00+08:00,true
REV000813,PROD0036,SKU00098,ORD000418,BUY00164,3,"Produk berfungsi sesuai deskripsi, tetapi finishing-nya biasa saja.",功能符合描述，但做工比较普通。,Indonesian,neutral,none,2026-03-04T13:44:00+08:00,true
REV000814,PROD0011,SKU00025,ORD000274,BUY00118,4,"Thiết kế thực tế, tôi hài lòng với sản phẩm này.",使用顺畅，做工比预期更结实。,Vietnamese,positive,none,2026-06-01T06:49:00+08:00,true
REV000815,PROD0077,SKU00202,ORD000176,BUY00317,5,Kích thước phù hợp và chất liệu khá chắc chắn.,日常使用很方便，配送也较快。,Vietnamese,positive,none,2026-06-07T08:06:00+08:00,true
REV000816,PROD0030,SKU00081,ORD000443,BUY00113,5,Ukuran pas dan bahannya terasa kuat untuk dipakai sehari-hari.,包装整洁，颜色与图片一致，性价比不错。,Indonesian,positive,none,2026-06-17T14:50:00+08:00,true
REV000817,PROD0096,SKU00253,ORD000439,BUY00123,5,"Kemasan rapi, warna sesuai foto, dan mudah digunakan.",包装整洁，颜色与图片一致，性价比不错。,Indonesian,positive,none,2026-01-28T14:22:00+08:00,true
REV000818,PROD0008,SKU00018,ORD000019,BUY00290,5,Reka bentuk praktikal dan saya berpuas hati dengan pembelian ini.,包装整洁，颜色与图片一致，性价比不错。,Malay,positive,none,2026-05-07T09:46:00+08:00,true
REV000819,PROD0060,SKU00161,ORD000294,BUY00222,5,"Kemasan rapi, warna sesuai foto, dan mudah digunakan.",包装整洁，颜色与图片一致，性价比不错。,Indonesian,positive,none,2026-05-14T04:34:00+08:00,true
REV000820,PROD0009,SKU00019,ORD000293,BUY00292,3,Katanggap-tanggap sa presyo at normal ang tagal ng delivery.,与价格基本相符，配送速度一般。,Filipino,neutral,logistics,2026-04-27T21:46:00+08:00,true
REV000821,PROD0011,SKU00025,ORD000380,BUY00019,4,"Thiết kế thực tế, tôi hài lòng với sản phẩm này.",日常使用很方便，配送也较快。,Vietnamese,positive,none,2026-06-26T14:36:00+08:00,true
REV000822,PROD0073,SKU00193,ORD000022,BUY00173,5,Easy to use every day; delivery was also quicker than expected. I hope the next batch improves.,日常使用很方便，配送也较快。,English,positive,none,2026-03-05T11:44:00+08:00,true
REV000823,PROD0055,SKU00145,ORD000237,BUY00251,5,Works smoothly and feels sturdier than expected.,日常使用很方便，配送也较快。,English,positive,none,2026-05-20T02:58:00+08:00,true
REV000824,PROD0058,SKU00154,ORD000328,BUY00283,5,สินค้าใช้งานได้ดีและคุณภาพดีกว่าที่คาดไว้,日常使用很方便，配送也较快。,Thai,positive,none,2026-04-05T15:07:00+08:00,true
REV000825,PROD0097,SKU00254,ORD000248,BUY00283,5,Works smoothly and feels sturdier than expected.,日常使用很方便，配送也较快。,English,positive,none,2026-04-14T18:07:00+08:00,true
REV000826,PROD0065,SKU00174,ORD000282,BUY00161,5,Kích thước phù hợp và chất liệu khá chắc chắn.,使用顺畅，做工比预期更结实。,Vietnamese,positive,none,2026-07-05T17:44:00+08:00,true
REV000827,PROD0071,SKU00188,ORD000460,BUY00205,5,"Đóng gói gọn gàng, màu giống hình và dễ sử dụng.",使用顺畅，做工比预期更结实。,Vietnamese,positive,none,2026-01-27T16:37:00+08:00,true
REV000828,PROD0001,SKU00001,ORD000271,BUY00224,3,"It works as described, though the finish is fairly basic.",功能符合描述，但做工比较普通。,English,neutral,none,2026-06-17T03:09:00+08:00,true
REV000829,PROD0015,SKU00036,ORD000106,BUY00104,5,Sulit sa presyo at mas mabilis dumating kaysa sa inaasahan.,使用顺畅，做工比预期更结实。,Filipino,positive,none,2026-04-16T13:33:00+08:00,true
REV000830,PROD0047,SKU00128,ORD000351,BUY00140,3,"Chất lượng phù hợp với giá, thời gian giao hàng bình thường.",功能符合描述，但做工比较普通。,Vietnamese,neutral,packaging,2026-06-18T06:59:00+08:00,true
REV000831,PROD0057,SKU00152,ORD000171,BUY00187,5,"Malinis ang packaging, tugma ang kulay sa larawan, at madaling gamitin.",使用顺畅，做工比预期更结实。,Filipino,positive,none,2026-04-24T19:45:00+08:00,true
REV000832,PROD0031,SKU00085,ORD000280,BUY00006,5,The finish is clean and the size is exactly right for me. This was after several days of use.,日常使用很方便，配送也较快。,English,positive,none,2026-06-19T17:37:00+08:00,true
REV000833,PROD0043,SKU00117,ORD000270,BUY00287,5,The finish is clean and the size is exactly right for me. Overall experience noted.,使用顺畅，做工比预期更结实。,English,positive,none,2026-04-20T05:06:00+08:00,true
REV000834,PROD0082,SKU00216,ORD000363,BUY00166,5,คุ้มค่ากับราคา การจัดส่งเร็วกว่าที่คิด,日常使用很方便，配送也较快。,Thai,positive,none,2026-04-26T09:00:00+08:00,true
REV000835,PROD0058,SKU00155,ORD000107,BUY00248,5,ขนาดพอดีและวัสดุดูแข็งแรงสำหรับใช้ทุกวัน,使用顺畅，做工比预期更结实。,Thai,positive,none,2026-02-02T20:31:00+08:00,true
REV000836,PROD0063,SKU00169,ORD000359,BUY00186,5,Tamang-tama ang sukat at mukhang matibay ang materyal.,日常使用很方便，配送也较快。,Filipino,positive,none,2026-04-07T13:29:00+08:00,true
REV000837,PROD0042,SKU00111,ORD000092,BUY00203,4,"Harganya sepadan, pengiriman juga cukup cepat.",使用顺畅，做工比预期更结实。,Indonesian,positive,none,2026-06-27T23:30:00+08:00,true
REV000838,PROD0009,SKU00021,ORD000181,BUY00031,5,"Malinis ang packaging, tugma ang kulay sa larawan, at madaling gamitin.",包装整洁，颜色与图片一致，性价比不错。,Filipino,positive,none,2026-02-08T07:27:00+08:00,true
REV000839,PROD0062,SKU00164,ORD000113,BUY00176,4,Saiz sesuai dan bahan terasa kukuh untuk kegunaan harian.,使用顺畅，做工比预期更结实。,Malay,positive,none,2026-04-26T07:44:00+08:00,true
REV000840,PROD0020,SKU00055,ORD000012,BUY00315,4,Reka bentuk praktikal dan saya berpuas hati dengan pembelian ini.,使用顺畅，做工比预期更结实。,Malay,positive,none,2026-05-14T15:11:00+08:00,true
REV000841,PROD0025,SKU00068,ORD000453,BUY00189,1,"The item worked at first, but the build quality feels weak.",商品存在质量或使用体验问题。,English,negative,product_quality,2026-02-14T06:17:00+08:00,true
REV000842,PROD0061,SKU00162,ORD000045,BUY00126,4,"Good value, neat packaging, and the color matches the photos. Overall experience noted.",包装整洁，颜色与图片一致，性价比不错。,English,positive,none,2026-06-12T15:31:00+08:00,true
REV000843,PROD0010,SKU00024,ORD000446,BUY00296,3,สินค้าใช้งานได้ตามรายละเอียด แต่งานประกอบค่อนข้างธรรมดา,与价格基本相符，配送速度一般。,Thai,neutral,none,2026-02-27T13:25:00+08:00,true
REV000844,PROD0074,SKU00195,ORD000082,BUY00209,5,"Pembungkusan kemas, warna sama seperti gambar dan mudah digunakan.",日常使用很方便，配送也较快。,Malay,positive,none,2026-04-07T14:56:00+08:00,true
REV000845,PROD0025,SKU00067,ORD000280,BUY00006,5,Very practical design. I would recommend it to friends.,使用顺畅，做工比预期更结实。,English,positive,none,2026-06-19T14:37:00+08:00,true
REV000846,PROD0081,SKU00214,ORD000266,BUY00235,5,Tamang-tama ang sukat at mukhang matibay ang materyal.,日常使用很方便，配送也较快。,Filipino,positive,none,2026-03-03T20:09:00+08:00,true
REV000847,PROD0055,SKU00145,ORD000473,BUY00218,4,Works smoothly and feels sturdier than expected. Overall experience noted.,包装整洁，颜色与图片一致，性价比不错。,English,positive,none,2026-05-03T10:43:00+08:00,true
REV000848,PROD0006,SKU00013,ORD000092,BUY00203,4,Ukuran pas dan bahannya terasa kuat untuk dipakai sehari-hari.,包装整洁，颜色与图片一致，性价比不错。,Indonesian,positive,none,2026-06-15T17:30:00+08:00,true
REV000849,PROD0013,SKU00030,ORD000322,BUY00098,3,"It works as described, though the finish is fairly basic. I hope the next batch improves.",功能符合描述，但做工比较普通。,English,neutral,none,2026-03-20T10:55:00+08:00,true
REV000850,PROD0020,SKU00055,ORD000012,BUY00315,5,"Berbaloi dengan harga, penghantaran juga lebih cepat daripada jangkaan.",日常使用很方便，配送也较快。,Malay,positive,none,2026-05-31T21:11:00+08:00,true
REV000851,PROD0004,SKU00009,ORD000377,BUY00120,4,ขนาดพอดีและวัสดุดูแข็งแรงสำหรับใช้ทุกวัน,包装整洁，颜色与图片一致，性价比不错。,Thai,positive,none,2026-05-18T17:59:00+08:00,true
REV000852,PROD0044,SKU00119,ORD000381,BUY00112,4,Produk berfungsi dengan baik dan kualitinya memuaskan.,使用顺畅，做工比预期更结实。,Malay,positive,none,2026-03-15T11:26:00+08:00,true
REV000853,PROD0091,SKU00240,ORD000146,BUY00043,5,Works smoothly and feels sturdier than expected. I hope the next batch improves.,日常使用很方便，配送也较快。,English,positive,none,2026-03-02T06:21:00+08:00,true
REV000854,PROD0031,SKU00084,ORD000243,BUY00263,5,Easy to use every day; delivery was also quicker than expected. I hope the next batch improves.,包装整洁，颜色与图片一致，性价比不错。,English,positive,none,2026-02-18T12:02:00+08:00,true
REV000855,PROD0087,SKU00230,ORD000063,BUY00318,5,Sulit sa presyo at mas mabilis dumating kaysa sa inaasahan.,包装整洁，颜色与图片一致，性价比不错。,Filipino,positive,none,2026-04-16T07:52:00+08:00,true
REV000856,PROD0025,SKU00069,ORD000441,BUY00220,4,Easy to use every day; delivery was also quicker than expected. I hope the next batch improves.,使用顺畅，做工比预期更结实。,English,positive,none,2026-05-09T01:38:00+08:00,true
REV000857,PROD0019,SKU00051,ORD000271,BUY00224,5,Works smoothly and feels sturdier than expected. I hope the next batch improves.,包装整洁，颜色与图片一致，性价比不错。,English,positive,none,2026-06-04T11:09:00+08:00,true
REV000858,PROD0029,SKU00077,ORD000327,BUY00159,5,"Đáng tiền, giao hàng cũng nhanh hơn dự kiến.",使用顺畅，做工比预期更结实。,Vietnamese,positive,none,2026-03-22T00:53:00+08:00,true
REV000859,PROD0009,SKU00019,ORD000450,BUY00287,2,Mas maliit ang actual size kaysa sa nakasaad na sukat.,商品存在质量或使用体验问题。,Filipino,negative,size,2026-03-17T07:10:00+08:00,true
REV000860,PROD0074,SKU00198,ORD000066,BUY00045,3,Sesuai dengan harga; masa penghantaran adalah sederhana.,与价格基本相符，配送速度一般。,Malay,neutral,packaging,2026-03-23T16:48:00+08:00,true
REV000861,PROD0027,SKU00074,ORD000424,BUY00178,4,Maayos gamitin at mas matibay kaysa sa inaasahan ko.,使用顺畅，做工比预期更结实。,Filipino,positive,none,2026-03-25T18:03:00+08:00,true
REV000862,PROD0047,SKU00128,ORD000380,BUY00019,3,Sản phẩm đúng mô tả nhưng phần hoàn thiện khá cơ bản.,功能符合描述，但做工比较普通。,Vietnamese,neutral,none,2026-06-22T00:36:00+08:00,true
REV000863,PROD0040,SKU00107,ORD000391,BUY00168,2,สินค้าใช้ได้ แต่การจัดส่งช้ากว่าที่แจ้งมาก,收到的商品或配送服务未达到预期。,Thai,negative,logistics,2026-06-21T21:54:00+08:00,true
REV000864,PROD0052,SKU00139,ORD000356,BUY00118,5,แพ็กเรียบร้อย สีตรงกับรูป และใช้งานง่าย,使用顺畅，做工比预期更结实。,Thai,positive,none,2026-02-19T05:07:00+08:00,true
REV000865,PROD0095,SKU00249,ORD000027,BUY00085,4,Kích thước phù hợp và chất liệu khá chắc chắn.,日常使用很方便，配送也较快。,Vietnamese,positive,none,2026-05-20T23:39:00+08:00,true
REV000866,PROD0004,SKU00007,ORD000047,BUY00227,3,สินค้าใช้งานได้ตามรายละเอียด แต่งานประกอบค่อนข้างธรรมดา,与价格基本相符，配送速度一般。,Thai,neutral,none,2026-04-29T00:22:00+08:00,true
REV000867,PROD0092,SKU00243,ORD000396,BUY00314,1,"Produk boleh diterima, tetapi penghantaran jauh lebih lewat daripada jangkaan.",商品存在质量或使用体验问题。,Malay,negative,logistics,2026-04-18T14:02:00+08:00,true
REV000868,PROD0062,SKU00165,ORD000082,BUY00209,5,"Pembungkusan kemas, warna sama seperti gambar dan mudah digunakan.",日常使用很方便，配送也较快。,Malay,positive,none,2026-04-04T16:56:00+08:00,true
REV000869,PROD0030,SKU00081,ORD000443,BUY00113,4,Ukuran pas dan bahannya terasa kuat untuk dipakai sehari-hari.,包装整洁，颜色与图片一致，性价比不错。,Indonesian,positive,none,2026-06-15T03:50:00+08:00,true
REV000870,PROD0048,SKU00130,ORD000423,BUY00190,4,Produknya berfungsi baik dan kualitasnya lebih bagus dari perkiraan.,包装整洁，颜色与图片一致，性价比不错。,Indonesian,positive,none,2026-07-05T23:33:00+08:00,true
REV000871,PROD0094,SKU00245,ORD000356,BUY00118,5,คุ้มค่ากับราคา การจัดส่งเร็วกว่าที่คิด,包装整洁，颜色与图片一致，性价比不错。,Thai,positive,none,2026-02-21T14:07:00+08:00,true
REV000872,PROD0047,SKU00126,ORD000160,BUY00055,5,Sản phẩm hoạt động tốt và chất lượng tốt hơn mong đợi.,使用顺畅，做工比预期更结实。,Vietnamese,positive,none,2026-04-01T17:45:00+08:00,true
REV000873,PROD0026,SKU00073,ORD000148,BUY00269,3,"Produk berfungsi seperti diterangkan, tetapi kemasannya biasa sahaja.",与价格基本相符，配送速度一般。,Malay,neutral,none,2026-03-09T15:40:00+08:00,true
REV000874,PROD0020,SKU00055,ORD000012,BUY00315,5,Produk berfungsi dengan baik dan kualitinya memuaskan.,日常使用很方便，配送也较快。,Malay,positive,none,2026-05-16T17:11:00+08:00,true
REV000875,PROD0091,SKU00239,ORD000342,BUY00209,4,"Good value, neat packaging, and the color matches the photos. Overall experience noted.",日常使用很方便，配送也较快。,English,positive,none,2026-06-22T12:52:00+08:00,true
REV000876,PROD0012,SKU00028,ORD000330,BUY00052,5,"Harganya sepadan, pengiriman juga cukup cepat.",包装整洁，颜色与图片一致，性价比不错。,Indonesian,positive,none,2026-01-30T13:17:00+08:00,true
REV000877,PROD0039,SKU00106,ORD000266,BUY00235,5,Sulit sa presyo at mas mabilis dumating kaysa sa inaasahan.,包装整洁，颜色与图片一致，性价比不错。,Filipino,positive,none,2026-03-14T14:09:00+08:00,true
REV000878,PROD0061,SKU00163,ORD000280,BUY00006,5,Easy to use every day; delivery was also quicker than expected. I hope the next batch improves.,包装整洁，颜色与图片一致，性价比不错。,English,positive,none,2026-06-22T19:37:00+08:00,true
REV000879,PROD0036,SKU00099,ORD000336,BUY00173,5,Ukuran pas dan bahannya terasa kuat untuk dipakai sehari-hari.,日常使用很方便，配送也较快。,Indonesian,positive,none,2026-04-05T09:57:00+08:00,true
REV000880,PROD0033,SKU00089,ORD000216,BUY00092,4,Tamang-tama ang sukat at mukhang matibay ang materyal.,使用顺畅，做工比预期更结实。,Filipino,positive,none,2026-03-04T00:38:00+08:00,true
REV000881,PROD0042,SKU00112,ORD000409,BUY00178,5,Ukuran pas dan bahannya terasa kuat untuk dipakai sehari-hari.,日常使用很方便，配送也较快。,Indonesian,positive,none,2026-05-18T16:44:00+08:00,true
REV000882,PROD0097,SKU00255,ORD000322,BUY00098,5,Very practical design. I would recommend it to friends. Overall experience noted.,包装整洁，颜色与图片一致，性价比不错。,English,positive,none,2026-03-07T01:55:00+08:00,true
REV000883,PROD0076,SKU00200,ORD000343,BUY00010,5,สินค้าใช้งานได้ดีและคุณภาพดีกว่าที่คาดไว้,使用顺畅，做工比预期更结实。,Thai,positive,none,2026-05-26T18:26:00+08:00,true
REV000884,PROD0060,SKU00161,ORD000090,BUY00251,4,"Harganya sepadan, pengiriman juga cukup cepat.",包装整洁，颜色与图片一致，性价比不错。,Indonesian,positive,none,2026-01-18T12:56:00+08:00,true
REV000885,PROD0049,SKU00132,ORD000166,BUY00282,2,I received a different variation from the one selected. I hope the next batch improves.,商品存在质量或使用体验问题。,English,negative,wrong_item,2026-02-07T08:19:00+08:00,true
REV000886,PROD0019,SKU00052,ORD000134,BUY00317,4,Easy to use every day; delivery was also quicker than expected. Overall experience noted.,日常使用很方便，配送也较快。,English,positive,none,2026-06-02T08:11:00+08:00,true
REV000887,PROD0058,SKU00154,ORD000300,BUY00248,5,ดีไซน์ใช้งานได้จริง โดยรวมพอใจกับสินค้านี้,包装整洁，颜色与图片一致，性价比不错。,Thai,positive,none,2026-03-31T04:55:00+08:00,true
REV000888,PROD0074,SKU00196,ORD000299,BUY00103,3,Sesuai dengan harga; masa penghantaran adalah sederhana.,功能符合描述，但做工比较普通。,Malay,neutral,none,2026-07-02T06:41:00+08:00,true
REV000889,PROD0017,SKU00046,ORD000306,BUY00128,3,Sản phẩm đúng mô tả nhưng phần hoàn thiện khá cơ bản.,与价格基本相符，配送速度一般。,Vietnamese,neutral,logistics,2026-05-03T00:32:00+08:00,true
REV000890,PROD0063,SKU00169,ORD000424,BUY00178,2,Mas maliit ang actual size kaysa sa nakasaad na sukat.,商品存在质量或使用体验问题。,Filipino,negative,size,2026-04-03T02:03:00+08:00,true
REV000891,PROD0042,SKU00112,ORD000409,BUY00178,4,"Kemasan rapi, warna sesuai foto, dan mudah digunakan.",使用顺畅，做工比预期更结实。,Indonesian,positive,none,2026-05-25T15:44:00+08:00,true
REV000892,PROD0015,SKU00036,ORD000132,BUY00262,3,Gumagana ayon sa description pero simple lang ang finish.,功能符合描述，但做工比较普通。,Filipino,neutral,none,2026-02-05T09:27:00+08:00,true
REV000893,PROD0066,SKU00176,ORD000011,BUY00245,5,Ukuran pas dan bahannya terasa kuat untuk dipakai sehari-hari.,日常使用很方便，配送也较快。,Indonesian,positive,none,2026-02-15T00:26:00+08:00,true
REV000894,PROD0049,SKU00132,ORD000146,BUY00043,5,Easy to use every day; delivery was also quicker than expected. Overall experience noted.,包装整洁，颜色与图片一致，性价比不错。,English,positive,none,2026-03-06T13:21:00+08:00,true
REV000895,PROD0082,SKU00215,ORD000026,BUY00170,5,คุ้มค่ากับราคา การจัดส่งเร็วกว่าที่คิด,包装整洁，颜色与图片一致，性价比不错。,Thai,positive,none,2026-02-19T13:39:00+08:00,true
REV000896,PROD0082,SKU00216,ORD000301,BUY00052,5,แพ็กเรียบร้อย สีตรงกับรูป และใช้งานง่าย,使用顺畅，做工比预期更结实。,Thai,positive,none,2026-04-21T09:09:00+08:00,true
REV000897,PROD0065,SKU00173,ORD000103,BUY00288,4,"Đóng gói gọn gàng, màu giống hình và dễ sử dụng.",包装整洁，颜色与图片一致，性价比不错。,Vietnamese,positive,none,2026-03-11T13:01:00+08:00,true
REV000898,PROD0023,SKU00062,ORD000002,BUY00142,4,Kích thước phù hợp và chất liệu khá chắc chắn.,使用顺畅，做工比预期更结实。,Vietnamese,positive,none,2026-06-23T10:17:00+08:00,true
REV000899,PROD0015,SKU00039,ORD000193,BUY00201,3,Gumagana ayon sa description pero simple lang ang finish.,功能符合描述，但做工比较普通。,Filipino,neutral,none,2026-05-23T05:00:00+08:00,true
REV000900,PROD0015,SKU00037,ORD000431,BUY00239,5,Maayos gamitin at mas matibay kaysa sa inaasahan ko.,日常使用很方便，配送也较快。,Filipino,positive,none,2026-06-13T15:56:00+08:00,true
REV000901,PROD0076,SKU00201,ORD000047,BUY00227,5,แพ็กเรียบร้อย สีตรงกับรูป และใช้งานง่าย,日常使用很方便，配送也较快。,Thai,positive,none,2026-04-22T14:22:00+08:00,true
REV000902,PROD0089,SKU00234,ORD000084,BUY00087,4,Kích thước phù hợp và chất liệu khá chắc chắn.,日常使用很方便，配送也较快。,Vietnamese,positive,none,2026-04-27T03:05:00+08:00,true
REV000903,PROD0091,SKU00239,ORD000001,BUY00155,4,Very practical design. I would recommend it to friends.,日常使用很方便，配送也较快。,English,positive,none,2026-06-21T12:48:00+08:00,true
REV000904,PROD0022,SKU00060,ORD000301,BUY00052,4,แพ็กเรียบร้อย สีตรงกับรูป และใช้งานง่าย,日常使用很方便，配送也较快。,Thai,positive,none,2026-04-12T03:09:00+08:00,true
REV000905,PROD0062,SKU00167,ORD000445,BUY00167,5,Produk berfungsi dengan baik dan kualitinya memuaskan.,日常使用很方便，配送也较快。,Malay,positive,none,2026-05-30T12:12:00+08:00,true
REV000906,PROD0054,SKU00142,ORD000028,BUY00152,5,Produknya berfungsi baik dan kualitasnya lebih bagus dari perkiraan.,日常使用很方便，配送也较快。,Indonesian,positive,none,2026-06-29T20:13:00+08:00,true
REV000907,PROD0025,SKU00066,ORD000005,BUY00110,5,Works smoothly and feels sturdier than expected. Overall experience noted.,使用顺畅，做工比预期更结实。,English,positive,none,2026-02-09T12:57:00+08:00,true
REV000908,PROD0037,SKU00100,ORD000441,BUY00220,5,The finish is clean and the size is exactly right for me.,日常使用很方便，配送也较快。,English,positive,none,2026-05-03T20:38:00+08:00,true
REV000909,PROD0036,SKU00098,ORD000016,BUY00083,5,Produknya berfungsi baik dan kualitasnya lebih bagus dari perkiraan.,日常使用很方便，配送也较快。,Indonesian,positive,none,2026-02-23T22:41:00+08:00,true
REV000910,PROD0087,SKU00231,ORD000048,BUY00296,3,Katanggap-tanggap sa presyo at normal ang tagal ng delivery.,功能符合描述，但做工比较普通。,Filipino,neutral,logistics,2026-04-24T01:51:00+08:00,true
REV000911,PROD0060,SKU00161,ORD000090,BUY00251,5,Produknya berfungsi baik dan kualitasnya lebih bagus dari perkiraan.,包装整洁，颜色与图片一致，性价比不错。,Indonesian,positive,none,2026-01-16T01:56:00+08:00,true
REV000912,PROD0047,SKU00128,ORD000027,BUY00085,3,Sản phẩm đúng mô tả nhưng phần hoàn thiện khá cơ bản.,功能符合描述，但做工比较普通。,Vietnamese,neutral,none,2026-05-21T05:39:00+08:00,true
REV000913,PROD0080,SKU00210,ORD000161,BUY00218,5,Saiz sesuai dan bahan terasa kukuh untuk kegunaan harian.,包装整洁，颜色与图片一致，性价比不错。,Malay,positive,none,2026-01-22T07:10:00+08:00,true
REV000914,PROD0063,SKU00168,ORD000431,BUY00239,5,Sulit sa presyo at mas mabilis dumating kaysa sa inaasahan.,日常使用很方便，配送也较快。,Filipino,positive,none,2026-06-21T03:56:00+08:00,true
REV000915,PROD0057,SKU00151,ORD000378,BUY00028,3,Gumagana ayon sa description pero simple lang ang finish.,与价格基本相符，配送速度一般。,Filipino,neutral,none,2026-04-15T20:10:00+08:00,true
REV000916,PROD0047,SKU00128,ORD000027,BUY00085,2,Chất liệu mỏng hơn so với hình ảnh trên trang sản phẩm.,商品存在质量或使用体验问题。,Vietnamese,negative,material,2026-05-28T18:39:00+08:00,true
REV000917,PROD0067,SKU00180,ORD000221,BUY00103,5,Works smoothly and feels sturdier than expected. Overall experience noted.,包装整洁，颜色与图片一致，性价比不错。,English,positive,none,2026-07-11T20:23:00+08:00,true
REV000918,PROD0078,SKU00204,ORD000245,BUY00219,5,Ukuran pas dan bahannya terasa kuat untuk dipakai sehari-hari.,日常使用很方便，配送也较快。,Indonesian,positive,none,2026-03-09T19:27:00+08:00,true
REV000919,PROD0063,SKU00168,ORD000431,BUY00239,5,Tamang-tama ang sukat at mukhang matibay ang materyal.,包装整洁，颜色与图片一致，性价比不错。,Filipino,positive,none,2026-06-28T19:56:00+08:00,true
REV000920,PROD0023,SKU00062,ORD000002,BUY00142,2,Thời lượng pin ngắn hơn đáng kể so với mong đợi.,问题处理速度较慢，希望改进。,Vietnamese,negative,battery,2026-06-24T09:17:00+08:00,true
REV000921,PROD0073,SKU00194,ORD000473,BUY00218,4,"Good value, neat packaging, and the color matches the photos. This was after several days of use.",使用顺畅，做工比预期更结实。,English,positive,none,2026-04-22T12:43:00+08:00,true
REV000922,PROD0069,SKU00182,ORD000034,BUY00228,4,Praktikal ang disenyo at nasiyahan ako sa produktong ito.,日常使用很方便，配送也较快。,Filipino,positive,none,2026-06-20T14:48:00+08:00,true
REV000923,PROD0098,SKU00258,ORD000381,BUY00112,5,"Pembungkusan kemas, warna sama seperti gambar dan mudah digunakan.",使用顺畅，做工比预期更结实。,Malay,positive,none,2026-03-11T07:26:00+08:00,true
REV000924,PROD0025,SKU00066,ORD000005,BUY00110,5,"Good value, neat packaging, and the color matches the photos. Overall experience noted.",使用顺畅，做工比预期更结实。,English,positive,none,2026-02-16T04:57:00+08:00,true
REV000925,PROD0052,SKU00139,ORD000268,BUY00081,5,สินค้าใช้งานได้ดีและคุณภาพดีกว่าที่คาดไว้,使用顺畅，做工比预期更结实。,Thai,positive,none,2026-07-05T17:47:00+08:00,true
REV000926,PROD0093,SKU00244,ORD000461,BUY00241,2,Mas manipis ang materyal kaysa sa itsura sa listing.,商品存在质量或使用体验问题。,Filipino,negative,material,2026-05-23T13:12:00+08:00,true
REV000927,PROD0038,SKU00101,ORD000083,BUY00292,5,Produk berfungsi dengan baik dan kualitinya memuaskan.,包装整洁，颜色与图片一致，性价比不错。,Malay,positive,none,2026-04-02T15:34:00+08:00,true
REV000928,PROD0087,SKU00230,ORD000034,BUY00228,5,Praktikal ang disenyo at nasiyahan ako sa produktong ito.,日常使用很方便，配送也较快。,Filipino,positive,none,2026-06-16T01:48:00+08:00,true
REV000929,PROD0057,SKU00152,ORD000034,BUY00228,5,"Malinis ang packaging, tugma ang kulay sa larawan, at madaling gamitin.",使用顺畅，做工比预期更结实。,Filipino,positive,none,2026-06-12T17:48:00+08:00,true
REV000930,PROD0018,SKU00048,ORD000214,BUY00272,3,"Produk berfungsi sesuai deskripsi, tetapi finishing-nya biasa saja.",功能符合描述，但做工比较普通。,Indonesian,neutral,logistics,2026-05-14T04:35:00+08:00,true
REV000931,PROD0095,SKU00251,ORD000460,BUY00205,5,Kích thước phù hợp và chất liệu khá chắc chắn.,包装整洁，颜色与图片一致，性价比不错。,Vietnamese,positive,none,2026-01-26T22:37:00+08:00,true
REV000932,PROD0027,SKU00074,ORD000408,BUY00260,5,Praktikal ang disenyo at nasiyahan ako sa produktong ito.,日常使用很方便，配送也较快。,Filipino,positive,none,2026-01-28T22:01:00+08:00,true
REV000933,PROD0027,SKU00075,ORD000367,BUY00085,4,Praktikal ang disenyo at nasiyahan ako sa produktong ito.,日常使用很方便，配送也较快。,Filipino,positive,none,2026-04-08T12:21:00+08:00,true
REV000934,PROD0017,SKU00046,ORD000306,BUY00128,4,"Thiết kế thực tế, tôi hài lòng với sản phẩm này.",包装整洁，颜色与图片一致，性价比不错。,Vietnamese,positive,none,2026-04-27T22:32:00+08:00,true
REV000935,PROD0026,SKU00070,ORD000396,BUY00314,5,"Pembungkusan kemas, warna sama seperti gambar dan mudah digunakan.",使用顺畅，做工比预期更结实。,Malay,positive,none,2026-04-10T22:02:00+08:00,true
REV000936,PROD0081,SKU00214,ORD000266,BUY00235,5,Praktikal ang disenyo at nasiyahan ako sa produktong ito.,日常使用很方便，配送也较快。,Filipino,positive,none,2026-02-27T10:09:00+08:00,true
REV000937,PROD0035,SKU00092,ORD000233,BUY00270,5,"Thiết kế thực tế, tôi hài lòng với sản phẩm này.",使用顺畅，做工比预期更结实。,Vietnamese,positive,none,2026-04-26T07:15:00+08:00,true
REV000938,PROD0046,SKU00125,ORD000257,BUY00154,4,แพ็กเรียบร้อย สีตรงกับรูป และใช้งานง่าย,使用顺畅，做工比预期更结实。,Thai,positive,none,2026-07-07T04:45:00+08:00,true
REV000939,PROD0097,SKU00255,ORD000322,BUY00098,5,Works smoothly and feels sturdier than expected.,日常使用很方便，配送也较快。,English,positive,none,2026-03-20T04:55:00+08:00,true
REV000940,PROD0095,SKU00251,ORD000460,BUY00205,4,"Thiết kế thực tế, tôi hài lòng với sản phẩm này.",使用顺畅，做工比预期更结实。,Vietnamese,positive,none,2026-01-21T05:37:00+08:00,true
REV000941,PROD0098,SKU00256,ORD000066,BUY00045,4,Saiz sesuai dan bahan terasa kukuh untuk kegunaan harian.,日常使用很方便，配送也较快。,Malay,positive,none,2026-04-05T19:48:00+08:00,true
REV000942,PROD0068,SKU00181,ORD000196,BUY00257,5,"Berbaloi dengan harga, penghantaran juga lebih cepat daripada jangkaan.",使用顺畅，做工比预期更结实。,Malay,positive,none,2026-05-30T07:37:00+08:00,true
REV000943,PROD0015,SKU00039,ORD000010,BUY00230,2,Mas maliit ang actual size kaysa sa nakasaad na sukat.,问题处理速度较慢，希望改进。,Filipino,negative,size,2026-02-26T21:38:00+08:00,true
REV000944,PROD0077,SKU00202,ORD000207,BUY00089,5,"Đáng tiền, giao hàng cũng nhanh hơn dự kiến.",使用顺畅，做工比预期更结实。,Vietnamese,positive,none,2026-05-26T17:26:00+08:00,true
REV000945,PROD0087,SKU00230,ORD000293,BUY00292,4,Sulit sa presyo at mas mabilis dumating kaysa sa inaasahan.,使用顺畅，做工比预期更结实。,Filipino,positive,none,2026-05-11T12:46:00+08:00,true
REV000946,PROD0067,SKU00180,ORD000453,BUY00189,5,Easy to use every day; delivery was also quicker than expected. I hope the next batch improves.,日常使用很方便，配送也较快。,English,positive,none,2026-02-11T13:17:00+08:00,true
REV000947,PROD0073,SKU00194,ORD000342,BUY00209,5,The finish is clean and the size is exactly right for me. This was after several days of use.,包装整洁，颜色与图片一致，性价比不错。,English,positive,none,2026-07-02T22:52:00+08:00,true
REV000948,PROD0006,SKU00012,ORD000419,BUY00199,4,"Desain praktis, saya puas dengan pembelian ini.",日常使用很方便，配送也较快。,Indonesian,positive,none,2026-06-16T08:05:00+08:00,true
REV000949,PROD0006,SKU00013,ORD000092,BUY00203,5,Ukuran pas dan bahannya terasa kuat untuk dipakai sehari-hari.,日常使用很方便，配送也较快。,Indonesian,positive,none,2026-06-13T06:30:00+08:00,true
REV000950,PROD0073,SKU00193,ORD000043,BUY00282,4,"Good value, neat packaging, and the color matches the photos. I hope the next batch improves.",日常使用很方便，配送也较快。,English,positive,none,2026-05-19T00:19:00+08:00,true
REV000951,PROD0050,SKU00135,ORD000161,BUY00218,5,"Berbaloi dengan harga, penghantaran juga lebih cepat daripada jangkaan.",包装整洁，颜色与图片一致，性价比不错。,Malay,positive,none,2026-01-27T12:10:00+08:00,true
REV000952,PROD0076,SKU00201,ORD000047,BUY00227,5,ขนาดพอดีและวัสดุดูแข็งแรงสำหรับใช้ทุกวัน,使用顺畅，做工比预期更结实。,Thai,positive,none,2026-05-03T21:22:00+08:00,true
REV000953,PROD0049,SKU00132,ORD000166,BUY00282,4,Easy to use every day; delivery was also quicker than expected. Overall experience noted.,包装整洁，颜色与图片一致，性价比不错。,English,positive,none,2026-02-10T23:19:00+08:00,true
REV000954,PROD0089,SKU00234,ORD000246,BUY00253,4,"Đáng tiền, giao hàng cũng nhanh hơn dự kiến.",使用顺畅，做工比预期更结实。,Vietnamese,positive,none,2026-06-09T09:48:00+08:00,true
REV000955,PROD0085,SKU00226,ORD000270,BUY00287,3,Acceptable for the price; delivery took the usual time. This was after several days of use.,与价格基本相符，配送速度一般。,English,neutral,none,2026-05-01T15:06:00+08:00,true
REV000956,PROD0031,SKU00084,ORD000400,BUY00123,4,"Good value, neat packaging, and the color matches the photos. I hope the next batch improves.",使用顺畅，做工比预期更结实。,English,positive,none,2026-02-04T21:30:00+08:00,true
REV000957,PROD0051,SKU00137,ORD000424,BUY00178,3,Katanggap-tanggap sa presyo at normal ang tagal ng delivery.,功能符合描述，但做工比较普通。,Filipino,neutral,none,2026-03-23T00:03:00+08:00,true
REV000958,PROD0097,SKU00255,ORD000283,BUY00307,5,"Good value, neat packaging, and the color matches the photos. This was after several days of use.",日常使用很方便，配送也较快。,English,positive,none,2026-05-21T04:57:00+08:00,true
REV000959,PROD0011,SKU00025,ORD000103,BUY00288,5,"Đáng tiền, giao hàng cũng nhanh hơn dự kiến.",包装整洁，颜色与图片一致，性价比不错。,Vietnamese,positive,none,2026-03-09T10:01:00+08:00,true
REV000960,PROD0070,SKU00187,ORD000429,BUY00284,3,คุณภาพเหมาะกับราคา ระยะเวลาจัดส่งปกติ,与价格基本相符，配送速度一般。,Thai,neutral,packaging,2026-02-19T23:10:00+08:00,true
REV000961,PROD0081,SKU00213,ORD000408,BUY00260,5,"Malinis ang packaging, tugma ang kulay sa larawan, at madaling gamitin.",日常使用很方便，配送也较快。,Filipino,positive,none,2026-01-25T03:01:00+08:00,true
REV000962,PROD0036,SKU00096,ORD000039,BUY00221,3,"Produk berfungsi sesuai deskripsi, tetapi finishing-nya biasa saja.",功能符合描述，但做工比较普通。,Indonesian,neutral,none,2026-06-23T12:43:00+08:00,true
REV000963,PROD0030,SKU00080,ORD000495,BUY00179,5,"Harganya sepadan, pengiriman juga cukup cepat.",包装整洁，颜色与图片一致，性价比不错。,Indonesian,positive,none,2026-02-05T02:11:00+08:00,true
REV000964,PROD0050,SKU00136,ORD000012,BUY00315,5,"Pembungkusan kemas, warna sama seperti gambar dan mudah digunakan.",包装整洁，颜色与图片一致，性价比不错。,Malay,positive,none,2026-05-22T13:11:00+08:00,true
REV000965,PROD0097,SKU00255,ORD000001,BUY00155,5,"Good value, neat packaging, and the color matches the photos.",包装整洁，颜色与图片一致，性价比不错。,English,positive,none,2026-06-18T16:48:00+08:00,true
REV000966,PROD0039,SKU00105,ORD000150,BUY00064,5,"Malinis ang packaging, tugma ang kulay sa larawan, at madaling gamitin.",使用顺畅，做工比预期更结实。,Filipino,positive,none,2026-01-18T22:18:00+08:00,true
REV000967,PROD0042,SKU00114,ORD000285,BUY00089,5,"Kemasan rapi, warna sesuai foto, dan mudah digunakan.",日常使用很方便，配送也较快。,Indonesian,positive,none,2026-07-05T15:10:00+08:00,true
REV000968,PROD0074,SKU00195,ORD000094,BUY00160,4,Saiz sesuai dan bahan terasa kukuh untuk kegunaan harian.,日常使用很方便，配送也较快。,Malay,positive,none,2026-05-14T04:21:00+08:00,true
REV000969,PROD0013,SKU00030,ORD000322,BUY00098,1,"The item worked at first, but the build quality feels weak. I hope the next batch improves.",问题处理速度较慢，希望改进。,English,negative,product_quality,2026-03-05T19:55:00+08:00,true
REV000970,PROD0082,SKU00216,ORD000429,BUY00284,3,คุณภาพเหมาะกับราคา ระยะเวลาจัดส่งปกติ,与价格基本相符，配送速度一般。,Thai,neutral,none,2026-02-06T12:10:00+08:00,true
REV000971,PROD0058,SKU00154,ORD000429,BUY00284,5,แพ็กเรียบร้อย สีตรงกับรูป และใช้งานง่าย,使用顺畅，做工比预期更结实。,Thai,positive,none,2026-02-17T07:10:00+08:00,true
REV000972,PROD0015,SKU00039,ORD000193,BUY00201,5,"Malinis ang packaging, tugma ang kulay sa larawan, at madaling gamitin.",使用顺畅，做工比预期更结实。,Filipino,positive,none,2026-06-07T06:00:00+08:00,true
REV000973,PROD0086,SKU00227,ORD000259,BUY00046,5,Produk berfungsi dengan baik dan kualitinya memuaskan.,使用顺畅，做工比预期更结实。,Malay,positive,none,2026-05-12T17:56:00+08:00,true
REV000974,PROD0047,SKU00128,ORD000380,BUY00019,5,"Thiết kế thực tế, tôi hài lòng với sản phẩm này.",包装整洁，颜色与图片一致，性价比不错。,Vietnamese,positive,none,2026-07-10T00:36:00+08:00,true
REV000975,PROD0081,SKU00214,ORD000266,BUY00235,3,Katanggap-tanggap sa presyo at normal ang tagal ng delivery.,与价格基本相符，配送速度一般。,Filipino,neutral,logistics,2026-03-15T00:09:00+08:00,true
REV000976,PROD0063,SKU00170,ORD000191,BUY00234,3,Gumagana ayon sa description pero simple lang ang finish.,功能符合描述，但做工比较普通。,Filipino,neutral,none,2026-07-06T15:32:00+08:00,true
REV000977,PROD0001,SKU00001,ORD000271,BUY00224,3,Acceptable for the price; delivery took the usual time. I hope the next batch improves.,与价格基本相符，配送速度一般。,English,neutral,packaging,2026-06-18T19:09:00+08:00,true
REV000978,PROD0027,SKU00074,ORD000424,BUY00178,5,Tamang-tama ang sukat at mukhang matibay ang materyal.,日常使用很方便，配送也较快。,Filipino,positive,none,2026-04-08T01:03:00+08:00,true
REV000979,PROD0036,SKU00096,ORD000487,BUY00194,5,Produknya berfungsi baik dan kualitasnya lebih bagus dari perkiraan.,包装整洁，颜色与图片一致，性价比不错。,Indonesian,positive,none,2026-02-22T03:43:00+08:00,true
REV000980,PROD0019,SKU00052,ORD000141,BUY00177,4,The finish is clean and the size is exactly right for me. Overall experience noted.,使用顺畅，做工比预期更结实。,English,positive,none,2026-02-04T20:42:00+08:00,true
REV000981,PROD0053,SKU00140,ORD000488,BUY00006,4,Kích thước phù hợp và chất liệu khá chắc chắn.,包装整洁，颜色与图片一致，性价比不错。,Vietnamese,positive,none,2026-06-28T09:19:00+08:00,true
REV000982,PROD0042,SKU00114,ORD000317,BUY00234,4,Produknya berfungsi baik dan kualitasnya lebih bagus dari perkiraan.,日常使用很方便，配送也较快。,Indonesian,positive,none,2026-01-21T14:11:00+08:00,true
REV000983,PROD0024,SKU00065,ORD000336,BUY00173,2,Daya tahan baterai lebih singkat dari yang diharapkan.,问题处理速度较慢，希望改进。,Indonesian,negative,battery,2026-04-18T15:57:00+08:00,true
REV000984,PROD0065,SKU00175,ORD000306,BUY00128,4,"Thiết kế thực tế, tôi hài lòng với sản phẩm này.",日常使用很方便，配送也较快。,Vietnamese,positive,none,2026-04-26T22:32:00+08:00,true
REV000985,PROD0035,SKU00092,ORD000074,BUY00017,4,Kích thước phù hợp và chất liệu khá chắc chắn.,日常使用很方便，配送也较快。,Vietnamese,positive,none,2026-03-24T03:04:00+08:00,true
REV000986,PROD0055,SKU00146,ORD000170,BUY00016,4,"Good value, neat packaging, and the color matches the photos.",包装整洁，颜色与图片一致，性价比不错。,English,positive,none,2026-03-26T20:04:00+08:00,true
REV000987,PROD0017,SKU00046,ORD000447,BUY00178,5,"Thiết kế thực tế, tôi hài lòng với sản phẩm này.",日常使用很方便，配送也较快。,Vietnamese,positive,none,2026-05-29T19:01:00+08:00,true
REV000988,PROD0049,SKU00133,ORD000177,BUY00246,5,The finish is clean and the size is exactly right for me. I hope the next batch improves.,使用顺畅，做工比预期更结实。,English,positive,none,2026-05-09T06:48:00+08:00,true
REV000989,PROD0096,SKU00253,ORD000439,BUY00123,5,"Kemasan rapi, warna sesuai foto, dan mudah digunakan.",使用顺畅，做工比预期更结实。,Indonesian,positive,none,2026-01-30T18:22:00+08:00,true
REV000990,PROD0087,SKU00228,ORD000068,BUY00031,5,Sulit sa presyo at mas mabilis dumating kaysa sa inaasahan.,日常使用很方便，配送也较快。,Filipino,positive,none,2026-06-12T21:20:00+08:00,true
REV000991,PROD0031,SKU00084,ORD000296,BUY00290,5,Works smoothly and feels sturdier than expected. I hope the next batch improves.,包装整洁，颜色与图片一致，性价比不错。,English,positive,none,2026-01-28T10:03:00+08:00,true
REV000992,PROD0070,SKU00184,ORD000258,BUY00038,4,คุ้มค่ากับราคา การจัดส่งเร็วกว่าที่คิด,日常使用很方便，配送也较快。,Thai,positive,none,2026-07-11T00:13:00+08:00,true
REV000993,PROD0082,SKU00215,ORD000026,BUY00170,5,ดีไซน์ใช้งานได้จริง โดยรวมพอใจกับสินค้านี้,使用顺畅，做工比预期更结实。,Thai,positive,none,2026-02-18T01:39:00+08:00,true
REV000994,PROD0088,SKU00232,ORD000348,BUY00297,4,แพ็กเรียบร้อย สีตรงกับรูป และใช้งานง่าย,使用顺畅，做工比预期更结实。,Thai,positive,none,2026-05-22T18:32:00+08:00,true
REV000995,PROD0093,SKU00244,ORD000461,BUY00241,2,Simple lang ang problema pero matagal bago nakakuha ng malinaw na sagot.,商品存在质量或使用体验问题。,Filipino,negative,customer_service,2026-05-19T08:12:00+08:00,true
REV000996,PROD0073,SKU00194,ORD000177,BUY00246,5,Very practical design. I would recommend it to friends. This was after several days of use.,日常使用很方便，配送也较快。,English,positive,none,2026-05-09T02:48:00+08:00,true
REV000997,PROD0062,SKU00167,ORD000220,BUY00091,2,Jangka hayat bateri lebih pendek daripada jangkaan.,商品存在质量或使用体验问题。,Malay,negative,battery,2026-03-05T14:12:00+08:00,true
REV000998,PROD0038,SKU00103,ORD000082,BUY00209,2,Bahan terasa lebih nipis daripada yang kelihatan dalam senarai.,问题处理速度较慢，希望改进。,Malay,negative,material,2026-03-27T08:56:00+08:00,true
REV000999,PROD0012,SKU00028,ORD000330,BUY00052,3,Cukup sesuai harga; waktu pengiriman standar.,与价格基本相符，配送速度一般。,Indonesian,neutral,none,2026-01-26T01:17:00+08:00,true
REV001000,PROD0049,SKU00132,ORD000146,BUY00043,4,Very practical design. I would recommend it to friends. Overall experience noted.,使用顺畅，做工比预期更结实。,English,positive,none,2026-03-08T05:21:00+08:00,true
